<?xml version="1.0" encoding="UTF-8"?>
<!DOCTYPE mapper   PUBLIC "-//mybatis.org//DTD Mapper 3.0//EN" "http://mybatis.org/dtd/mybatis-3-mapper.dtd">

<mapper namespace="isecMailSearchDao"> 
	<select id="isecMailSearchDao.retrieveIsecMailSearch" resultType="ohMap">		
    <![CDATA[
        ${queryId}
         SELECT A.SEND_DT
               ,A.ORGN_NM
               ,A.EMPNO
               ,A.USR_NM
               ,B.JOBRS_GBN_NM
               ,A.SENDER_EMAIL
               ,A.HEADER_SUBJECT
               ,A.RECEIVER_EMAIL
               ,A.ATTACH_FILE
               ,A.HRNK_EMPNO
               ,A.HRNK_USR_NM
               ,A.RGT_DATE
           FROM OUTBOUND_OWN.OUTBOUND_RESULT_LOG A
                LEFT OUTER JOIN OAS_APP.VW_OHR003 B ON A.EMPNO   = B.EMPNO   AND '1000' = B.CORP_CD
          WHERE 1=1
            AND A.OUTBOUND_TYPE = '1_SPAM'
            AND A.SEND_DT BETWEEN TRUNC(TO_DATE(#{bizDtSt},'YYYYMMDD')) AND TRUNC(TO_DATE(#{bizDtEd},'YYYYMMDD'))
    ]]>
        <if test="empNo != null and empNo !=''">
           AND A.EMPNO = #{empNo}
        </if>
        <if test="deptNo != null and deptNo !=''">
           AND B.ORGN_CD = #{deptNo}
        </if>
          ORDER BY A.SEND_DT, A.ORGN_NM, A.EMPNO
    </select>
    
	<select id="isecMailSearchDao.retrieveIsecUploadFile" resultType="ohMap">		
    <![CDATA[
        ${queryId}
         SELECT A.SEND_DT
               ,A.ORGN_NM
               ,A.EMPNO
               ,A.USR_NM
               ,B.JOBRS_GBN_NM
               ,A.OUTFLOWTYPENM
               ,A.FILEPATH
               ,A.HOST
               ,A.ATTACH_FILE
               ,A.HRNK_EMPNO
               ,A.HRNK_USR_NM
               ,A.RGT_DATE
           FROM OUTBOUND_OWN.OUTBOUND_RESULT_LOG A
                LEFT OUTER JOIN OAS_APP.VW_OHR003 B ON A.EMPNO   = B.EMPNO   AND '1000' = B.CORP_CD
          WHERE 1=1
            AND A.OUTBOUND_TYPE = '2_KESS'
            AND A.SEND_DT BETWEEN TRUNC(TO_DATE(#{bizDtSt},'YYYYMMDD')) AND TRUNC(TO_DATE(#{bizDtEd},'YYYYMMDD'))
    ]]>
        <if test="empNo != null and empNo !=''">
           AND A.EMPNO = #{empNo}
        </if>
        <if test="deptNo != null and deptNo !=''">
           AND B.ORGN_CD = #{deptNo}
        </if>
          ORDER BY A.SEND_DT, A.ORGN_NM, A.EMPNO
    </select>
    
	<select id="isecMailSearchDao.retrieveUserAcesslog" resultType="ohMap">		
    <![CDATA[ 
        ${queryId}     
         SELECT A.SYS_GBN     
               ,A.EAI_SEQ_ID  
               ,A.MEMBER_ID      
               ,A.USER_ID      
               ,A.USER_NAME   
               ,TO_CHAR(A.LOG_DATE,'YYYY-MM-DD HH24:MI:SS') LOG_DATE     
               ,A.CLIENT_IP      
               ,A.SEARCH_GBN      
               ,A.MENU_ID      
               ,A.MENU_NAME   
               ,A.TARGET_ID    
               ,A.TARGET_NAME     
               ,A.ACT_CODE      
               ,A.ACT_NAME      
               ,A.SUB_CODE     
               ,A.SUB_NAME      
               ,A.EXCEL_REASON     
               ,A.BIGO     
               ,A.SYS_DATE    
               ,A.IF_REC_DATE
           FROM ITSM_INF.IF_LOG_LOGIN_R A
          WHERE LOG_DATE BETWEEN TO_DATE(#{bizDtSt}||'000000','YYYYMMDDHH24MISS') AND TO_DATE(#{bizDtEd}||'235959','YYYYMMDDHH24MISS')
            AND SYS_GBN = #{sysgbn}
            AND SEARCH_GBN = #{searchgbn}
       ORDER BY LOG_DATE     
      ]]>
    </select>    
</mapper>
