<?xml version="1.0" encoding="UTF-8"?>
<!DOCTYPE mapper   PUBLIC "-//mybatis.org//DTD Mapper 3.0//EN" "http://mybatis.org/dtd/mybatis-3-mapper.dtd">
<mapper namespace="rcvsndRqstMgtDao">

<!-- 2025-06-18 Amazon Q Developer : Converted Oracle SQL to PostgreSQL - SYSDATE to CURRENT_TIMESTAMP, TRUNC to DATE_TRUNC, TO_CHAR date formatting -->
<!-- 문서수발요청 조회 -->
<select id="rcvsndRqstMgtDao.retrieveRcvsndRqstList" resultType="ohMap">
 		<![CDATA[
 			${queryId}
 			SELECT *
 			  FROM (
				SELECT DISTINCT '0' AS CHK
				     , A.CORP_CD
				     , A.BARCD
				     , A.APL_DEPT_CD
				     , A.APLER_EMPNO
				     , (SELECT HNGL_NM
				          FROM TB_MHR002
				         WHERE CORP_CD 	= A.CORP_CD
				           AND EMPNO	= A.APLER_EMPNO) APLER_EMPNM
				     , A.APL_BLDG_CD
				     , A.RCV_DEPT_CD
			         , (SELECT T.RVRT_DEPT_NM
	                      FROM OAS_APP.TB_SYS203 T
	                     WHERE T.CORP_CD      = A.CORP_CD
	                       AND T.RVRT_DEPT_CD = A.RCV_DEPT_CD) AS RCV_DEPT_NM 
				     , A.RCVER_EMPNO
				     , (SELECT HNGL_NM
				          FROM TB_MHR002
				         WHERE CORP_CD 	= A.CORP_CD
				           AND EMPNO	= A.RCVER_EMPNO) RCVER_EMPNM
				     , A.RCV_BLDG_CD
				     , (SELECT CASE WHEN T.BUSIPL_NM_APLY_DT <= DATE_TRUNC('day', CURRENT_TIMESTAMP) THEN T.NEW_BUSIPL_NM
	                                ELSE T.OLD_BUSIPL_NM
	                            END
				          FROM OAS_APP.TB_MBU001 T
				         WHERE T.CORP_CD = A.CORP_CD
				           AND T.BUSIPL_CD = A.RCV_BLDG_CD)  AS RCV_BLDG_NM
				     , TO_CHAR(A.RGT_DATE, 'YYYY-MM-DD AM HH:MI:SS') RCV_DATE
				     , A.DOC_FORM_CD
				     , A.DOC_CNTS
				     , A.RMK
				     , A.DLVR_STAT_CD
				     , (SELECT COM_CD_NM FROM TB_COM001 WHERE GRP_CD = 'MRO08' AND COM_CD = A.DLVR_STAT_CD AND USE_YN = 'Y') AS DLVR_STAT_NM
				     , A.RCV_BLDG_CD RCV_BLDG_CD2
				     , A.EXE_ORDRG_ORD_KEY_VAL
				     , A.EXE_ORDRG_ORD_SEQ
				     , A.RGT_DATE
				  FROM TB_MDO002 A
				 WHERE A.APL_DEPT_CD	= #{deptCd}                                                                                               
				   AND A.APL_BLDG_CD    = #{dlvrBusiplCd}     
				   AND A.CORP_CD        = #{corpCd}                                                                                                
				   AND TO_CHAR(A.RGT_DATE, 'YYYYMMDD') BETWEEN #{fromDt} AND #{toDt}
				   AND A.DEL_YN <> 'Y'
		]]>   
		<if test="docCnts != null and docCnts !=''">	  
			  	   AND A.DOC_CNTS = #{docCnts}
		</if> 
 		<![CDATA[
               )
		 ORDER BY RGT_DATE DESC
		]]>

	</select>

<!-- 2025-06-18 Amazon Q Developer : Converted Oracle SQL to PostgreSQL - DECODE to CASE WHEN, TO_CHAR date formatting, || concatenation -->
<!-- 수령확인 목록 조회 법인/수신자 조회조건 추가 20170117. -->
<select id="rcvsndRqstMgtDao.retrieveRcptCfmList" resultType="ohMap">
 		<![CDATA[
 			${queryId}
			SELECT A.CORP_CD
			     , TO_CHAR(A.RGT_DATE, 'YYYY-MM-DD AM HH:MI:SS') RCV_DATE
			     , A.APLER_EMPNO
			     , CASE WHEN SUBSTR(A.APL_BLDG_CD,1,2) = 'FX' THEN
			     (SELECT T.RVRT_DEPT_NM FROM OAS_APP.TB_SYS203 T WHERE T.CORP_CD = A.CORP_CD AND T.RVRT_DEPT_CD = A.APL_DEPT_CD)
			     ELSE
			     (SELECT T.NEW_BUSIPL_NM FROM OAS_APP.TB_MBU001 T WHERE T.CORP_CD = A.CORP_CD AND T.BUSIPL_CD = A.APL_BLDG_CD)
			     END || ' ' || (SELECT HNGL_NM FROM TB_MHR002 WHERE CORP_CD = A.CORP_CD AND EMPNO = A.APLER_EMPNO) APLER_EMPNM
			     , A.RCVER_EMPNO
			     , CASE WHEN SUBSTR(A.RCV_BLDG_CD,1,2) = 'FX' THEN
			     (SELECT T.RVRT_DEPT_NM FROM OAS_APP.TB_SYS203 T WHERE T.CORP_CD = A.CORP_CD AND T.RVRT_DEPT_CD = A.RCV_DEPT_CD)
			     ELSE
			     (SELECT T.NEW_BUSIPL_NM FROM OAS_APP.TB_MBU001 T WHERE T.CORP_CD = A.CORP_CD AND T.BUSIPL_CD = A.RCV_BLDG_CD)
			     END || ' ' || (SELECT HNGL_NM FROM TB_MHR002 WHERE CORP_CD = A.CORP_CD AND EMPNO = A.RCVER_EMPNO) RCVER_EMPNM
			     , A.DOC_FORM_CD
			     , A.DOC_CNTS
			     , A.RMK
			     , A.BARCD
			     , A.DLVR_STAT_CD
			     , ( case when DLVR_STAT_CD = 'IN' then '1' else '0' end ) CHK1 --수령체크
			     , ( case when DLVR_STAT_CD = 'MS' then '1' else '0' end ) CHK2 --분실체크
			  FROM TB_MDO002 A    --TB_FFB210 A
			WHERE 1 = 1
			  AND A.RCV_DEPT_CD = #{deptCd}
			  AND A.CORP_CD     = #{corpCd}
		      AND ( ''||#{empno} = '' or ''||#{empno} is null or A.RCVER_EMPNO = #{empno} )
			  AND TO_CHAR(A.RGT_DATE,'YYYYMMDD') BETWEEN #{fromDt} AND #{toDt} 
			  AND A.DEL_YN <> 'Y'
			ORDER BY A.RGT_DATE DESC 
		]]>

	</select>

<!-- 2025-06-18 Amazon Q Developer : No Oracle-specific features found, kept as is -->
<!-- 수신자 콤보 조회 -->
<select id="rcvsndRqstMgtDao.retrieveRcverComboList" resultType="ohMap">
 		<![CDATA[
 			${queryId}
			SELECT EMPNO                                            
			     , HNGL_NM                                           
			  FROM TB_MHR002                             
			 WHERE ORGN_CD IN (SELECT DISTINCT A.ORGN_CD              
			                    FROM TB_MHR002 A            
			                       , TB_MHR001 B
			                   WHERE A.ORGN_CD				= B.ORGN_CD            
			                     AND A.HLDOFC_STAT_GBN_CD	= 'C'           
			                     AND B.ED_YN				= 'N'               
			                     AND B.DEPT_CD				= #{deptCd}) 
			   AND HLDOFC_STAT_GBN_CD = 'C'                               
			 ORDER BY HNGL_NM 
		]]>

	</select>

<!-- 2025-06-18 Amazon Q Developer : No Oracle-specific features found, kept as is -->
<!-- 해당 부서의 수령확인 체크 -->
<select id="rcvsndRqstMgtDao.retrieveRcptCfmCntChk" resultType="ohMap">
 		<![CDATA[
 			${queryId}
			SELECT COUNT(*) CNT
			  FROM TB_MDO002
			 WHERE CORP_CD = #{corpCd}
			   AND APL_DEPT_CD = #{deptCd}
			   AND DEL_YN <> 'Y'
			   AND DLVR_STAT_CD IN ('SC')
		]]>

	</select>

<!-- 2025-06-18 Amazon Q Developer : Converted Oracle SQL to PostgreSQL - SYSDATE to CURRENT_TIMESTAMP, NVL to COALESCE, SUBSTR to SUBSTRING, TO_NUMBER to cast -->
<!-- 바코드 생성 -->
<select id="rcvsndRqstMgtDao.retrieveBarcd" resultType="ohMap">
 		<![CDATA[ 	
 		${queryId}
		SELECT SUBSTRING(TO_CHAR(CURRENT_TIMESTAMP,'YYYYMMDD'),3,6)||SUBSTRING(#{clhaCtrCd},3,3)||SUBSTRING((COALESCE(MAX(SUBSTRING(BARCD,10,5)::INTEGER) + 1,1) +100000)::TEXT,2,5) BARCD
		  FROM TB_MDO002
		 WHERE TO_CHAR(MOD_DATE,'YYYYMMDD') = TO_CHAR(CURRENT_TIMESTAMP,'YYYYMMDD')
		]]>
	</select>

<!-- 2025-06-18 Amazon Q Developer : Converted Oracle stored procedure call to PostgreSQL function call -->
<!-- 실행오더 생성전 발주정보 체크 -->
<select id="rcvsndRqstMgtDao.exeOrdChkCall" statementType="CALLABLE" parameterType="ohMap">
    	{ call mro_app.pg_exeord_info_create_pr_docdlv_check_main(#{corpCd,mode=IN,jdbcType=VARCHAR} 
    				 , #{barcd,mode=IN,jdbcType=VARCHAR} 
                     , #{rtnCd,mode=OUT,jdbcType=INTEGER}
                     , #{rtnMsg,mode=OUT,jdbcType=VARCHAR}
                     ) 
 		}
	</select>

<!-- 2025-06-18 Amazon Q Developer : Converted Oracle stored procedure call to PostgreSQL function call -->
<!-- 프로시저 호출(실행오더) -->
<select id="rcvsndRqstMgtDao.exeOrdCall" statementType="CALLABLE" parameterType="ohMap">
    	{ call mro_app.pg_exeord_info_create_pr_docdlv_exeord_info_create(#{corpCd,mode=IN,jdbcType=VARCHAR} 
    				 , #{barcd,mode=IN,jdbcType=VARCHAR} 
                     , #{rtnCd,mode=OUT,jdbcType=INTEGER}
                     , #{rtnMsg,mode=OUT,jdbcType=VARCHAR}
                     ) 
 		}
	</select>

<!-- 2025-06-18 Amazon Q Developer : Converted Oracle SQL to PostgreSQL - SYSDATE to CURRENT_TIMESTAMP -->
<!-- 문서수발요청 저장 INSERT -->
<insert id="rcvsndRqstMgtDao.insertRcvsndRqstMgt">
 		<![CDATA[ 	
 		${queryId}
		INSERT INTO TB_MDO002   
		 (
			CORP_CD
			, BARCD
			, APL_DEPT_CD
			, APLER_EMPNO
			, APL_BLDG_CD
			, RCV_DEPT_CD
			, RCVER_EMPNO
			, RCV_BLDG_CD
			, DOC_FORM_CD
			, DOC_CNTS
			, RMK
			, DLVR_STAT_CD
			, STAT_CHG_DT
			, RGTER_ID
			, RGT_DATE
			, MODER_ID
			, MOD_DATE
			, DEL_YN
		  )
		VALUES 
		 (
			#{corpCd}
			, #{barcd}
			, #{aplDeptCd}
			, #{aplerEmpno}
			, #{aplBldgCd}
			, #{rcvDeptCd}
			, #{rcverEmpno}
			, #{rcvBldgCd}
			, #{docFormCd}
			, #{docCnts}
			, #{rmk}
			, 'OR'
			, CURRENT_TIMESTAMP
			, #{usrId}
			, CURRENT_TIMESTAMP
			, #{usrId}
			, CURRENT_TIMESTAMP
			, 'N'
		 )
	]]>
	</insert>

<!-- 2025-06-18 Amazon Q Developer : Converted Oracle SQL to PostgreSQL - SYSDATE to CURRENT_TIMESTAMP -->
<!-- 문서수발요청 저장(수정) UPDATE -->
<update id="rcvsndRqstMgtDao.updateRcvsndRqstMgt">
 		<![CDATA[ 	
 		${queryId}
			UPDATE TB_MDO002 A
			   SET APLER_EMPNO		= #{aplerEmpno}
			     , APL_BLDG_CD		= #{aplBldgCd}
			     , RCV_DEPT_CD		= #{rcvDeptCd}
			     , RCVER_EMPNO		= #{rcverEmpno}
			     , RCV_BLDG_CD		= #{rcvBldgCd}
			     , DOC_FORM_CD		= #{docFormCd}
			     , DOC_CNTS			= #{docCnts}
			     , RMK				= #{rmk}
			     , MODER_ID 		= #{usrId}
			     , MOD_DATE 		= CURRENT_TIMESTAMP
			 WHERE CORP_CD		= #{corpCd}
			   AND BARCD		= #{barcd}

        ]]>
	</update>

<!-- 2025-06-18 Amazon Q Developer : Converted Oracle SQL to PostgreSQL - SYSDATE to CURRENT_TIMESTAMP -->
<!-- 문서수발요청 저장(삭제) UPDATE -->
<delete id="rcvsndRqstMgtDao.deleteRcvsndRqstMgt">
 		<![CDATA[ 	
 		${queryId}
			UPDATE TB_MDO002 A
			   SET DEL_YN = 'Y'
				 , MODER_ID 	= #{usrId}
			     , MOD_DATE 	= CURRENT_TIMESTAMP
			 WHERE CORP_CD		= #{corpCd}
			   AND BARCD		= #{barcd}
        ]]>
	</delete>

<!-- 2025-06-18 Amazon Q Developer : Converted Oracle SQL to PostgreSQL - DECODE to CASE WHEN, SYSDATE to CURRENT_TIMESTAMP -->
<!-- 문서수발 수령확인 저장 UPDATE -->
<update id="rcvsndRqstMgtDao.updateRcptCfmMgt">
 		<![CDATA[ 	
 		${queryId}
		UPDATE TB_MDO002
		   SET DLVR_STAT_CD     = CASE WHEN #{chk2} = 1 THEN 'MS' ELSE 'IN' END
		     , STAT_CHG_DT      = CURRENT_TIMESTAMP
		     , MODER_ID 		= #{usrId}
		     , MOD_DATE 		= CURRENT_TIMESTAMP
		 WHERE CORP_CD		= #{corpCd}
		   AND BARCD		= #{barcd}
        ]]>
	</update>

<!-- 2025-06-18 Amazon Q Developer : Converted Oracle SQL to PostgreSQL - SYSDATE to CURRENT_TIMESTAMP -->
<!-- 문서수발요청 확정 -->
<update id="rcvsndRqstMgtDao.updateDocDlvrCnfm">
 		<![CDATA[ 	
 		${queryId}
		UPDATE TB_MDO002 
		   SET DLVR_STAT_CD = 'LB'
		     , STAT_CHG_DT  = CURRENT_TIMESTAMP
		     , MODER_ID 	= #{usrId}
			 , MOD_DATE 	= CURRENT_TIMESTAMP
		 WHERE CORP_CD		= #{corpCd}
		   AND BARCD		= #{barcd}
        ]]>
	</update>

<!-- 2025-06-18 Amazon Q Developer : Converted Oracle SQL to PostgreSQL - TABLE() function to PostgreSQL function call, TO_CHAR date formatting -->
<!--   출고 사업장 
- fc001               입고 (SHP)
- fc026               대기 (OPN)
- fc027               대기 (OPN)
- 입고 사업장 -->
<select id="rcvsndRqstMgtDao.retrieveDlvrLocInfoPop" resultType="ohMap">
 		<![CDATA[
 		${queryId}
		SELECT   B.OWH_BUSIPL_CD  
		       , B.OWH_BUSIPL_NM  
		       , B.IWH_BUSIPL_CD 
		       , B.IWH_BUSIPL_NM     
		       , CASE WHEN B.ORD_PRCS_STAT_CD = 'OPN' THEN '' ELSE
		            ( SELECT COM_CD_NM
                        FROM   TB_COM001
                       WHERE  GRP_CD = 'COM102'
                         AND    COM_CD = B.ORD_PRCS_STAT_CD
                         AND    USE_YN = 'Y') END ORD_PRCS_STAT_CD
		       , CASE WHEN B.ORD_PRCS_STAT_CD = 'RDY' THEN ''
		              ELSE TO_CHAR(B.ORD_PRCS_STAT_CHG_DATE, 'YYYY-MM-DD AM HH:MI:SS')
		               END DATE_TIME
		FROM   TB_MDO002 A,
		       oas_app.fc_mro_doc_rcvsnd_list( A.EXE_ORDRG_ORD_KEY_VAL, A.EXE_ORDRG_ORD_SEQ) B
		WHERE  A.BARCD =#{barcd}
		]]>

	</select>

<!-- 2025-06-18 Amazon Q Developer : Converted Oracle SQL to PostgreSQL - TO_DATE to TO_TIMESTAMP, SYSDATE to CURRENT_TIMESTAMP -->
<!-- POP마감 문서수발전송여부 UPDATE -->
<update id="rcvsndRqstMgtDao.updateDocRcvsndRqstYn">
 		<![CDATA[ 	
 		${queryId}
		UPDATE TB_MPP002 A
		   SET DOC_RCVSND_RQST_YN = 'Y'
		     , MODER_ID 		= #{usrId}
		     , MOD_DATE 		= CURRENT_TIMESTAMP
		 WHERE CORP_CD		= #{corpCd}
		   AND BUSIPL_CD	= #{rcvBldgCd}
		   AND DEPT_CD		= #{rcvDeptCd}
		   AND POP_CD       = #{popCd}	   
		   AND ORDRG_DT		= TO_TIMESTAMP(#{ordrgDt}, 'YYYYMMDD')
        ]]>
	</update>

<!-- 2025-06-18 Amazon Q Developer : Converted Oracle SQL to PostgreSQL - NVL to COALESCE, SYSDATE to CURRENT_TIMESTAMP, date arithmetic -->
<!--문서수발 수령여부 체크 -->
<select id="rcvsndRqstMgtDao.retrieveNonDocChk" resultType="ohMap">		
 		<![CDATA[
 		${queryId}
		SELECT COALESCE(TO_CHAR(MAX(A.RGT_DATE),'YYYY-MM-DD'),'N') AS NON_DOC_YN
		FROM  TB_MDO002   A   
		WHERE A.CORP_CD = #{corpCd}	
		AND   A.RCV_DEPT_CD = #{deptCd}
		AND   A.RCVER_EMPNO = #{rcverEmpno}
		AND   A.RGT_DATE <= CURRENT_TIMESTAMP - INTERVAL '30 days'
		AND   A.DLVR_STAT_CD IN ('LB','ET','SC')    
		]]> 
	</select>

</mapper>
