<?xml version="1.0" encoding="UTF-8"?>
<!DOCTYPE mapper   PUBLIC "-//mybatis.org//DTD Mapper 3.0//EN" "http://mybatis.org/dtd/mybatis-3-mapper.dtd">

<mapper namespace="rcvsndRqstMgtDao">

	<!-- 문서수발요청 조회 -->
	<select id="rcvsndRqstMgtDao.retrieveRcvsndRqstList" resultType="ohMap">
 		<![CDATA[
 			${queryId}
 			SELECT *
 			  FROM (
				SELECT DISTINCT '0' AS CHK
				     , A.CORP_CD
				     , A.BARCD
				     , A.APL_DEPT_CD
				     , A.APLER_EMPNO
				     , (SELECT HNGL_NM
				          FROM TB_MHR002
				         WHERE CORP_CD 	= A.CORP_CD
				           AND EMPNO	= A.APLER_EMPNO) APLER_EMPNM
				     , A.APL_BLDG_CD
				     , A.RCV_DEPT_CD
			         , (SELECT T.RVRT_DEPT_NM
	                      FROM OAS_APP.TB_SYS203 T
	                     WHERE T.CORP_CD      = A.CORP_CD
	                       AND T.RVRT_DEPT_CD = A.RCV_DEPT_CD) AS RCV_DEPT_NM 
				     , A.RCVER_EMPNO
				     , (SELECT HNGL_NM
				          FROM TB_MHR002
				         WHERE CORP_CD 	= A.CORP_CD
				           AND EMPNO	= A.RCVER_EMPNO) RCVER_EMPNM
				     , A.RCV_BLDG_CD
				     , (SELECT CASE WHEN T.BUSIPL_NM_APLY_DT <= TRUNC(SYSDATE) THEN T.NEW_BUSIPL_NM
	                                ELSE T.OLD_BUSIPL_NM
	                            END
				          FROM OAS_APP.TB_MBU001 T
				         WHERE T.CORP_CD = A.CORP_CD
				           AND T.BUSIPL_CD = A.RCV_BLDG_CD)  AS RCV_BLDG_NM
				     , TO_CHAR(A.RGT_DATE, 'YYYY-MM-DD AM HH:MI:SS') RCV_DATE
				     , A.DOC_FORM_CD
				     , A.DOC_CNTS
				     , A.RMK
				     , A.DLVR_STAT_CD
				     , (SELECT COM_CD_NM FROM TB_COM001 WHERE GRP_CD = 'MRO08' AND COM_CD = A.DLVR_STAT_CD AND USE_YN = 'Y') AS DLVR_STAT_NM
				     , A.RCV_BLDG_CD RCV_BLDG_CD2
				     , A.EXE_ORDRG_ORD_KEY_VAL
				     , A.EXE_ORDRG_ORD_SEQ
				     , A.RGT_DATE
				  FROM TB_MDO002 A
				 WHERE A.APL_DEPT_CD	= #{deptCd}                                                                                               
				   AND A.APL_BLDG_CD    = #{dlvrBusiplCd}     
				   AND A.CORP_CD        = #{corpCd}                                                                                                
				   AND TO_CHAR(A.RGT_DATE, 'YYYYMMDD') BETWEEN #{fromDt} AND #{toDt}
				   AND A.DEL_YN <> 'Y'
		]]>   
		<if test="docCnts != null and docCnts !=''">	  
			  	   AND A.DOC_CNTS = #{docCnts}
		</if> 
 		<![CDATA[
               )
		 ORDER BY RGT_DATE DESC
		]]>

	</select>
	
	<!-- 수령확인 목록 조회 법인/수신자 조회조건 추가 20170117. -->
	<select id="rcvsndRqstMgtDao.retrieveRcptCfmList" resultType="ohMap">
 		<![CDATA[
 			${queryId}
			SELECT A.CORP_CD
			     , TO_CHAR(A.RGT_DATE, 'YYYY-MM-DD AM HH:MI:SS') RCV_DATE
			     , A.APLER_EMPNO
			     , DECODE(SUBSTR(A.APL_BLDG_CD,1,2),'FX',
			     (SELECT T.RVRT_DEPT_NM FROM OAS_APP.TB_SYS203 T WHERE T.CORP_CD = A.CORP_CD AND T.RVRT_DEPT_CD = A.APL_DEPT_CD),
			     (SELECT T.NEW_BUSIPL_NM FROM OAS_APP.TB_MBU001 T WHERE T.CORP_CD = A.CORP_CD AND T.BUSIPL_CD = A.APL_BLDG_CD))||' '||(SELECT HNGL_NM FROM TB_MHR002 WHERE CORP_CD = A.CORP_CD AND EMPNO = A.APLER_EMPNO) APLER_EMPNM
			     , A.RCVER_EMPNO
			     , DECODE(SUBSTR(A.RCV_BLDG_CD,1,2),'FX',
			     (SELECT T.RVRT_DEPT_NM FROM OAS_APP.TB_SYS203 T WHERE T.CORP_CD = A.CORP_CD AND T.RVRT_DEPT_CD = A.RCV_DEPT_CD),
			     (SELECT T.NEW_BUSIPL_NM FROM OAS_APP.TB_MBU001 T WHERE T.CORP_CD = A.CORP_CD AND T.BUSIPL_CD = A.RCV_BLDG_CD))||' '||(SELECT HNGL_NM FROM TB_MHR002 WHERE CORP_CD = A.CORP_CD AND EMPNO = A.RCVER_EMPNO) RCVER_EMPNM
			     , A.DOC_FORM_CD
			     , A.DOC_CNTS
			     , A.RMK
			     , A.BARCD
			     , A.DLVR_STAT_CD
			     , ( case when DLVR_STAT_CD = 'IN' then '1' else '0' end ) CHK1 --수령체크
			     , ( case when DLVR_STAT_CD = 'MS' then '1' else '0' end ) CHK2 --분실체크
			  FROM TB_MDO002 A    --TB_FFB210 A
			WHERE 1 = 1
			  AND A.RCV_DEPT_CD = #{deptCd}
			  AND A.CORP_CD     = #{corpCd}
		      AND ( ''||#{empno} = '' or ''||#{empno} is null or A.RCVER_EMPNO = #{empno} )
			  AND TO_CHAR(A.RGT_DATE,'YYYYMMDD') BETWEEN #{fromDt} AND #{toDt} 
			  AND A.DEL_YN <> 'Y'
			ORDER BY A.RGT_DATE DESC 
		]]>

	</select>
	
	<!-- 수신자 콤보 조회 -->
	<select id="rcvsndRqstMgtDao.retrieveRcverComboList" resultType="ohMap">
 		<![CDATA[
 			${queryId}
			SELECT EMPNO                                            
			     , HNGL_NM                                           
			  FROM TB_MHR002                             
			 WHERE ORGN_CD IN (SELECT DISTINCT A.ORGN_CD              
			                    FROM TB_MHR002 A            
			                       , TB_MHR001 B
			                   WHERE A.ORGN_CD				= B.ORGN_CD            
			                     AND A.HLDOFC_STAT_GBN_CD	= 'C'           
			                     AND B.ED_YN				= 'N'               
			                     AND B.DEPT_CD				= #{deptCd}) 
			   AND HLDOFC_STAT_GBN_CD = 'C'                               
			 ORDER BY HNGL_NM 
		]]>

	</select>
	
	<!-- 해당 부서의 수령확인 체크 -->
	<select id="rcvsndRqstMgtDao.retrieveRcptCfmCntChk" resultType="ohMap">
 		<![CDATA[
 			${queryId}
			SELECT COUNT(*) CNT
			  FROM TB_MDO002
			 WHERE CORP_CD = #{corpCd}
			   AND APL_DEPT_CD = #{deptCd}
			   AND DEL_YN <> 'Y'
			   AND DLVR_STAT_CD IN ('SC')
		]]>

	</select>
	
	<!-- 바코드 생성 -->
	<select id="rcvsndRqstMgtDao.retrieveBarcd" resultType="ohMap">
 		<![CDATA[ 	
 		${queryId}
		SELECT SUBSTR(TO_CHAR(SYSDATE,'YYYYMMDD'),3,6)||SUBSTR(#{clhaCtrCd},3,3)||SUBSTR(NVL(MAX(TO_NUMBER(SUBSTR(BARCD,10,5))) + 1,1) +100000,2,5) BARCD
		  FROM TB_MDO002
		 WHERE TO_CHAR(MOD_DATE,'YYYYMMDD') = TO_CHAR(SYSDATE,'YYYYMMDD')
		]]>
	</select>
	
	<!-- 실행오더 생성전 발주정보 체크 -->
	<select id="rcvsndRqstMgtDao.exeOrdChkCall" statementType="CALLABLE" parameterType="ohMap">
    	{ call MRO_APP.PG_EXEORD_INFO_CREATE.PR_DOCDLV_CHECK_MAIN(#{corpCd,mode=IN,jdbcType=VARCHAR} 
    				 , #{barcd,mode=IN,jdbcType=VARCHAR} 
                     , #{rtnCd,mode=OUT,jdbcType=INTEGER}
                     , #{rtnMsg,mode=OUT,jdbcType=VARCHAR}
                     ) 
 		}
	</select>
	
	<!-- 프로시저 호출(실행오더) -->
	<select id="rcvsndRqstMgtDao.exeOrdCall" statementType="CALLABLE" parameterType="ohMap">
    	{ call MRO_APP.PG_EXEORD_INFO_CREATE.PR_DOCDLV_EXEORD_INFO_CREATE(#{corpCd,mode=IN,jdbcType=VARCHAR} 
    				 , #{barcd,mode=IN,jdbcType=VARCHAR} 
                     , #{rtnCd,mode=OUT,jdbcType=INTEGER}
                     , #{rtnMsg,mode=OUT,jdbcType=VARCHAR}
                     ) 
 		}
	</select>
	
	<!-- 문서수발요청 저장 INSERT -->
	<insert id="rcvsndRqstMgtDao.insertRcvsndRqstMgt">
 		<![CDATA[ 	
 		${queryId}
		INSERT INTO TB_MDO002   
		 (
			CORP_CD
			, BARCD
			, APL_DEPT_CD
			, APLER_EMPNO
			, APL_BLDG_CD
			, RCV_DEPT_CD
			, RCVER_EMPNO
			, RCV_BLDG_CD
			, DOC_FORM_CD
			, DOC_CNTS
			, RMK
			, DLVR_STAT_CD
			, STAT_CHG_DT
			, RGTER_ID
			, RGT_DATE
			, MODER_ID
			, MOD_DATE
			, DEL_YN
		  )
		VALUES 
		 (
			#{corpCd}
			, #{barcd}
			, #{aplDeptCd}
			, #{aplerEmpno}
			, #{aplBldgCd}
			, #{rcvDeptCd}
			, #{rcverEmpno}
			, #{rcvBldgCd}
			, #{docFormCd}
			, #{docCnts}
			, #{rmk}
			, 'OR'
			, SYSDATE
			, #{usrId}
			, SYSDATE
			, #{usrId}
			, SYSDATE
			, 'N'
		 )
	]]>
	</insert>

	<!-- 문서수발요청 저장(수정) UPDATE -->
	<update id="rcvsndRqstMgtDao.updateRcvsndRqstMgt">
 		<![CDATA[ 	
 		${queryId}
			UPDATE TB_MDO002 A
			   SET APLER_EMPNO		= #{aplerEmpno}
			     , APL_BLDG_CD		= #{aplBldgCd}
			     , RCV_DEPT_CD		= #{rcvDeptCd}
			     , RCVER_EMPNO		= #{rcverEmpno}
			     , RCV_BLDG_CD		= #{rcvBldgCd}
			     , DOC_FORM_CD		= #{docFormCd}
			     , DOC_CNTS			= #{docCnts}
			     , RMK				= #{rmk}
			     , MODER_ID 		= #{usrId}
			     , MOD_DATE 		= SYSDATE
			 WHERE CORP_CD		= #{corpCd}
			   AND BARCD		= #{barcd}

        ]]>
	</update>

	<!-- 문서수발요청 저장(삭제) UPDATE -->
	<delete id="rcvsndRqstMgtDao.deleteRcvsndRqstMgt">
 		<![CDATA[ 	
 		${queryId}
			UPDATE TB_MDO002 A
			   SET DEL_YN = 'Y'
				 , MODER_ID 	= #{usrId}
			     , MOD_DATE 	= SYSDATE
			 WHERE CORP_CD		= #{corpCd}
			   AND BARCD		= #{barcd}
        ]]>
	</delete>

	<!-- 문서수발 수령확인 저장 UPDATE -->
	<update id="rcvsndRqstMgtDao.updateRcptCfmMgt">
 		<![CDATA[ 	
 		${queryId}
		UPDATE TB_MDO002
		   SET DLVR_STAT_CD     = DECODE(#{chk2}, 1, 'MS', 'IN')
		     , STAT_CHG_DT      = SYSDATE
		     , MODER_ID 		= #{usrId}
		     , MOD_DATE 		= SYSDATE
		 WHERE CORP_CD		= #{corpCd}
		   AND BARCD		= #{barcd}
        ]]>
	</update>

	<!-- 문서수발요청 확정 -->
	<update id="rcvsndRqstMgtDao.updateDocDlvrCnfm">
 		<![CDATA[ 	
 		${queryId}
		UPDATE TB_MDO002 
		   SET DLVR_STAT_CD = 'LB'
		     , STAT_CHG_DT  = SYSDATE
		     , MODER_ID 	= #{usrId}
			 , MOD_DATE 	= SYSDATE
		 WHERE CORP_CD		= #{corpCd}
		   AND BARCD		= #{barcd}
        ]]>
	</update>

	<!-- 배송위치정보 조회(20161013 VIEW 제공시 쿼리 수정 필요 -->
	<!--   출고 사업장 
- fc001               입고 (SHP)
- fc026               대기 (OPN)
- fc027               대기 (OPN)
- 입고 사업장 -->
	<select id="rcvsndRqstMgtDao.retrieveDlvrLocInfoPop" resultType="ohMap">
 		<![CDATA[
 		${queryId}
		SELECT   B.OWH_BUSIPL_CD  
		       , B.OWH_BUSIPL_NM  
		       , B.IWH_BUSIPL_CD 
		       , B.IWH_BUSIPL_NM     
		       , CASE WHEN B.ORD_PRCS_STAT_CD = 'OPN' THEN '' ELSE
		            ( SELECT COM_CD_NM
                        FROM   TB_COM001
                       WHERE  GRP_CD = 'COM102'
                         AND    COM_CD = B.ORD_PRCS_STAT_CD
                         AND    USE_YN = 'Y') END ORD_PRCS_STAT_CD
		       , CASE WHEN B.ORD_PRCS_STAT_CD = 'RDY' THEN ''
		              ELSE TO_CHAR(B.ORD_PRCS_STAT_CHG_DATE, 'YYYY-MM-DD AM HH:MI:SS')
		               END DATE_TIME
		FROM   TB_MDO002 A,
		       TABLE( OAS_APP.FC_MRO_DOC_RCVSND_LIST( A.EXE_ORDRG_ORD_KEY_VAL, A.EXE_ORDRG_ORD_SEQ)) B
		WHERE  A.BARCD =#{barcd}
		]]>

	</select>

	<!-- POP마감 문서수발전송여부 UPDATE -->
	<update id="rcvsndRqstMgtDao.updateDocRcvsndRqstYn">
 		<![CDATA[ 	
 		${queryId}
		UPDATE TB_MPP002 A
		   SET DOC_RCVSND_RQST_YN = 'Y'
		     , MODER_ID 		= #{usrId}
		     , MOD_DATE 		= SYSDATE
		 WHERE CORP_CD		= #{corpCd}
		   AND BUSIPL_CD	= #{rcvBldgCd}
		   AND DEPT_CD		= #{rcvDeptCd}
		   AND POP_CD       = #{popCd}	   
		   AND ORDRG_DT		= TO_DATE(#{ordrgDt}, 'YYYYMMDD')
        ]]>
	</update>


    <!--문서수발 수령여부 체크 -->
	<select id="rcvsndRqstMgtDao.retrieveNonDocChk" resultType="ohMap">		
 		<![CDATA[
 		${queryId}
		SELECT NVL(TO_CHAR(MAX(A.RGT_DATE),'YYYY-MM-DD'),'N') AS NON_DOC_YN
		FROM  TB_MDO002   A   
		WHERE A.CORP_CD = #{corpCd}	
		AND   A.RCV_DEPT_CD = #{deptCd}
		AND   A.RCVER_EMPNO = #{rcverEmpno}
		AND   A.RGT_DATE <= SYSDATE-30 
		AND   A.DLVR_STAT_CD IN ('LB','ET','SC')    
		]]> 
	</select>
    

	

</mapper>
