<?xml version="1.0" encoding="UTF-8"?>
<!DOCTYPE mapper   PUBLIC "-//mybatis.org//DTD Mapper 3.0//EN" "http://mybatis.org/dtd/mybatis-3-mapper.dtd">

<mapper namespace="regnLawDocMgtDao">

	<!-- 등기/법률문서 등록 조회 -->
	<select id="regnLawDocMgtDao.retrieveRegnLawDocList" resultType="ohMap">
 		<![CDATA[
		${queryId}
		SELECT '' AS CHK
		     , A.CORP_CD
			 , A.GBN_CD
			 , A.SN
			 , A.LAW_DOC_GBN_CD
			 , A.REGN_NO
			 , A.SNDNG_USR_NM
			 , A.DIV_CD
			 , (SELECT MAX(B.ORGN_NM)        
				  FROM TB_MHR001 B
         		 WHERE B.ORGN_CD = A.DIV_CD) AS DIV_NM
			 , A.RCV_DEPT_CD
			 , (SELECT MAX(T.RVRT_DEPT_NM)
			      FROM OAS_APP.TB_SYS203 T
			     WHERE T.RVRT_DEPT_CD = A.RCV_DEPT_CD) AS RCV_DEPT_NM			 
			 , DECODE(#{gbnCd}, 'A', TO_CHAR(A.RCPT_DATE, 'YYYYMMDD'), 'B', TO_CHAR(A.RCPT_DATE, 'YYYYMMDDHH24MISS')) AS RCPT_DATE
			 , A.RCPT_DEPT_CD
			 , (SELECT MAX(T.RVRT_DEPT_NM)
			      FROM OAS_APP.TB_SYS203 T
			     WHERE T.RVRT_DEPT_CD = A.RCPT_DEPT_CD) AS RCPT_DEPT_NM
			 , A.RCPT_USR_EMPNO
			 , (SELECT USR_NM
			      FROM TB_USR001
			     WHERE EMPNO = A.RCPT_USR_EMPNO) AS RCPT_USR_EMPNM
			 , A.RCPT_DATE_2
			 , A.RCPT_DEPT_CD_2
			 , (SELECT MAX(T.RVRT_DEPT_NM)
			      FROM OAS_APP.TB_SYS203 T
			     WHERE T.RVRT_DEPT_CD = A.RCPT_DEPT_CD_2) AS RCPT_DEPT_NM_2
			 , A.RCPT_USR_EMPNO_2
			 , (SELECT USR_NM
			      FROM TB_USR001
			     WHERE EMPNO = A.RCPT_USR_EMPNO_2) AS RCPT_USR_EMPNM_2
			 , A.RCPT_DATE_3
			 , A.RCPT_DEPT_CD_3
			 , (SELECT MAX(T.RVRT_DEPT_NM)
			      FROM OAS_APP.TB_SYS203 T
			     WHERE T.RVRT_DEPT_CD = A.RCPT_DEPT_CD_3) AS RCPT_DEPT_NM_3
			 , A.RCPT_USR_EMPNO_3
			 , (SELECT USR_NM
			      FROM TB_USR001
			     WHERE EMPNO = A.RCPT_USR_EMPNO_3) AS RCPT_USR_EMPNM_3
			 , A.CNTS
			 , A.RGTER_ID
			 , A.RGT_DATE
			 , A.MODER_ID
			 , TO_CHAR(A.RGT_DATE, 'YYYY-MM-DD AM HH:MI:SS') AS MOD_DATE
			 , A.RCV_BLDG_CD
			 , (SELECT USR_NM
			      FROM TB_USR001
			     WHERE USR_ID = A.MODER_ID) AS MODER_NM
		  FROM TB_MDO004 A
		 WHERE 1 = 1
		   AND A.RGTER_ID = (case when (SELECT COUNT(*)
										 FROM TB_USR002
									    WHERE USR_ID = #{usrId}
									      AND AUTH_ID IN ('A001','G008','G009' )  
									      AND USE_YN = 'Y' ) = 1 then A.RGTER_ID
							      else #{usrId} end)
		  
		 
		]]>
		<if test="corpCd != null and corpCd !=''">
		   AND A.CORP_CD   = #{corpCd}
		</if>
		<if test="gbnCd != null and gbnCd !=''">
		   AND A.GBN_CD    = #{gbnCd}
		</if>
		<if test="deptCd != null and deptCd !=''">
		   AND A.RCV_DEPT_CD   = #{deptCd}
		</if>
		<if test="regnNo != null and regnNo !=''">
		   AND A.REGN_NO   LIKE '%' || #{regnNo} || '%'
		</if>
		<if test="lawDocGbnCd != null and lawDocGbnCd !=''">
		   AND A.LAW_DOC_GBN_CD   = #{lawDocGbnCd}
		</if>
		<if test="fromDt != null and fromDt !='' and toDt != null and toDt !=''">
		   AND A.RGT_DATE BETWEEN TO_DATE(#{fromDt} || '000000', 'YYYYMMDDHH24MISS') AND TO_DATE(#{toDt} || '235959', 'YYYYMMDDHH24MISS')
		</if>
		<![CDATA[	 
		   AND A.DEL_YN <> 'Y'
		   ORDER BY RGT_DATE DESC
		]]>
	</select>

	<!-- 등기/법률문서 등록 조회(갯수) -->
	<select id="regnLawDocMgtDao.retrieveRegnLawDocListCnt" resultType="ohMap">
 		<![CDATA[
		${queryId}
		SELECT COUNT(*) AS CNT
		  FROM TB_MDO004 A
		 WHERE 1 = 1
		   AND A.RGTER_ID = (case when (SELECT COUNT(*)
										 FROM TB_USR002
									    WHERE USR_ID =  #{usrId}
									      AND AUTH_ID IN ('A001','G008','G009' )  
									      AND USE_YN = 'Y' ) = 1 then A.RGTER_ID
							      else #{usrId} end)
		  
		]]>
		<if test="corpCd != null and corpCd !=''">
		   AND A.CORP_CD   = #{corpCd}
		</if>
		<if test="gbnCd != null and gbnCd !=''">
		   AND A.GBN_CD   = #{gbnCd}
		</if>
		<if test="deptCd != null and deptCd !=''">
		   AND A.RCV_DEPT_CD   = #{deptCd}
		</if>
		<if test="regnNo != null and regnNo !=''">
		   AND A.REGN_NO   = '%' || #{regnNo} || '%'
		</if>
		<if test="lawDocGbnCd != null and lawDocGbnCd !=''">
		   AND A.LAW_DOC_GBN_CD   = #{lawDocGbnCd}
		</if>
		<if test="fromDt != null and fromDt !='' and toDt != null and toDt !=''">
		   AND A.RGT_DATE BETWEEN TO_DATE(#{fromDt} || '000000', 'YYYYMMDDHH24MISS') AND TO_DATE(#{toDt} || '235959', 'YYYYMMDDHH24MISS')
		</if>
		<![CDATA[	 
		   AND A.DEL_YN <> 'Y'
		]]>
	</select>

	<!-- 등기/법률문서 등록 저장(INSERT) -->
	<insert id="regnLawDocMgtDao.insertRegnLawDocMgt">
 		<![CDATA[ 	
 		${queryId}
		INSERT INTO TB_MDO004   
		 (
			CORP_CD
			, GBN_CD
			, SN
			, LAW_DOC_GBN_CD
			, REGN_NO
			, SNDNG_USR_NM
			, DIV_CD
			, RCV_DEPT_CD
			, RCPT_DATE
			, RCPT_DEPT_CD
			, RCPT_USR_EMPNO
			, RCPT_DATE_2
			, RCPT_DEPT_CD_2
			, RCPT_USR_EMPNO_2
			, RCPT_DATE_3
			, RCPT_DEPT_CD_3
			, RCPT_USR_EMPNO_3
			, CNTS
			, RGTER_ID
			, RGT_DATE
			, MODER_ID
			, MOD_DATE
			, DEL_YN
			, RCV_BLDG_CD
		  )
		VALUES 
		 (
			#{corpCd}
			, #{gbnCd}
			, (SELECT DECODE(#{gbnCd}, 'A', '등기_', 'B', '법률_')||SUBSTR(TO_CHAR(SYSDATE,'YYYYMMDD'),3,2)||'-'||NVL(SUBSTR(SUBSTR(MAX(SN),7)+100001,2,5),'00001')
				 FROM TB_MDO004
				WHERE CORP_CD = #{corpCd}
				  AND GBN_CD = #{gbnCd}
				  AND TO_CHAR(RGT_DATE,'YYYY') = TO_CHAR(SYSDATE,'YYYY'))
			, #{lawDocGbnCd}
			, #{regnNo}
			, #{sndngUsrNm}
			, #{divCd}
			, #{rcvDeptCd}
			, DECODE(#{gbnCd}, 'B', TO_DATE(SUBSTR(#{rcptDate}, 0, 14), 'YYYYMMDDHH24MISS'), #{rcptDate})
			, #{rcptDeptCd}
			, #{rcptUsrEmpno}
			, DECODE(#{gbnCd}, 'B', TO_DATE(SUBSTR(#{rcptDate2}, 0, 14), 'YYYYMMDDHH24MISS'), #{rcptDate2})
			, #{rcptDeptCd2}
			, #{rcptUsrEmpno2}
			, DECODE(#{gbnCd}, 'B', TO_DATE(SUBSTR(#{rcptDate3}, 0, 14), 'YYYYMMDDHH24MISS'), #{rcptDate3})
			, #{rcptDeptCd3}
			, #{rcptUsrEmpno3}
			, #{cnts}
			, #{usrId}
			, SYSDATE
			, #{usrId}
			, SYSDATE
			, 'N'
			, #{rcvBldgCd}
		 )
	]]>
	</insert>

	<!-- 등기/법률문서 등록 저장(UPDATE) -->
	<update id="regnLawDocMgtDao.updateRegnLawDocMgt">
 		<![CDATA[ 	
 		${queryId}
		UPDATE TB_MDO004 A
		   SET LAW_DOC_GBN_CD	= #{lawDocGbnCd}
		     , REGN_NO 			= #{regnNo}
		     , SNDNG_USR_NM 	= #{sndngUsrNm}
		     , DIV_CD 			= #{divCd}
		     , RCV_DEPT_CD 		= #{rcvDeptCd}
		     , RCPT_DATE 		= DECODE(#{gbnCd}, 'B', TO_DATE(SUBSTR(#{rcptDate}, 0, 14), 'YYYYMMDDHH24MISS'), #{rcptDate})
		     , RCPT_DEPT_CD 	= #{rcptDeptCd}
		     , RCPT_USR_EMPNO 	= #{rcptUsrEmpno}
		     , RCPT_DATE_2 		= DECODE(#{gbnCd}, 'B', TO_DATE(SUBSTR(#{rcptDate2}, 0, 14), 'YYYYMMDDHH24MISS'), #{rcptDate2})
		     , RCPT_DEPT_CD_2 	= #{rcptDeptCd2}
		     , RCPT_USR_EMPNO_2 = #{rcptUsrEmpno2}
		     , RCPT_DATE_3 		= DECODE(#{gbnCd}, 'B', TO_DATE(SUBSTR(#{rcptDate3}, 0, 14), 'YYYYMMDDHH24MISS'), #{rcptDate3})
		     , RCPT_DEPT_CD_3 	= #{rcptDeptCd3}
		     , RCPT_USR_EMPNO_3 = #{rcptUsrEmpno3}
		     , CNTS 			= #{cnts}
		     , MODER_ID 		= #{usrId}
		     , MOD_DATE 		= SYSDATE
		     , RCV_BLDG_CD      = #{rcvBldgCd}
		 WHERE CORP_CD	= #{corpCd}
		   AND GBN_CD	= #{gbnCd}
		   AND SN 		= #{sn}
        ]]>
	</update>

	<!-- 등기/법률문서 등록 저장(UPDATE) 삭제여부 -->
	<delete id="regnLawDocMgtDao.deleteRegnLawDocMgt">
 		<![CDATA[ 	
 		${queryId}
			UPDATE TB_MDO004 A
			   SET DEL_YN = 'Y'
			 WHERE CORP_CD	= #{corpCd}
			   AND GBN_CD	= #{gbnCd}
			   AND SN 		= #{sn}
        ]]>
	</delete>

	<!-- 수신건물 콤보 조회 -->
	<select id="regnLawDocMgtDao.retrieveBldgComboList" resultType="ohMap">
 		<![CDATA[
		${queryId}
		SELECT B.BLDG_CD AS COM_CD															
		     , B.BLDG_NM AS COM_CD_NM
			 , A.RPST_BLDG_YN
		  FROM TB_USR100 A															
		     , TB_MMS007 B															
		 WHERE A.CORP_CD = B.CORP_CD															
		   AND A.BLDG_CD = B.BLDG_CD															
		   AND B.DEL_YN = 'N'
		   AND A.USR_ID = #{usrId}
		]]>
	</select>
</mapper>
