<?xml version="1.0" encoding="UTF-8"?>
<!DOCTYPE mapper   PUBLIC "-//mybatis.org//DTD Mapper 3.0//EN" "http://mybatis.org/dtd/mybatis-3-mapper.dtd">
<mapper namespace="comCodeDao">

	<!-- 2025-06-18 Amazon Q Developer : Converted Oracle string concatenation to PostgreSQL CONCAT function -->
<select id="comCodeDao.retrieveCode" resultType="ohMap">
		
 		<![CDATA[
			${queryId}
			SELECT  '0' CHK
					,HRNK_COM_CD
			 		,GRP_CD 
		            ,COM_CD 
		            ,COM_CD_NM 
		            ,SORT_SEQC  
		            ,USE_YN 
		            ,RGTER_ID 
		            ,RGT_DATE  
		            ,MODER_ID 
		            ,MOD_DATE 
		            ,RMK
			   FROM TB_COM001
			  WHERE 1=1
		]]>
			  <if test="comCd != null and comCd != ''">
			  AND COM_CD LIKE CONCAT('%', #{comCd}, '%')
			  </if>
			  <if test="comCdNm != null and comCdNm != ''">
			  AND COM_CD_NM LIKE CONCAT('%', #{comCdNm}, '%')
			  </if>
			  <if test="grpCd != null and grpCd != ''">
                AND GRP_CD = #{grpCd}
			  </if>
			  <if test="hrnkComCd != null and hrnkComCd != ''">
         		AND HRNK_COM_CD = #{hrnkComCd}
			  </if>
		<![CDATA[
			ORDER BY SORT_SEQC
		]]>

	</select>

	<!-- 2025-06-18 Amazon Q Developer : No Oracle-specific features found, preserved as-is -->
<select id="comCodeDao.retrieveCodeGroup" resultType="ohMap">
 		<![CDATA[
		  ${queryId}
		  SELECT 
				 '0' CHK
				,HRNK_COM_CD
		 		,GRP_CD 
	            ,COM_CD 
	            ,COM_CD_NM 
	            ,SORT_SEQC 
	            ,ETC_CHAR_VAL_01
	            ,ETC_CHAR_VAL_02
	            ,ETC_CHAR_VAL_03
	            ,USE_YN 
	            ,RGTER_ID 
	            ,RGT_DATE  
	            ,MODER_ID 
	            ,MOD_DATE
	            ,RMK
	        FROM TB_COM001
            WHERE GRP_CD = #{grpCd}
            and use_yn = 'Y'
            ]]>
     		<if test="hrnkComCd != null and hrnkComCd != ''">
         	AND HRNK_COM_CD = #{hrnkComCd}
			</if>
			<![CDATA[
     		ORDER BY SORT_SEQC
		]]>
	</select>

	<!-- 2025-06-18 Amazon Q Developer : No Oracle-specific features found, preserved as-is -->
<select id="comCodeDao.retrieveCodeGroupA" resultType="ohMap">
 		<![CDATA[
		  ${queryId}
		  SELECT 
				 '0' CHK
				,HRNK_COM_CD
		 		,GRP_CD 
	            ,COM_CD 
	            ,COM_CD_NM 
	            ,SORT_SEQC 
	            ,ETC_CHAR_VAL_01
	            ,ETC_CHAR_VAL_02
	            ,ETC_CHAR_VAL_03
	            ,USE_YN 
	            ,RGTER_ID 
	            ,RGT_DATE  
	            ,MODER_ID 
	            ,MOD_DATE
	            ,RMK
	        FROM TB_COM001
            WHERE GRP_CD = #{grpCd}
            and use_yn = 'Y'
            ]]>
     		<if test="hrnkComCd != null and hrnkComCd != ''">
         	AND HRNK_COM_CD = #{hrnkComCd}
			</if>
     		<if test="empNo != null and empNo != ''">
            AND COM_CD IN (SELECT SYS_CD 
                  FROM TB_ITR010
                 WHERE RSPBER_A_EMPNO = CASE WHEN FN_CHK_USER_AUTH_YN('A001',#{empNo}) = 'Y' THEN RSPBER_A_EMPNO 
                                             WHEN FN_CHK_USER_AUTH_YN('G020',#{empNo}) = 'Y' THEN #{empNo}
                                             ELSE RSPBER_A_EMPNO
                                        END         
                 UNION ALL
                SELECT a.SYS_CD
                  FROM TB_ITR010 a
                      ,TB_ITR011 b
                 WHERE 1=1
                   AND a.OPER_SEQ = b.OPER_SEQ
                   AND b.GBN_CD = 'SYSTEM'
                   AND b.RSPBER_B_EMPNO = #{empNo}
                 UNION ALL
                SELECT COM_CD
                  FROM TB_COM001
                 WHERE GRP_CD = 'SYS_CD'
                   AND USE_YN = 'Y'
                   AND 'Y' = CASE WHEN FN_CHK_USER_AUTH_YN('A001',#{empNo}) = 'Y' THEN  'Y' 
                                  WHEN FN_CHK_USER_AUTH_YN('G020',#{empNo}) = 'Y' THEN  'N'
                                  ELSE 'Y'
                             END 
               )
			</if>
			<![CDATA[
     		ORDER BY SORT_SEQC
		]]>
	</select>

	<!-- 2025-06-18 Amazon Q Developer : Converted SYSDATE to CURRENT_TIMESTAMP and TO_CHAR to TO_CHAR -->
<insert id="comCodeDao.insertCode">
        <![CDATA[
          ${queryId}
		  INSERT INTO TB_COM001
		  ( 
		  		HRNK_COM_CD
		  	  ,GRP_CD
		      ,COM_CD         
		      ,COM_CD_NM      
		      ,SORT_SEQC     
		      ,USE_YN       
		      ,USE_APLY_DT   
		      ,RGTER_ID     
		      ,RGT_DATE      
		      ,MODER_ID     
		      ,MOD_DATE 
		 )
		 VALUES 
		   (#{hrnkComCd}
		      ,#{grpCd}   
		      ,#{comCd}      
		      ,#{comCdNm}    
		      ,#{sortSeqc}     
		      ,#{useYn}    
		      ,TO_CHAR(CURRENT_TIMESTAMP, 'YYYYMMDD')      
		      ,#{usrId}     
		      ,CURRENT_TIMESTAMP    
		      ,#{usrId}     
		      ,CURRENT_TIMESTAMP)
        ]]>
    </insert>

	<!-- 2025-06-18 Amazon Q Developer : No Oracle-specific features found, preserved as-is -->
<delete id="comCodeDao.deleteCode">
        <![CDATA[
       		${queryId}
			DELETE FROM TB_COM001 A
			WHERE GRP_CD   = #{grpCd}
			  AND HRNK_COM_CD            = #{hrnkComCd}

        ]]>
    </delete>

	<!-- 2025-06-18 Amazon Q Developer : Converted SYSDATE to CURRENT_TIMESTAMP -->
<update id="comCodeDao.updateCode">
        <![CDATA[
       		${queryId}
			UPDATE TB_COM001 A
			SET COM_CD_NM         = #{comCdNm},
			    SORT_SEQC        = #{sortSeqc},
			    USE_YN            = #{useYn},
			    MODER_ID        = #{usrId},
			    MOD_DATE         = CURRENT_TIMESTAMP
			WHERE GRP_CD   = #{grpCd}
			  AND HRNK_COM_CD            = #{hrnkComCd}     
        ]]>
    </update>

	<!-- 2025-06-18 Amazon Q Developer : Converted ROWNUM to ROW_NUMBER() OVER() -->
<select id="comCodeDao.retrieveCorpCodeGroup" resultType="ohMap">
 		<![CDATA[
		${queryId}
		SELECT '0' CHK
		     , '' HRNK_COM_CD
	         , 'CO001' AS GRP_CD
	         , A.BLDG_CD AS COM_CD
	         , B.COM_CD_NM
	         , ROW_NUMBER() OVER(ORDER BY A.BLDG_CD) AS SORT_SEQC
	         , B.USE_YN AS USE_YN
             , A.RGTER_ID
             , A.RGT_DATE
             , A.MODER_ID
             , A.MOD_DATE
             , B.RMK
             , A.RPST_BLDG_YN
		  FROM TB_USR100 A
		     , TB_COM001 B
		 WHERE A.AUTH_GBN_CD = '2'
		   AND B.GRP_CD = 'CO001'
		   AND A.BLDG_CD = B.COM_CD
		   AND B.USE_YN  = 'Y'
		   AND A.USR_ID  = #{hrnkComCd}
		]]>
	</select>

	<!-- 2025-06-18 Amazon Q Developer : Converted ROWNUM to ROW_NUMBER() OVER() -->
<select id="comCodeDao.retrieveCorpCodeGroupA" resultType="ohMap">
 		<![CDATA[
		${queryId}
		SELECT '0' CHK
		     , '' HRNK_COM_CD
	         , 'CO001' AS GRP_CD
	         , A.BLDG_CD AS COM_CD
	         , B.COM_CD_NM
	         , ROW_NUMBER() OVER(ORDER BY A.BLDG_CD) AS SORT_SEQC
	         , B.USE_YN AS USE_YN
             , A.RGTER_ID
             , A.RGT_DATE
             , A.MODER_ID
             , A.MOD_DATE
             , B.RMK
             , A.RPST_BLDG_YN
		  FROM TB_USR100 A
		     , TB_COM001 B
		 WHERE A.AUTH_GBN_CD = '2'
		   AND B.GRP_CD = 'CO001'
		   AND A.BLDG_CD = B.COM_CD
		   AND B.USE_YN  = 'Y'
		   AND A.USR_ID  = #{hrnkComCd}
		]]>
	</select>

</mapper>
