<?xml version="1.0" encoding="UTF-8"?>
<!DOCTYPE mapper   PUBLIC "-//mybatis.org//DTD Mapper 3.0//EN" "http://mybatis.org/dtd/mybatis-3-mapper.dtd">
<mapper namespace="favoritesDao">

	<!-- 2025-06-18 Amazon Q Developer : No Oracle-specific features found, preserved as-is -->
<select id="favoritesDao.retrieveFavoritesList" resultType="ohMap">
 		<![CDATA[
 			${queryId}
			SELECT  		
			USR_ID 			--사용자ID , 해당 로그인계정
			,BIZ_SYS_CD 	--업무시스템코드 OASIS는 'OAS', FBS는 'FBS'
			,MENU_ID 		--메뉴ID 
			,SORT_SEQC 	--정렬순서
			,RGTER_ID 		--등록자ID , 해당 로그인계정
			,RGT_DATE 		--등록일시 , 입력시 SYSDATE
			,MODER_ID 		--수정자ID , 해당 로그인계정
			,MOD_DATE 	--수정일시 , 입력시 SYSDATE, 수정시 SYSDATE
			FROM TB_USR006
			WHERE USR_ID = #{usrId}
			AND BIZ_SYS_CD = #{bizSysCd}
			ORDER BY SORT_SEQC ASC
			

		]]>
		

	</select>

	<!-- 2025-06-18 Amazon Q Developer : Converted SYSDATE to CURRENT_TIMESTAMP -->
<insert id="favoritesDao.insertFavorites">
        <![CDATA[
		  ${queryId}
		  INSERT INTO TB_USR006
		  ( 
			USR_ID 		
			,BIZ_SYS_CD 
			,MENU_ID 	
			,SORT_SEQC 	
			,RGTER_ID 	
			,RGT_DATE 	
			,MODER_ID 	
			,MOD_DATE 	

		 )
		 VALUES 
		   (
			#{usrId} 		
			,#{bizSysCd} 
			,#{menuId} 	
			,#{sortSeqc} 	
			,#{usrId} 	
			,CURRENT_TIMESTAMP  	
			,#{usrId} 	
			,CURRENT_TIMESTAMP
		      )
        ]]>
    </insert>

	<!-- 2025-06-18 Amazon Q Developer : No Oracle-specific features found, preserved as-is -->
<delete id="favoritesDao.deleteFavorites">
        <![CDATA[
			${queryId}
			DELETE TB_USR006 A
			WHERE MENU_ID   = #{menuId}
			  AND USR_ID            = #{usrId}
			  AND BIZ_SYS_CD            = #{bizSysCd}

        ]]>
    </delete>

	<!-- 2025-06-18 Amazon Q Developer : Converted SYSDATE to CURRENT_TIMESTAMP -->
<update id="favoritesDao.updateFavorites">
        <![CDATA[
			${queryId}
			UPDATE TB_USR006 A
			SET SORT_SEQC         		= #{sortSeqc}
			    ,MODER_ID        			= #{usrId}
			    ,MOD_DATE         			= CURRENT_TIMESTAMP
			WHERE USR_ID   				= #{usrId}
			AND BIZ_SYS_CD           	= #{bizSysCd}  
			AND MENU_ID           		= #{menuId}     
        ]]>
    </update>

</mapper>
