<?xml version="1.0" encoding="UTF-8"?>
<!DOCTYPE mapper   PUBLIC "-//mybatis.org//DTD Mapper 3.0//EN" "http://mybatis.org/dtd/mybatis-3-mapper.dtd">

<mapper namespace="fileMgtDao">

	<select id="fileMgtDao.retrieveFileInfo" resultType="ohMap">
		<![CDATA[
			${queryId}
			SELECT A.ATCH_FILE_ID    ATCH_FILE_ID
			     , A.ATCH_FILE_SEQ   SEQ_NO
			     , A.ATCH_FILE_NM    FILE_NAME
			     , A.STOR_FILE_NM
			     , A.STOR_ROUTE
			     , A.FILE_BIZ_TYPE
			     , A.FILE_SIZE
			     , CASE WHEN A.FILE_SIZE IS NULL THEN ''
			            ELSE TO_CHAR(A.FILE_SIZE, 'FM9,999,999,999') || ' Byte'
			       END   AS FILE_SIZE_NM
			     , ''CHK
			  FROM TB_ITR004 A
			 WHERE A.ATCH_FILE_ID = #{atchFileId}
	]]>
		<if test="atchFileSeq != null and atchFileSeq !=''">
		    AND A.ATCH_FILE_SEQ   = #{atchFileSeq}
		</if> 
		<![CDATA[
            AND DEL_YN = 'N'  
		]]>
	</select>

 	<select id="fileMgtDao.retrieveFileInfoView" resultType="ohMap">
		<![CDATA[
			${queryId}
			SELECT A.ATCH_FILE_ID    ATCH_FILE_ID
			     , A.ATCH_FILE_SEQ   SEQ_NO
			     , A.ATCH_FILE_NM    FILE_NAME
			     , A.STOR_FILE_NM
			     , A.STOR_ROUTE
			     , A.FILE_BIZ_TYPE
			     , A.FILE_SIZE
			     , CASE WHEN A.FILE_SIZE IS NULL THEN ''
			            ELSE TO_CHAR(A.FILE_SIZE, 'FM9,999,999,999') || ' Byte'
			       END   AS FILE_SIZE_NM
			  FROM TB_ITR004 A
			 WHERE A.ATCH_FILE_ID  = #{atchFileId}
             AND   A.ATCH_FILE_SEQ = #{atchFileSeq}
	]]>
		 
		<![CDATA[
            AND DEL_YN = 'N'  
		]]>
	</select>
 
	
	
	 <select  id="fileMgtDao.retrieveFileId"  resultType="ohMap">
        <![CDATA[
   			${queryId}
   			SELECT TO_CHAR( SYSDATE,'YYYYMMDD') || LPAD( SQ_TB_ITR004_ATCH_FILE_ID.nextval, 4 , '0')  ATCH_FILE_ID
	   		FROM DUAL
        ]]>
    </select>
    
	 <select  id="fileMgtDao.retrieveFileId1" resultType="String">
        <![CDATA[
   			${queryId}
   			SELECT TO_CHAR( SYSDATE,'YYYYMMDD') || LPAD( SQ_TB_ITR004_ATCH_FILE_ID.nextval, 4 , '0')  ATCH_FILE_ID
	   		FROM DUAL
        ]]>
    </select>   


	 <insert id="fileMgtDao.insertAtchHistory" >
     	  <selectKey keyProperty="atchFileSeq" resultType="String" order="BEFORE">
     	      SELECT 
     	           NVL((SELECT MAX(ATCH_FILE_SEQ)
		               FROM TB_ITR004
                       WHERE ATCH_FILE_ID = #{atchFileId}),0) + 1  AS ATCH_FILE_SEQ
     	      FROM DUAL
     	  </selectKey>
     	  
        <![CDATA[
        ${queryId}
		INSERT INTO TB_ITR004
			  (
			   ATCH_FILE_ID
			  ,ATCH_FILE_SEQ
			  ,ATCH_FILE_NM
			  ,STOR_FILE_NM
			  ,STOR_ROUTE
			  ,FILE_BIZ_TYPE
			  ,FILE_SIZE
			  ,DEL_YN
			  ,RGTER_ID
			  ,RGT_DATE
			  ,MODER_ID
			  ,MOD_DATE
			  )
		VALUES 
				(
				 #{atchFileId}   -- 파일ID
		        ,#{atchFileSeq}
		        ,#{fileName} -- 파일명 (client)
		        ,#{saveFileName} -- 파일명 (server)
		        ,#{filePath}  -- 파일경로 (server)
		        ,#{fileBizType}
		        ,#{fileSize}
		        ,'N'
		        ,#{usrId}   --LOGIN계정
		        ,SYSDATE
		        ,#{usrId}   --LOGIN계정
		        ,SYSDATE
		        )
        ]]>
    </insert>       
    
      
	 <insert id="fileMgtDao.insertUploadHistory">
        <![CDATA[
		${queryId}      
      	INSERT INTO TB_USR007
			  (
			   USR_ID
			  ,PGM_URI
			  ,ATCH_FILE_ID
			  ,BIZ_SYS_CD
			  ,PRCS_DATE
			  )
		VALUES 
			  (
			   #{usrId} 				-- LOGIN계정
			  ,#{pgmUri}				-- 작업화면URI
			  ,#{atchFileId}			-- 파일ID
			  ,#{bizSysCd}				-- 받아온 시스템업무코드
			  ,SYSDATE 
			  )
        ]]>
    </insert>       

	<update id="fileMgtDao.deleteAtchHistory">
 		<![CDATA[ 	
 		${queryId}
			UPDATE TB_ITR004 A
			   SET DEL_YN =  'Y'
			     , MODER_ID = #{usrId}
			     , MOD_DATE = SYSDATE
			 WHERE ATCH_FILE_ID		= #{atchFileId}
        ]]>
		<if test="seqNo != null and seqNo !=''">
			   AND ATCH_FILE_SEQ	= #{seqNo}
		</if>

	</update>    
      
</mapper>
