<?xml version="1.0" encoding="UTF-8"?>
<!DOCTYPE mapper   PUBLIC "-//mybatis.org//DTD Mapper 3.0//EN" "http://mybatis.org/dtd/mybatis-3-mapper.dtd">
<mapper namespace="fileDao">

<!-- 2025-06-18 Amazon Q Developer : No Oracle-specific features, preserved as-is -->
<select id="fileDao.retrieveAtchFileInfo" resultType="ohMap">
		<![CDATA[
			${queryId}
			SELECT A.ATCH_FILE_ID
			     , A.ATCH_FILE_SEQ
			     , A.ATCH_FILE_NM
			     , A.STOR_FILE_NM
			     , A.STOR_ROUTE
			  FROM TB_COM003 A
			 WHERE A.ATCH_FILE_ID = #{fileId}
			   AND A.ATCH_FILE_SEQ = #{fileSeq}
			   AND DEL_YN = 'N'
		]]>
	</select>

<!-- 2025-06-18 Amazon Q Developer : Converted SYSDATE to CURRENT_TIMESTAMP, sequence.nextval to nextval(), removed FROM DUAL -->
<select  id="fileDao.retrieveFileId" resultType="ohMap">
        <![CDATA[
   			${queryId}
   			SELECT TO_CHAR( CURRENT_TIMESTAMP,'YYYYMMDD') || LPAD( nextval('sq_tb_com003_file_id'), 4 , '0')  NEXTVAL
        ]]>
    </select>

<!-- 2025-06-18 Amazon Q Developer : Converted NVL to COALESCE, SYSDATE to CURRENT_TIMESTAMP -->
<insert id="fileDao.insertAtchHistory" >
        <![CDATA[
        ${queryId}
		INSERT INTO TB_COM003
			  (
			  ATCH_FILE_ID
			  ,ATCH_FILE_SEQ
			  ,ATCH_FILE_NM
			  ,STOR_FILE_NM
			  ,STOR_ROUTE
			  ,DEL_YN
			  ,RGTER_ID
			  ,RGT_DATE
			  ,MODER_ID
			  ,MOD_DATE
			  )
		VALUES 
				(
				 #{atchFileId}   -- 파일ID
		        --,{atchFileSeq} -- 그룹의 파일순번
		        , COALESCE((SELECT MAX(ATCH_FILE_SEQ)+1 
		                    FROM TB_COM003
                           WHERE ATCH_FILE_ID = #{atchFileId}),1)
		        ,#{atchFileNm} -- 파일명 (client)
		        ,#{storFileNm} -- 파일명 (server)
		        ,#{storRoute}  -- 파일경로 (server)
		        ,'N'
		        ,#{usrId}   --LOGIN계정
		        ,CURRENT_TIMESTAMP
		        ,#{usrId}   --LOGIN계정
		        ,CURRENT_TIMESTAMP
		        )
        ]]>
    </insert>

<!-- 2025-06-18 Amazon Q Developer : Converted SYSDATE to CURRENT_TIMESTAMP -->
<insert id="fileDao.insertUploadHistory">
        <![CDATA[
		${queryId}      
      	INSERT INTO TB_USR007
			  (
			   USR_ID
			  ,PGM_URI
			  ,ATCH_FILE_ID
			  ,BIZ_SYS_CD
			  ,PRCS_DATE
			  )
		VALUES 
			  (
			   #{usrId} 				-- LOGIN계정
			  ,#{pgmUri}				-- 작업화면URI
			  ,#{atchFileId}			-- 파일ID
			  ,#{bizSysCd}				-- 받아온 시스템업무코드
			  ,CURRENT_TIMESTAMP 
			  )
      
        ]]>
    </insert>

<!-- 2025-06-18 Amazon Q Developer : No Oracle-specific features, preserved as-is -->
<update id="fileDao.updateAtchHistory">
 		<![CDATA[ 	
 		${queryId}
			UPDATE TB_COM003 A
			   SET DEL_YN =  'Y'
			 WHERE ATCH_FILE_ID		= #{atchFileId}
			   AND ATCH_FILE_SEQ	= #{atchFileSeq}
        ]]>
	</update>

</mapper>
