<?xml version="1.0" encoding="UTF-8"?>
<!DOCTYPE mapper   PUBLIC "-//mybatis.org//DTD Mapper 3.0//EN" "http://mybatis.org/dtd/mybatis-3-mapper.dtd">

<mapper namespace="messageDao">


	<select id="messageDao.retrieveMessageList" resultType="ohMap">
 		<![CDATA[
				${queryId}
				SELECT
				 	'0' AS CHK
				 	,MSG_ID
					,SYS_MSG
					,LANG_CD
					,SYS_MSG_TYPE_CD
					,USE_YN
					,RGTER_ID
					,RGT_DATE
					,MODER_ID
					,MOD_DATE
							
				FROM TB_SYS010
				WHERE 1=1
		]]>
		<if test="sysMsgTypeCd != null and sysMsgTypeCd !=''">
				AND SYS_MSG_TYPE_CD = #{sysMsgTypeCd}   
		</if>
		<if test="useYn != null and useYn != ''">
				AND USE_YN = #{useYn} 
		</if>
		<if test="langCd != null and langCd != ''">
				AND LANG_CD = #{langCd}   
		</if>
		<if test="msgId != null and msgId != ''">
				AND MSG_ID LIKE '%' || #{msgId} || '%'   
		</if>
		<if test="sysMsg != null and sysMsg != ''">
				AND SYS_MSG LIKE '%' || #{sysMsg} || '%'   
		</if>
		ORDER BY MSG_ID ASC
		
	</select>

	<select id="messageDao.retrieveMessageListByLogin" resultType="ohMap">
 		<![CDATA[
				${queryId}			
				SELECT SYS_MSG AS TEXT
						 	,MSG_ID AS ID
				FROM TB_SYS010
				WHERE SYS_MSG_TYPE_CD = 'UI'     
				AND USE_YN = 'Y'
				AND LANG_CD = #{langCd}
		]]>
		
	</select>

	<select id="messageDao.retrieveMsgId" resultType="ohMap">
 		<![CDATA[
				${queryId}
				SELECT COUNT(*)
				WHERE SYS_MSG_TYPE_CD = 'UI'     
				AND USE_YN = #{msgId}
		]]>
		
	</select>
      
	 <insert id="messageDao.insertMessage">
        <![CDATA[
          ${queryId}
		  INSERT INTO TB_SYS010
		  ( 
			SYS_MSG
			,LANG_CD
			,MSG_ID         
			,USE_YN     
			,SYS_MSG_TYPE_CD      
			,RGTER_ID
			,RGT_DATE
			,MODER_ID
			,MOD_DATE
		 )
		 VALUES 
		   (
				#{sysMsg}
				,#{langCd}   
				,#{msgId}      
				,#{useYn}      
				,#{sysMsgTypeCd}   
				,#{usrId}   
				,TO_CHAR(sysdate, 'YYYYMMDD')      
				,#{usrId}   
				,TO_CHAR(sysdate, 'YYYYMMDD')     
		      )
        ]]>
    </insert>       
    
        
    <delete id="messageDao.deleteMessage">
        <![CDATA[
        	${queryId}
			UPDATE TB_SYS010 A
			SET USE_YN     = 'N'
			WHERE MSG_ID   	= #{msgId}
			AND LANG_CD        = #{langCd}
			AND SYS_MSG_TYPE_CD = #{sysMsgTypeCd}     
        ]]>
    </delete>   

    <update id="messageDao.updateMessage">
        <![CDATA[
        	${queryId}
			UPDATE TB_SYS010 A
			SET SYS_MSG     = #{sysMsg}
			  , USE_YN      = #{useYn}
			  , SYS_MSG_TYPE_CD = #{sysMsgTypeCd}
			WHERE MSG_ID   	= #{msgId}
			AND LANG_CD        = #{langCd}
        ]]>
    </update> 
      
      
</mapper>
