<?xml version="1.0" encoding="UTF-8"?>
<!DOCTYPE mapper   PUBLIC "-//mybatis.org//DTD Mapper 3.0//EN" "http://mybatis.org/dtd/mybatis-3-mapper.dtd">

<mapper namespace="aprvlOrdrgMgtDao">


    <resultMap type="ohMap" id="aprvlOrdrgMgtDaoprocResult">
	</resultMap>
	
	<select id="aprvlOrdrgMgtDao.retrieveMgtListProc" statementType="CALLABLE" parameterType="map"  resultType="ohMap">
    	{ call MRO_APP.SP_MRO_RET_MGTLIST(
    	               #{corpCd,mode=IN,jdbcType=VARCHAR} 
                     , #{iwhFromDt,mode=IN,jdbcType=VARCHAR} 
                     , #{iwhToDt,mode=IN,jdbcType=VARCHAR} 
                     , #{usrId,mode=IN,jdbcType=VARCHAR} 
                     , #{gubun,mode=IN,jdbcType=VARCHAR} 
                     , #{vCursor,mode=OUT,jdbcType=CURSOR, javaType=ResultSet, resultMap=comUtMgtDaoprocResult}
                     ) 
 		}
	</select>



	
	<select id="aprvlOrdrgMgtDao.retrieveMgtList" resultType="ohMap">
 		<![CDATA[
 			${queryId}
			 SELECT    '0' AS CHK
			 		   , TO_CHAR(A.IWH_PARG_DT, 'YYYYMMDD') AS IWH_PARG_DT
				       , A.DEPT_CD
				       , B.RVRT_DEPT_NM
				       , A.DLVR_BUSIPL_CD
				       , OAS_APP.FC_COM_GET_BUSIPLNM(A.CORP_CD, A.DLVR_BUSIPL_CD, A.IWH_PARG_DT) AS BUSIPL_NM
				       , A.GOOD_CD
				       , C.GOODNM
				       , C.GOODSZ
				       , A.BUYCONN_CD
				       , CASE WHEN D.TXNCONN_NM_APLY_DT <= A.IWH_PARG_DT THEN D.NEW_TXNCONN_NM
						          ELSE D.OLD_TXNCONN_NM
						     END AS BUYCONN_NM     --매입처명
				       , A.UCOST
				       , A.QTY
				       , A.UCOST*A.QTY AS AMT
				       , E.APRVL_APRV_YN
				       , E.APRVL_RMK
				       , E.APRVL_CNFM_DATE
				       , TO_CHAR(A.ORDRG_DT, 'YYYYMMDD') AS ORDRG_DT
				       , A.SEQ
				       , A.CORP_CD
				       ,(select HNGL_NM from TB_MHR002 where EMPNO =  a.RGTER_ID and rownum =1 ) RGTER_NM
				FROM   TB_MOR001 A, 
					   OAS_APP.TB_SYS203 B, 
					   SMARTX.VW_FCC101 C, 
					   OAS_APP.TB_MCU005 D, 
					   TB_MRR002 E
				WHERE  A.CORP_CD = B.CORP_CD
				AND    A.DEPT_CD = B.RVRT_DEPT_CD
				AND    A.GOOD_CD = C.GOODCD
				AND    A.CORP_CD = D.CORP_CD
				AND    A.BUYCONN_CD = D.TXNCONN_CD
				AND    A.CORP_CD = E.CORP_CD(+)
				AND    A.DEPT_CD = E.DEPT_CD(+)
				AND    A.ORDRG_DT = E.ORDRG_DT(+)
				AND    A.SEQ = E.SEQ(+)
				AND	   A.DEL_YN = 'N'
				AND    A.CORP_CD = #{corpCd}   --법인
				AND    A.IWH_PARG_DT BETWEEN TO_DATE(#{iwhFromDt},'YYYYMMDD') AND TO_DATE(#{iwhToDt},'YYYYMMDD')  --입고일자
				AND    A.ORDRG_PRGSG_STAT_CD IS NOT NULL
				AND    A.TMCHF_APRVL_USR_ID = #{usrId}     --로그인 ID
				AND(   (#{gubun} = '1' AND A.ORDRG_PRGSG_STAT_CD  = 'C') /*결재대기*/
					OR (#{gubun} = '2' AND A.ORDRG_PRGSG_STAT_CD IN ('Y','N')) /*결재완료*/
					)
		       ORDER BY A.IWH_PARG_DT, A.DEPT_CD, A.DLVR_BUSIPL_CD, A.ORDRG_DT, A.SEQ
		]]>
	</select>
	

    <!-- 팀장 승인 결과 저장 -->
	<insert id="aprvlOrdrgMgtDao.insertAprvlInfo">
 		<![CDATA[ 	
 		${queryId}
		INSERT INTO TB_MRR002 
		(
			CORP_CD
		  , DEPT_CD
		  , ORDRG_DT
		  , SEQ
		  , APRVL_USR_EMPNO
		  , APRVL_APRV_YN
		  , APRVL_RMK
		  , APRVL_CNFM_DATE
		  , DEL_YN
		  , RGTER_ID
		  , RGT_DATE
		  , MODER_ID
		  , MOD_DATE
		)
		VALUES ( 
			  #{corpCd}
			, #{deptCd}
			, TO_DATE(#{ordrgDt}, 'YYYYMMDD')
			, #{seq}
			, #{usrId}
			, #{aprvlAprvYn}
			, #{aprvlRmk}
			, SYSDATE
			, 'N'
			, #{usrId}
			, SYSDATE
			, #{usrId}
			, SYSDATE
		) 

	]]>
	</insert>
	
	<update id="aprvlOrdrgMgtDao.updateAprvlReqInfo">
 		<![CDATA[ 	
 		${queryId}
		UPDATE TB_MOR001 
		   SET ORDRG_PRGSG_STAT_CD	= #{aprvlAprvYn} 
		 WHERE CORP_CD		= #{corpCd} 
		   AND DEPT_CD		= #{deptCd} 
		   AND ORDRG_DT	= TO_DATE(#{ordrgDt},'YYYYMMDD') 
		   AND SEQ	= #{seq}
		   AND ORDRG_PRGSG_STAT_CD ='C'
		]]>
	</update>


	<!-- 엑셀 조회 -->
	<select id="aprvlOrdrgMgtDao.retrieveExcelMgtList" resultType="ohMap">
 		<![CDATA[
 		${queryId}
		       SELECT    A.IWH_PARG_DT
				       , A.DEPT_CD
				       , B.RVRT_DEPT_NM
				       , A.DLVR_BUSIPL_CD
				       , OAS_APP.FC_COM_GET_BUSIPLNM(A.CORP_CD, A.DLVR_BUSIPL_CD, A.IWH_PARG_DT) AS BUSIPL_NM
				       , A.GOOD_CD
				       , C.GOODNM
				       , C.GOODSZ
				       , A.BUYCONN_CD
				       , CASE WHEN D.TXNCONN_NM_APLY_DT <= A.IWH_PARG_DT THEN D.NEW_TXNCONN_NM
						          ELSE D.OLD_TXNCONN_NM
						     END AS BUYCONN_NM     --매입처명
				       , A.UCOST
				       , A.QTY
				       , A.UCOST*A.QTY AS AMT
				       , E.APRVL_APRV_YN
				       , E.APRVL_RMK
				       , E.APRVL_CNFM_DATE
				       , TO_CHAR(A.ORDRG_DT, 'YYYYMMDD') AS ORDRG_DT
				       , A.SEQ
				FROM   TB_MOR001 A, 
					   OAS_APP.TB_SYS203 B, 
					   SMARTX.VW_FCC101 C, 
					   OAS_APP.TB_MCU005 D, 
					   TB_MRR002 E
				WHERE  A.CORP_CD = B.CORP_CD
				AND    A.DEPT_CD = B.RVRT_DEPT_CD
				AND    A.GOOD_CD = C.GOODCD
				AND    A.CORP_CD = D.CORP_CD
				AND    A.BUYCONN_CD = D.TXNCONN_CD
				AND    A.CORP_CD = E.CORP_CD(+)
				AND    A.DEPT_CD = E.DEPT_CD(+)
				AND    A.ORDRG_DT = E.ORDRG_DT(+)
				AND    A.SEQ = E.SEQ(+)
				AND	   A.DEL_YN = 'N'
				AND    A.CORP_CD = #{corpCd}   --법인
				AND    A.IWH_PARG_DT BETWEEN #{iwhFromDt} AND #{iwhToDt}  --입고일자
				AND    A.ORDRG_PRGSG_STAT_CD IS NOT NULL
				AND    A.TMCHF_APRVL_USR_ID = #{usrId}     --로그인 ID
				AND(   (#{gubun} = '1' AND A.ORDRG_PRGSG_STAT_CD  = 'C') /*결재대기*/
					OR (#{gubun} = '2' AND A.ORDRG_PRGSG_STAT_CD IN ('Y','N')) /*결재완료*/
					)
		       ORDER BY A.IWH_PARG_DT, A.DEPT_CD, A.DLVR_BUSIPL_CD, A.ORDRG_DT, A.SEQ
		]]>
	</select>


	
	<select id="aprvlOrdrgMgtDao.retrieveSrchGbnList" resultType="ohMap">
 		<![CDATA[
 			${queryId}
		  SELECT  COM_CD  AS SRCH_GBN_CD
                 ,COM_CD_NM  AS SRCH_GBN_NM
            FROM  TB_COM001
           WHERE  GRP_CD = 'MRO04'     
             AND  USE_YN = 'Y'
		]]>
	</select>
	


	<select id="aprvlOrdrgMgtDao.exeOrdCall" statementType="CALLABLE" parameterType="ohMap">
    	{ call MRO_APP.PG_EXEORD_INFO_CREATE.PR_EXEORD_INFO_CREATE(#{corpCd,mode=IN,jdbcType=VARCHAR} 
    				 , #{seq,mode=IN,jdbcType=VARCHAR} 
                     , #{deptCd,mode=IN,jdbcType=VARCHAR} 
                     , #{ordrgDt,mode=IN,jdbcType=VARCHAR}
                     , #{rtnCd,mode=OUT,jdbcType=INTEGER}
                     , #{rtnMsg,mode=OUT,jdbcType=VARCHAR}
                     ) 
 		}
	</select>

</mapper>
