<?xml version="1.0" encoding="UTF-8"?>
<!DOCTYPE mapper   PUBLIC "-//mybatis.org//DTD Mapper 3.0//EN" "http://mybatis.org/dtd/mybatis-3-mapper.dtd">
<mapper namespace="aprvlOrdrgMgtDao">

<!-- 2025-06-18 Amazon Q Developer : No conversion needed for empty resultMap -->
<resultMap type="ohMap" id="aprvlOrdrgMgtDaoprocResult">
	</resultMap>

<!-- 2025-06-18 Amazon Q Developer : Converted Oracle stored procedure call to PostgreSQL function call -->
<select id="aprvlOrdrgMgtDao.retrieveMgtListProc" statementType="CALLABLE" parameterType="map"  resultType="ohMap">
    	{ call mro_app.sp_mro_ret_mgtlist(
    	               #{corpCd,mode=IN,jdbcType=VARCHAR} 
                     , #{iwhFromDt,mode=IN,jdbcType=VARCHAR} 
                     , #{iwhToDt,mode=IN,jdbcType=VARCHAR} 
                     , #{usrId,mode=IN,jdbcType=VARCHAR} 
                     , #{gubun,mode=IN,jdbcType=VARCHAR} 
                     , #{vCursor,mode=OUT,jdbcType=OTHER, javaType=ResultSet, resultMap=comUtMgtDaoprocResult}
                     ) 
 		}
	</select>

<!-- 2025-06-18 Amazon Q Developer : Converted Oracle outer joins (+) to explicit LEFT JOIN, TO_CHAR to TO_CHAR, TO_DATE to TO_DATE, removed ROWNUM -->
<select id="aprvlOrdrgMgtDao.retrieveMgtList" resultType="ohMap">
 		<![CDATA[
 			${queryId}
			 SELECT    '0' AS CHK
			 		   , TO_CHAR(A.IWH_PARG_DT, 'YYYYMMDD') AS IWH_PARG_DT
				       , A.DEPT_CD
				       , B.RVRT_DEPT_NM
				       , A.DLVR_BUSIPL_CD
				       , OAS_APP.FC_COM_GET_BUSIPLNM(A.CORP_CD, A.DLVR_BUSIPL_CD, A.IWH_PARG_DT) AS BUSIPL_NM
				       , A.GOOD_CD
				       , C.GOODNM
				       , C.GOODSZ
				       , A.BUYCONN_CD
				       , CASE WHEN D.TXNCONN_NM_APLY_DT <= A.IWH_PARG_DT THEN D.NEW_TXNCONN_NM
						          ELSE D.OLD_TXNCONN_NM
						     END AS BUYCONN_NM     --매입처명
				       , A.UCOST
				       , A.QTY
				       , A.UCOST*A.QTY AS AMT
				       , E.APRVL_APRV_YN
				       , E.APRVL_RMK
				       , E.APRVL_CNFM_DATE
				       , TO_CHAR(A.ORDRG_DT, 'YYYYMMDD') AS ORDRG_DT
				       , A.SEQ
				       , A.CORP_CD
				       ,(select HNGL_NM from TB_MHR002 where EMPNO =  a.RGTER_ID LIMIT 1 ) RGTER_NM
				FROM   TB_MOR001 A
				INNER JOIN OAS_APP.TB_SYS203 B ON A.CORP_CD = B.CORP_CD AND A.DEPT_CD = B.RVRT_DEPT_CD
				INNER JOIN SMARTX.VW_FCC101 C ON A.GOOD_CD = C.GOODCD
				INNER JOIN OAS_APP.TB_MCU005 D ON A.CORP_CD = D.CORP_CD AND A.BUYCONN_CD = D.TXNCONN_CD
				LEFT JOIN TB_MRR002 E ON A.CORP_CD = E.CORP_CD AND A.DEPT_CD = E.DEPT_CD AND A.ORDRG_DT = E.ORDRG_DT AND A.SEQ = E.SEQ
				WHERE  A.DEL_YN = 'N'
				AND    A.CORP_CD = #{corpCd}   --법인
				AND    A.IWH_PARG_DT BETWEEN TO_DATE(#{iwhFromDt},'YYYYMMDD') AND TO_DATE(#{iwhToDt},'YYYYMMDD')  --입고일자
				AND    A.ORDRG_PRGSG_STAT_CD IS NOT NULL
				AND    A.TMCHF_APRVL_USR_ID = #{usrId}     --로그인 ID
				AND(   (#{gubun} = '1' AND A.ORDRG_PRGSG_STAT_CD  = 'C') /*결재대기*/
					OR (#{gubun} = '2' AND A.ORDRG_PRGSG_STAT_CD IN ('Y','N')) /*결재완료*/
					)
		       ORDER BY A.IWH_PARG_DT, A.DEPT_CD, A.DLVR_BUSIPL_CD, A.ORDRG_DT, A.SEQ
		]]>
	</select>

<!-- 2025-06-18 Amazon Q Developer : Converted SYSDATE to CURRENT_TIMESTAMP, maintained TO_DATE for date conversion -->
<!-- 팀장 승인 결과 저장 -->
<insert id="aprvlOrdrgMgtDao.insertAprvlInfo">
 		<![CDATA[ 	
 		${queryId}
		INSERT INTO TB_MRR002 
		(
			CORP_CD
		  , DEPT_CD
		  , ORDRG_DT
		  , SEQ
		  , APRVL_USR_EMPNO
		  , APRVL_APRV_YN
		  , APRVL_RMK
		  , APRVL_CNFM_DATE
		  , DEL_YN
		  , RGTER_ID
		  , RGT_DATE
		  , MODER_ID
		  , MOD_DATE
		)
		VALUES ( 
			  #{corpCd}
			, #{deptCd}
			, TO_DATE(#{ordrgDt}, 'YYYYMMDD')
			, #{seq}
			, #{usrId}
			, #{aprvlAprvYn}
			, #{aprvlRmk}
			, CURRENT_TIMESTAMP
			, 'N'
			, #{usrId}
			, CURRENT_TIMESTAMP
			, #{usrId}
			, CURRENT_TIMESTAMP
		) 

	]]>
	</insert>

<!-- 2025-06-18 Amazon Q Developer : Maintained TO_DATE for date conversion -->
<!-- 팀장 승인 결과 저장 -->
<update id="aprvlOrdrgMgtDao.updateAprvlReqInfo">
 		<![CDATA[ 	
 		${queryId}
		UPDATE TB_MOR001 
		   SET ORDRG_PRGSG_STAT_CD	= #{aprvlAprvYn} 
		 WHERE CORP_CD		= #{corpCd} 
		   AND DEPT_CD		= #{deptCd} 
		   AND ORDRG_DT	= TO_DATE(#{ordrgDt},'YYYYMMDD') 
		   AND SEQ	= #{seq}
		   AND ORDRG_PRGSG_STAT_CD ='C'
		]]>
	</update>

<!-- 2025-06-18 Amazon Q Developer : Converted Oracle outer joins (+) to explicit LEFT JOIN, maintained TO_CHAR for date formatting -->
<!-- 엑셀 조회 -->
<select id="aprvlOrdrgMgtDao.retrieveExcelMgtList" resultType="ohMap">
 		<![CDATA[
 		${queryId}
		       SELECT    A.IWH_PARG_DT
				       , A.DEPT_CD
				       , B.RVRT_DEPT_NM
				       , A.DLVR_BUSIPL_CD
				       , OAS_APP.FC_COM_GET_BUSIPLNM(A.CORP_CD, A.DLVR_BUSIPL_CD, A.IWH_PARG_DT) AS BUSIPL_NM
				       , A.GOOD_CD
				       , C.GOODNM
				       , C.GOODSZ
				       , A.BUYCONN_CD
				       , CASE WHEN D.TXNCONN_NM_APLY_DT <= A.IWH_PARG_DT THEN D.NEW_TXNCONN_NM
						          ELSE D.OLD_TXNCONN_NM
						     END AS BUYCONN_NM     --매입처명
				       , A.UCOST
				       , A.QTY
				       , A.UCOST*A.QTY AS AMT
				       , E.APRVL_APRV_YN
				       , E.APRVL_RMK
				       , E.APRVL_CNFM_DATE
				       , TO_CHAR(A.ORDRG_DT, 'YYYYMMDD') AS ORDRG_DT
				       , A.SEQ
				FROM   TB_MOR001 A
				INNER JOIN OAS_APP.TB_SYS203 B ON A.CORP_CD = B.CORP_CD AND A.DEPT_CD = B.RVRT_DEPT_CD
				INNER JOIN SMARTX.VW_FCC101 C ON A.GOOD_CD = C.GOODCD
				INNER JOIN OAS_APP.TB_MCU005 D ON A.CORP_CD = D.CORP_CD AND A.BUYCONN_CD = D.TXNCONN_CD
				LEFT JOIN TB_MRR002 E ON A.CORP_CD = E.CORP_CD AND A.DEPT_CD = E.DEPT_CD AND A.ORDRG_DT = E.ORDRG_DT AND A.SEQ = E.SEQ
				WHERE  A.DEL_YN = 'N'
				AND    A.CORP_CD = #{corpCd}   --법인
				AND    A.IWH_PARG_DT BETWEEN #{iwhFromDt} AND #{iwhToDt}  --입고일자
				AND    A.ORDRG_PRGSG_STAT_CD IS NOT NULL
				AND    A.TMCHF_APRVL_USR_ID = #{usrId}     --로그인 ID
				AND(   (#{gubun} = '1' AND A.ORDRG_PRGSG_STAT_CD  = 'C') /*결재대기*/
					OR (#{gubun} = '2' AND A.ORDRG_PRGSG_STAT_CD IN ('Y','N')) /*결재완료*/
					)
		       ORDER BY A.IWH_PARG_DT, A.DEPT_CD, A.DLVR_BUSIPL_CD, A.ORDRG_DT, A.SEQ
		]]>
	</select>

<!-- 2025-06-18 Amazon Q Developer : No conversion needed for standard SQL -->
<!-- 엑셀 조회 -->
<select id="aprvlOrdrgMgtDao.retrieveSrchGbnList" resultType="ohMap">
 		<![CDATA[
 			${queryId}
		  SELECT  COM_CD  AS SRCH_GBN_CD
                 ,COM_CD_NM  AS SRCH_GBN_NM
            FROM  TB_COM001
           WHERE  GRP_CD = 'MRO04'     
             AND  USE_YN = 'Y'
		]]>
	</select>

<!-- 2025-06-18 Amazon Q Developer : Converted Oracle stored procedure call to PostgreSQL function call -->
<!-- 엑셀 조회 -->
<select id="aprvlOrdrgMgtDao.exeOrdCall" statementType="CALLABLE" parameterType="ohMap">
    	{ call mro_app.pg_exeord_info_create.pr_exeord_info_create(#{corpCd,mode=IN,jdbcType=VARCHAR} 
    				 , #{seq,mode=IN,jdbcType=VARCHAR} 
                     , #{deptCd,mode=IN,jdbcType=VARCHAR} 
                     , #{ordrgDt,mode=IN,jdbcType=VARCHAR}
                     , #{rtnCd,mode=OUT,jdbcType=INTEGER}
                     , #{rtnMsg,mode=OUT,jdbcType=VARCHAR}
                     ) 
 		}
	</select>

</mapper>
