<?xml version="1.0" encoding="UTF-8"?>
<!DOCTYPE mapper   PUBLIC "-//mybatis.org//DTD Mapper 3.0//EN" "http://mybatis.org/dtd/mybatis-3-mapper.dtd">
<mapper namespace="expsubOrdrgMgtDao">

<!-- 2025-06-18 Amazon Q Developer : No conversion needed - empty resultMap -->
<resultMap type="ohMap" id="expsubOrdrgMgtDaoprocResult">
	</resultMap>

<!-- 2025-06-18 Amazon Q Developer : Converted Oracle stored procedure call to PostgreSQL function call -->
<select id="expsubOrdrgMgtDao.retrieveListProc" statementType="CALLABLE" parameterType="map"  resultType="ohMap">
    	{ call mro_app.sp_mro_ret_expsubord_list(
    				   #{corpCd,mode=IN,jdbcType=VARCHAR} 
                     , #{deptCd,mode=IN,jdbcType=VARCHAR}   
                     , #{dlvrBusiplCd,mode=IN,jdbcType=VARCHAR}   
                     , #{iwhDt,mode=IN,jdbcType=VARCHAR}
                     , #{cstRvrtDeptCd,mode=IN,jdbcType=VARCHAR}
                     , #{vCursor,mode=OUT,jdbcType=OTHER, javaType=ResultSet, resultMap=expsubOrdrgMgtDaoprocResult}
                     ) 
 		}
	</select>

<!-- 2025-06-18 Amazon Q Developer : Converted Oracle SQL to PostgreSQL - TO_CHAR/TO_DATE, SYSDATE, NVL, TRUNC, outer joins -->
<select id="expsubOrdrgMgtDao.retrieveList" resultType="ohMap">
 		<![CDATA[
 			${queryId}
            SELECT DISTINCT '0' AS CHK,
		           A.CORP_CD,
		           A.DRDLVR_GOOD_YN AS DRDLVR_YN,
		           CASE WHEN F.DELY_SVC_COMP_CD IN ('98', '99') OR F.DELY_SVC_COMP_CD IS NULL THEN F.DELY_SVC_COMP_NM
		                ELSE '조회'
		            END AS INVOICE_TEXT,
		           A.DEPT_CD,
		           TO_CHAR(A.ORDRG_DT, 'YYYYMMDD') AS ORDRG_DT,
		           A.SEQ,
		           A.GOOD_CD,
		           B.GOODNM AS GOOD_NM,
		           B.GOODSZ GOOD_SZ_INFO,
		           A.BUYCONN_CD, --매입처코드
		           CASE WHEN D.TXNCONN_NM_APLY_DT <= TO_DATE(TO_CHAR(CURRENT_TIMESTAMP, 'YYYYMMDD'), 'YYYYMMDD') THEN D.NEW_TXNCONN_NM
		                ELSE D.OLD_TXNCONN_NM
		            END AS BUYCONN_NM, --매입처명
		           A.UCOST,
		           A.QTY,
		           ROUND(COALESCE(A.UCOST * A.QTY, 0)) AS BUY_AMT,
		           (SELECT CASE WHEN BUSIPL_NM_APLY_DT <= DATE_TRUNC('day', CURRENT_TIMESTAMP) THEN NEW_BUSIPL_NM
		                        ELSE OLD_BUSIPL_NM
		                    END
		              FROM OAS_APP.TB_MBU001
		             WHERE CORP_CD = A.CORP_CD
		               AND BUSIPL_CD = A.DLVR_BUSIPL_CD) AS BUSIPLNM_NEW, --점포명
		           (SELECT distinct COM_CD_NM
		              FROM TB_COM001 
		             WHERE GRP_CD in ( 'COM102' , 'MRO12')
		               AND COM_CD = A.EXE_ORDRG_PRCS_STAT_CD
		               AND USE_YN = 'Y') AS COMM_NM,
		           (SELECT COM_CD_NM
		              FROM TB_COM001
		             WHERE GRP_CD = 'MRO03'
		               AND COM_CD = A.ORDRG_PRGSG_STAT_CD
		               AND USE_YN = 'Y') AS ORDRG_PRGSG_STAT_NM,
                   CASE WHEN A.EAPRVL_SEQ IS NOT NULL THEN FC_GET_APPR_LINK_SYS_NAME(A.EAPRVL_SEQ,'MRO')
		                ELSE (
		                    SELECT E.APRVL_RMK
                              FROM TB_MRR002 E
                             WHERE E.CORP_CD   = A.CORP_CD
                               AND E.DEPT_CD   = A.DEPT_CD
                               AND E.ORDRG_DT  = A.ORDRG_DT
                               AND E.SEQ       = A.SEQ
                                )
		                 END  AS SANC_COMMT,
		           A.IWH_PARG_DT,
		           A.ORDRG_GBN_CD,
		           A.DLVR_BUSIPL_CD,
		           A.HRNK_BIZOFC_CD,
		           A.CST_RVRT_DEPT_CD,
		           (SELECT T.RVRT_DEPT_NM
		              FROM OAS_APP.TB_SYS203 T
		             WHERE T.CORP_CD = A.CORP_CD --법인코드
		               AND T.RVRT_DEPT_CD = A.CST_RVRT_DEPT_CD) AS EDEPT_NM, --비용부서
		           A.TMCHF_APRVL_USR_ID,
		           A.ORDRG_PRGSG_STAT_CD,
		           A.RMK,
		           A.DTL_INFO_SEQ,
		           A.CNFM_YN,
		           A.EAPRVL_SEQ,
		           A.TRSMN_YN,
		           A.EXE_ORDRG_ORD_KEY_VAL,
		           A.EXE_ORDRG_ORD_SEQ,
		           A.EXE_ORDRG_PRCS_STAT_CD,
		           A.EXE_ORDRG_PRCS_MSG,
		           A.CLOSE_AF_ORDRG_GBN_CD,
		           A.RGTER_ID,
		           A.RGT_DATE,
		           A.MODER_ID,
		           A.MOD_DATE,
		           F.DELY_SVC_COMP_CD AS CARRIER,
			       F.DELY_SVC_COMP_NM AS CARRIER_NM
			  FROM TB_MOR001 A
			     , SMARTX.VW_FCC101 B -- VIEW로 변경 예정
			     , OAS_APP.TB_MBU005 C
			     , OAS_APP.TB_MCU005 D
			     , SMARTX.V_ESZDPIVI_SND F
			 WHERE A.ORDRG_GBN_CD = 'OR101'
			   AND A.GOOD_CD = B.GOODCD
			   AND A.CORP_CD = C.CORP_CD
			   AND A.DLVR_BUSIPL_CD = C.BUSIPL_CD
			   AND A.CORP_CD = D.CORP_CD
			   AND A.BUYCONN_CD = D.TXNCONN_CD
			   AND A.DEL_YN = 'N'
			   AND A.CORP_CD               = F.CORP_CD
			   AND A.EXE_ORDRG_ORD_KEY_VAL = F.PO_NO
			   AND A.EXE_ORDRG_ORD_SEQ     = F.PO_LNO
			   AND TO_DATE(#{iwhDt}, 'YYYYMMDD') BETWEEN C.APLY_ST_DT AND C.APLY_ED_DT
   			   AND A.CORP_CD = #{corpCd}
			   AND A.DEPT_CD = #{deptCd}
			   AND A.DLVR_BUSIPL_CD = #{dlvrBusiplCd}
			   AND A.IWH_PARG_DT = TO_DATE(#{iwhDt}, 'YYYYMMDD')
			   AND A.CST_RVRT_DEPT_CD = #{cstRvrtDeptCd}
			 ORDER BY A.DLVR_BUSIPL_CD, B.GOODNM
		]]>
	</select>

<!-- 2025-06-18 Amazon Q Developer : Converted Oracle stored procedure call to PostgreSQL function call -->
<select id="expsubOrdrgMgtDao.retrieveIwhDayProc" statementType="CALLABLE" parameterType="map"  resultType="ohMap">
    	{ call mro_app.sp_mro_ret_iwhable(
    				   #{corpCd,mode=IN,jdbcType=VARCHAR} 
                     , #{dlvrBusiplCd,mode=IN,jdbcType=VARCHAR}   
                     , #{iwhDt,mode=IN,jdbcType=VARCHAR}
                     , #{vCursor,mode=OUT,jdbcType=OTHER, javaType=ResultSet, resultMap=expsubOrdrgMgtDaoprocResult}
                     ) 
 		}
	</select>

<!-- 2025-06-18 Amazon Q Developer : Converted Oracle TO_CHAR and TO_DATE functions to PostgreSQL -->
<select id="expsubOrdrgMgtDao.retrieveDrdlvr" resultType="ohMap">
 		<![CDATA[
 		${queryId}
		SELECT A.CORP_CD
		     , A.STR_CD
		     , TO_CHAR(A.IWH_DT, 'YYYYMMDD') AS IWH_DT
		     , A.RCPTER_ZIPCD
		     , A.DRDLVR_GOOD_ADDR
		     , A.RCPTER_NM
		     , A.TELNO_1
		     , A.TELNO_2
		     , A.DEPT_CD
		  FROM TB_MOR005 A
		 WHERE A.STR_CD		= #{dlvrBusiplCd}
		   AND A.CORP_CD	=  #{corpCd}
		   AND A.IWH_DT		<= TO_DATE(#{iwhDt}, 'YYYYMMDD')
		   AND A.DEPT_CD	= #{deptCd}
		   AND A.DEL_YN		<> 'Y'
		   AND A.IWH_DT = (SELECT MAX(IWH_DT) 
		                     FROM TB_MOR005
		                    WHERE STR_CD = A.STR_CD
		                      AND CORP_CD = A.CORP_CD
		                      AND IWH_DT <= TO_DATE(#{iwhDt}, 'YYYYMMDD')
		                      AND DEPT_CD = A.DEPT_CD
		                      AND DEL_YN <> 'Y')
		]]>
	</select>

<!-- 2025-06-18 Amazon Q Developer : Converted Oracle TO_CHAR function to PostgreSQL -->
<select id="expsubOrdrgMgtDao.retrieveDlvrInfoList" resultType="ohMap">		
 		<![CDATA[
 		${queryId}
		SELECT A.CORP_CD
		     , A.STR_CD
		     , TO_CHAR(A.IWH_DT, 'YYYYMMDD') AS IWH_DT
		     , TO_CHAR(A.IWH_DT, 'YYYYMMDD') AS PREV_IWH_DT
		     , A.RCPTER_ZIPCD
			 , A.DRDLVR_GOOD_ADDR
			 , A.RCPTER_NM
			 , A.TELNO_1
			 , A.TELNO_2
			 , A.DEPT_CD
		  FROM TB_MOR005 A
		 WHERE A.STR_CD		= #{strCd}
		   AND A.CORP_CD	=  #{corpCd}
		   AND A.DEPT_CD	= #{deptCd}
		   AND A.DEL_YN		<> 'Y'
		 ORDER BY A.IWH_DT DESC
		]]>
	
	</select>

<!-- 2025-06-18 Amazon Q Developer : Converted Oracle TO_DATE and SYSDATE to PostgreSQL -->
<insert id="expsubOrdrgMgtDao.insertDlvrInfo">
 		<![CDATA[ 	
 		${queryId}

		INSERT INTO TB_MOR005
		(
			CORP_CD
			, STR_CD
			, IWH_DT
			, DEPT_CD
			, RCPTER_ZIPCD
			, DRDLVR_GOOD_ADDR
			, RCPTER_NM
			, TELNO_1
			, TELNO_2
			, RGTER_ID
			, RGT_DATE
			, MODER_ID
			, MOD_DATE
			, DEL_YN
		)
		VALUES ( 
			#{corpCd}
			, #{strCd}
			, TO_DATE(#{iwhDt},'YYYYMMDD')
			, #{deptCd}
			, #{rcpterZipcd}
			, #{drdlvrGoodAddr}
			, #{rcpterNm}
			, #{telno1}
			, #{telno2}
			, #{usrId}
			, CURRENT_TIMESTAMP
			, #{usrId}
			, CURRENT_TIMESTAMP
			, 'N'
		) 

	]]>
	</insert>

<!-- 2025-06-18 Amazon Q Developer : Converted Oracle TO_DATE to PostgreSQL -->
<delete id="expsubOrdrgMgtDao.deleteDlvrInfo">
 		<![CDATA[ 	
 		${queryId}
		DELETE FROM TB_MOR005
         WHERE CORP_CD		= #{corpCd}
           AND STR_CD		= #{strCd}
           AND IWH_DT		= TO_DATE(#{prevIwhDt},'YYYYMMDD')
           AND DEPT_CD		= #{deptCd}
		]]>
	</delete>

<!-- 2025-06-18 Amazon Q Developer : Converted Oracle SYSDATE and TO_DATE to PostgreSQL -->
<update id="expsubOrdrgMgtDao.updateDlvrInfo">
 		<![CDATA[ 	
 		${queryId}
		UPDATE TB_MOR005
		   SET RCPTER_ZIPCD = #{rcpterZipcd}
			 , DRDLVR_GOOD_ADDR	= #{drdlvrGoodAddr}
             , RCPTER_NM	= #{rcpterNm}  			
             , TELNO_1		= #{telno1}
             , TELNO_2		= #{telno2}
             , MODER_ID		= #{usrId}
             , MOD_DATE		= CURRENT_TIMESTAMP
         WHERE CORP_CD		= #{corpCd}
           AND STR_CD		= #{strCd}
           AND IWH_DT		= TO_DATE(#{iwhDt},'YYYYMMDD')
           AND DEPT_CD		= #{deptCd}
		]]>
	</update>

<!-- 2025-06-18 Amazon Q Developer : Converted Oracle SQL to PostgreSQL -->

<select id="expsubOrdrgMgtDao.retrieveDlvparcSrch" resultType="ohMap">
 		<![CDATA[
 			${queryId}
			SELECT ITEM_CD GOODCD
			     , '' CLHA_DATE
			     , '' BUSIPLCD
			     , '' BUSIPLCD_CTR
			     , '' URL_LINK
			     , '' INVOICE_NO
			     , '' CARRIER_NM
			     , '' LINK   
			  FROM SMARTX.V_ESZDPIVI_SND
			 WHERE CORP_CD = #{corpCd}
			   AND ITEM_CD = #{goodCd}
			   
		]]>
	</select>

<!-- 2025-06-18 Amazon Q Developer : Converted Oracle SQL to PostgreSQL -->

<select id="expsubOrdrgMgtDao.retrieveDlvparcSrchList" resultType="ohMap">		
 		<![CDATA[
 		${queryId}

		SELECT ITEM_CD GOODCD
		     , DELY_SVC_COMP_CD AS CARRIER
		     , DELY_SVC_INV_NO AS INVOICE_NO
		     , DELY_SVC_COMP_NM AS CARRIER_NM
		     , URL AS LINK   
		  FROM SMARTX.V_ESZDPIVI_SND
		 WHERE CORP_CD = #{corpCd}
		   AND PO_NO = #{exeOrdrgOrdKeyVal}
		   AND PO_LNO = #{exeOrdrgOrdSeq}
		   AND ITEM_CD = #{goodCd}

		]]>
	
	</select>

<!-- 2025-06-18 Amazon Q Developer : Converted Oracle SQL to PostgreSQL -->

<select id="expsubOrdrgMgtDao.retrieveDlvparcSrchListCnt" resultType="ohMap">		
 		<![CDATA[
 		${queryId}
		SELECT COUNT(*) AS CNT
		  FROM SMARTX.V_ESZDPIVI_SND
		 WHERE CORP_CD = #{corpCd}
		   AND PO_NO = #{exeOrdrgOrdKeyVal}
		   AND PO_LNO = #{exeOrdrgOrdSeq}
		   AND ITEM_CD = #{goodCd}
		]]>
	</select>

<!-- 2025-06-18 Amazon Q Developer : Converted Oracle SQL to PostgreSQL -->

<select id="expsubOrdrgMgtDao.retrieveSubBusiplSrch" resultType="ohMap">
 		<![CDATA[
 			${queryId}
			SELECT MAX(A.DLVR_BUSIPL_CD) BUSIPL_CD
			     , MAX(B.USR_ID) TEAM_EMPL
			     , MAX(B.USR_NM) TEAM_EMPLNM
			  FROM TB_MOR001 A
			     , TB_USR001 B
			 WHERE A.DEPT_CD      = #{deptCd}
			   AND A.IWH_PARG_DT   = TO_DATE(#{iwhDt}, 'YYYYMMDD')
			   AND A.TMCHF_APRVL_USR_ID   = B.USR_ID(+)
			   AND A.CORP_CD     = B.CORP_CD(+)
			   AND A.CORP_CD     = #{corpCd}
			   AND A.ORDRG_GBN_CD    = 'OR101'
			   
		]]>
	</select>

<!-- 2025-06-18 Amazon Q Developer : Converted Oracle SQL to PostgreSQL -->

<insert id="expsubOrdrgMgtDao.insertOrdrgInfo">
 		<![CDATA[ 	
 		${queryId}

		INSERT INTO TB_MOR001 
		(
			  CORP_CD
			, DEPT_CD
			, ORDRG_DT
			, SEQ
			, GOOD_CD
			, DRDLVR_GOOD_YN
			, BUYCONN_CD
			, UCOST
			, QTY
			, IWH_PARG_DT
			, ORDRG_GBN_CD
			
			, DLVR_BUSIPL_CD
			, HRNK_BIZOFC_CD
			, CST_RVRT_DEPT_CD
			, TMCHF_APRVL_USR_ID
			, ORDRG_PRGSG_STAT_CD
			
			, RMK
			, DTL_INFO_SEQ
			, TRSMN_YN
			
			, DEL_YN
			, CNFM_YN
			, RGTER_ID
			, RGT_DATE
			, MODER_ID
			, MOD_DATE
		)
		VALUES ( 
			#{corpCd}
			, #{deptCd}
			, TO_DATE(#{ordrgDt}, 'YYYYMMDD')
			, #{seq}
			, #{goodCd}
			, #{drdlvrYn}
			, #{buyconnCd}
			, #{ucost}
			, #{qty}
			, TO_DATE(#{iwhPargDt}, 'YYYYMMDD')
			, COALESCE(#{ordrgGbnCd}, 'OR101')
			, #{dlvrBusiplCd}
			, #{hrnkBizofcCd}
			, #{cstRvrtDeptCd}
			, #{tmchfAprvlUsrId}
			, (case when #{sancYn} in ( '1' , '2' ) then 'T'  else '' end)
			
			, #{rmk}
			, #{dtlInfoSeq}
			, 'N'
			, 'N'
			, 'N'
			, #{usrId}
			, CURRENT_TIMESTAMP
			, #{usrId}
			, CURRENT_TIMESTAMP
		) 

	]]>
	</insert>

<!-- 2025-06-18 Amazon Q Developer : Converted Oracle SQL to PostgreSQL -->

<update id="expsubOrdrgMgtDao.updateOrdrgInfo">
 		<![CDATA[ 	
 		${queryId}
		UPDATE TB_MOR001
		   SET QTY		    	   = #{qty}
			 , RMK          	   = #{rmk}
			 , TMCHF_APRVL_USR_ID  = (case when ORDRG_PRGSG_STAT_CD = 'T' then #{tmchfAprvlUsrId} else TMCHF_APRVL_USR_ID end )
             , MODER_ID		= #{usrId}
             , MOD_DATE		= CURRENT_TIMESTAMP
         WHERE CORP_CD		= #{corpCd}
           AND DEPT_CD		= #{deptCd}
           AND ORDRG_DT		= #{ordrgDt}
           AND SEQ			= #{seq}
           
		]]>
	</update>

<!-- 2025-06-18 Amazon Q Developer : Converted Oracle SQL to PostgreSQL -->

<update id="expsubOrdrgMgtDao.deleteOrdrgInfo">
 		<![CDATA[ 	
 		${queryId}
		UPDATE TB_MOR001 A
		   SET QTY		          			= 0
		     , DEL_YN	          			= 'Y'
			 , MODER_ID	          			= #{usrId}
    		 , MOD_DATE	          			= CURRENT_TIMESTAMP
		 WHERE CORP_CD						= #{corpCd}
           AND DEPT_CD						= #{deptCd}
           AND ORDRG_DT						= #{ordrgDt}
           AND SEQ							= #{seq}
           AND nvl(ORDRG_PRGSG_STAT_CD , 'T') <> 'C'
           
        ]]>
	</update>

<!-- 2025-06-18 Amazon Q Developer : Converted Oracle SQL to PostgreSQL -->

<select id="expsubOrdrgMgtDao.retrieveOrdSeq" resultType="ohMap">
 		<![CDATA[ 	
 		${queryId}
		SELECT COALESCE(MAX(SEQ),0)+1 AS SEQ 
		  FROM TB_MOR001 
		 WHERE CORP_CD	= #{corpCd}
		   AND DEPT_CD	= #{deptCd} 
		   AND ORDRG_DT	= TO_DATE(TO_CHAR(CURRENT_TIMESTAMP,'YYYYMMDD'),'YYYYMMDD') 
		]]>
	</select>

<!-- 2025-06-18 Amazon Q Developer : Converted Oracle SQL to PostgreSQL -->

<select id="expsubOrdrgMgtDao.retrieveExeOrdKey" resultType="ohMap">
 		<![CDATA[ 	
 		${queryId}
		SELECT FC_GET_EXE_ORDRG_KEY_VAL(
		         #{dlvrBusiplCd}
		       , TO_DATE(#{ordrgDt}, 'YYYYMMDD')
		       , #{goodCd}
		       , #{rmk}
		       , 'K'
		       , #{ordType}	--O:소모품발주, D:문서수발, P:POP발주
		       ) EXE_ORDRG_ORD_KEY_VAL --실행오더주문키값
		FROM DUAL
		]]>
	</select>

<!-- 2025-06-18 Amazon Q Developer : Converted Oracle SQL to PostgreSQL -->

<select id="expsubOrdrgMgtDao.retrieveExeOrdSeq" resultType="ohMap">
 		<![CDATA[ 	
 		${queryId}
		SELECT FC_GET_EXE_ORDRG_KEY_VAL(
		         #{dlvrBusiplCd}
		       , TO_DATE(#{ordrgDt}, 'YYYYMMDD')
		       , #{goodCd}
		       , #{rmk}
		       , 'S'
		       , #{ordType}	--O:소모품발주, D:문서수발, P:POP발주
		       ) EXE_ORDRG_ORD_SEQ  --실행오더주문순번
		FROM DUAL
		]]>
	</select>

<!-- 2025-06-18 Amazon Q Developer : Converted Oracle SQL to PostgreSQL -->

<select id="expsubOrdrgMgtDao.exeOrdCall" statementType="CALLABLE" parameterType="ohMap">
    	{ call mro_app.PG_EXEORD_INFO_CREATE.PR_EXEORD_INFO_CREATE(#{corpCd,mode=IN,jdbcType=VARCHAR} 
    				 , #{seq,mode=IN,jdbcType=VARCHAR} 
                     , #{deptCd,mode=IN,jdbcType=VARCHAR} 
                     , #{ordrgDt,mode=IN,jdbcType=VARCHAR}
                     , #{rtnCd,mode=OUT,jdbcType=INTEGER}
                     , #{rtnMsg,mode=OUT,jdbcType=VARCHAR}
                     ) 
 		}
	</select>

<!-- 2025-06-18 Amazon Q Developer : Converted Oracle SQL to PostgreSQL -->
<!-- 소모품발주 - 실행오더 생성전 발주정보 체크 -->
<select id="expsubOrdrgMgtDao.aprvlReqExeOrdCall" statementType="CALLABLE" parameterType="ohMap">
    	{ call mro_app.PG_EXEORD_INFO_CREATE.PR_ORDER_CHECK_MAIN(#{corpCd,mode=IN,jdbcType=VARCHAR} 
    				 , #{seq,mode=IN,jdbcType=VARCHAR} 
                     , #{deptCd,mode=IN,jdbcType=VARCHAR} 
                     , #{ordrgDt,mode=IN,jdbcType=VARCHAR}
                     , #{rtnCd,mode=OUT,jdbcType=INTEGER}
                     , #{rtnMsg,mode=OUT,jdbcType=VARCHAR}
                     ) 
 		}
	</select>

<!-- 2025-06-18 Amazon Q Developer : Converted Oracle SQL to PostgreSQL -->
<!-- 엑셀 조회 -->
<select id="expsubOrdrgMgtDao.retrieveExcelList" resultType="ohMap">
 		<![CDATA[
 		${queryId}
		SELECT A.CORP_CD
	         , A.GOOD_CD
		     , B.GOODNM AS GOOD_NM
		     , B.GOODSZ GOOD_SZ_INFO
		     , A.UCOST
		     , COALESCE(A.QTY,0) AS QTY
		     , ROUND(COALESCE(A.UCOST * A.QTY,0)) AS BUY_AMT
		     , CASE WHEN D.TXNCONN_NM_APLY_DT <= TO_DATE(TO_CHAR(CURRENT_TIMESTAMP, 'YYYYMMDD'), 'YYYYMMDD') THEN D.NEW_TXNCONN_NM
		            ELSE D.OLD_TXNCONN_NM
		        END AS TXNCONNNM_NEW
	         , (SELECT CASE WHEN Z.BUSIPL_NM_APLY_DT <= TRUNC(CURRENT_TIMESTAMP) THEN Z.NEW_BUSIPL_NM
	                        ELSE Z.OLD_BUSIPL_NM
	                    END
	              FROM OAS_APP.TB_MBU001 Z
	             WHERE CORP_CD      = A.CORP_CD
	               AND BUSIPL_CD    = A.DLVR_BUSIPL_CD) AS BUSIPLNM_NEW
	         , (SELECT T.RVRT_DEPT_NM
	              FROM OAS_APP.TB_SYS203 T
	             WHERE T.CORP_CD = A.CORP_CD
	               AND T.RVRT_DEPT_CD = A.DEPT_CD) AS EDEPT_NM
	         , A.RMK
	      FROM TB_MOR001 A
	         , SMARTX.VW_FCC101 B
	         , OAS_APP.TB_MBU005 C
	         , OAS_APP.TB_MCU005 D
	         , SMARTX.V_ESZDPIVI_SND F
		 WHERE A.ORDRG_GBN_CD   = 'OR101'
		   AND A.GOOD_CD        = B.GOODCD
		   AND A.CORP_CD        = C.CORP_CD
		   AND A.DLVR_BUSIPL_CD = C.BUSIPL_CD
		   AND A.CORP_CD        = D.CORP_CD(+)
		   AND A.BUYCONN_CD     = D.TXNCONN_CD(+)
		   AND A.DEL_YN         = 'N'
		   AND A.EXE_ORDRG_ORD_KEY_VAL = F.PO_NO(+)
		   AND A.EXE_ORDRG_ORD_SEQ     = F.PO_LNO(+)
		   AND A.CORP_CD        = #{corpCd}
		   AND A.DEPT_CD        = #{deptCd}
		   AND A.DLVR_BUSIPL_CD = #{dlvrBusiplCd}
		   AND A.IWH_PARG_DT    = TO_DATE(#{iwhDt}, 'YYYYMMDD')
		   AND A.IWH_PARG_DT BETWEEN C.APLY_ST_DT AND C.APLY_ED_DT
		 ORDER BY A.DLVR_BUSIPL_CD, B.GOODNM
		]]>
	</select>

<!-- 2025-06-18 Amazon Q Developer : Converted Oracle SQL to PostgreSQL -->
<!-- 엑셀 조회 -->
<update id="expsubOrdrgMgtDao.updateAprvlReqInfo">
 		<![CDATA[ 	
 		${queryId}
		UPDATE TB_MOR001 
		   SET ORDRG_PRGSG_STAT_CD	= 'C'
		     , TMCHF_APRVL_USR_ID	= #{teamEmpl} 
		 WHERE DEPT_CD		  = #{deptCd} 
		   AND ORDRG_DT	      = TO_DATE(#{ordrgDt},'YYYYMMDD') 
		   AND DLVR_BUSIPL_CD = #{dlvrBusiplCd}
		   AND CORP_CD		  = #{corpCd} 
		   AND SEQ	          = #{seq} 
		   AND ORDRG_PRGSG_STAT_CD ='T'
		   
		]]>
	</update>

<!-- 2025-06-18 Amazon Q Developer : Converted Oracle SQL to PostgreSQL -->
<!-- 증감액, 실적, 사업계획 조회 -->
<select id="expsubOrdrgMgtDao.retrieveTotPlanAmt" resultType="ohMap">
 		<![CDATA[
 			${queryId}
			SELECT COALESCE(A.TOTPLAN-B.BFPLAN, 0)*1000 TOTPLAN
			     , COALESCE(D.MONAMT, 0) TOTAMT
			     , (COALESCE(D.MONAMT, 0)) - (COALESCE(A.TOTPLAN-B.BFPLAN, 0)*1000) AMT
			FROM (SELECT SUM(PLAN) TOTPLAN
			        FROM TB_AF401@FSACCOUNT A
			           , IF_ET_CCTR@LN_OHSOA_SOA_INF B
			       WHERE A.YYYYMM=TO_CHAR(CURRENT_TIMESTAMP, 'YYYYMM')
			         AND A.SUM_CODE = B.PRCTR
			         AND B.KOSTL = #{deptCd}
			         AND EXISTS (SELECT ''
			                       FROM TB_FFB106 X --[MROPLUS] 소모품 마감계정 그룹
			                      WHERE X.ACCT_OLD = A.ACCT_CLASS||A.ACCT_ITEM)) A, --20140202 PHW ACCT -> ACCT_OLD
			     (SELECT DECODE(TO_CHAR(TRUNC(CURRENT_TIMESTAMP, 'YEAR'), 'YYYY')
			           , TO_CHAR(ADD_MONTHS(CURRENT_TIMESTAMP, -1), 'YYYY')
			           , SUM(PLAN), 0) BFPLAN
			        FROM TB_AF401@FSACCOUNT A
			           , IF_ET_CCTR@LN_OHSOA_SOA_INF B
			       WHERE A.YYYYMM = TO_CHAR(ADD_MONTHS(CURRENT_TIMESTAMP, -1), 'YYYYMM')
			         AND A.SUM_CODE=B.PRCTR
			         AND B.KOSTL = #{deptCd}
			         AND EXISTS (SELECT ''
			                       FROM TB_FFB106 X --[MROPLUS] 소모품 마감계정 그룹
			                      WHERE X.ACCT_OLD = A.ACCT_CLASS||A.ACCT_ITEM)) B, --20140202 PHW ACCT -> ACCT_OLD
			     (SELECT SUM(A.CLHA_AMT) TOTAMT
			        FROM TB_MOR004 A    --TB_FFB130 [MROPLUS] 소모품 출하테이블
			       WHERE A.CLHA_DT >= TRUNC(CURRENT_TIMESTAMP, 'YEAR')
			         AND A.CORP_CD = #{corpCd}
			         AND A.CLHA_DT <= CURRENT_TIMESTAMP
			         AND CST_RVRT_DEPT_CD = #{deptCd}) C,
			     (SELECT SUM(A.CLHA_AMT) MONAMT
			        FROM TB_MOR004 A    --TB_FFB130 [MROPLUS] 소모품 출하테이블
			           , TB_MMS003 B    --TB_FFB105 [MROPLUS] 소모품 마스터 부가정보
			       WHERE A.CLHA_DT >= TRUNC(CURRENT_TIMESTAMP, 'MONTH')
			         AND A.CORP_CD = #{corpCd}
			         AND A.CLHA_DT <= CURRENT_TIMESTAMP
			         AND A.CST_RVRT_DEPT_CD = #{deptCd}
			         AND A.GOOD_CD = B.GOOD_CD ) D
		]]>
	</select>

<!-- 2025-06-18 Amazon Q Developer : Converted Oracle SQL to PostgreSQL -->
<!-- 최근 발주요청일 조회 -->
<select id="expsubOrdrgMgtDao.retrieveOrdrgDt" resultType="ohMap">
 		<![CDATA[
 			${queryId}
			SELECT TO_CHAR(MAX(ORDRG_DT), 'YYYY-MM-DD') AS ORDRG_DT 
			  FROM TB_MOR001
			 WHERE DEPT_CD = #{deptCd} 
			   AND CORP_CD = #{corpCd}  
			   AND IWH_PARG_DT = #{iwhDt} 
		]]>
	</select>

<!-- 2025-06-18 Amazon Q Developer : Converted Oracle SQL to PostgreSQL -->
<!-- 발주정보 조회 -->
<select id="expsubOrdrgMgtDao.retrieveOrdInfo" resultType="ohMap">
 		<![CDATA[
 			${queryId}
			SELECT A.IWH_PARG_DT
			     , A.DEPT_CD
			     , B.ORGN_NM
			     , A.GOOD_CD
			     , C.GOOD_NM
			     , C.GOOD_SZ_INFO
			     , A.QTY
			     , A.UCOST
			     , A.QTY * A.UCOST BUYAMT
			     , A.ORDRG_PRGSG_STAT_CD
			  FROM TB_MOR001 A   --TB_FFB121 소모품 발주
			     , (SELECT ROWNUM RNUM
			             , DEPT_CD
			             , ORGN_NM
			          FROM TB_MHR001    --LGMJMTT.TB_OHHR01_MRO
			         WHERE DEPT_CD  = #{deptCd}
			           AND ED_YN <> 'Y'
			           AND CORP_CD  = #{corpCd}
			         ORDER BY ORGN_GBN_CD) B
			     , TB_MGO001 C   --TB_FCC101 C
			 WHERE A.DEPT_CD     = B.DEPT_CD
			   AND A.GOOD_CD     = C.GOOD_CD
			   AND A.DEPT_CD     = #{deptCd}
			   AND A.IWH_PARG_DT  = #{iwhDt}
			   AND A.ORDRG_PRGSG_STAT_CD NOT IN ('C', 'Y')
			   AND A.CORP_CD    = #{corpCd}
			   AND B.RNUM = 1
		]]>
	</select>

<!-- 2025-06-18 Amazon Q Developer : Converted Oracle SQL to PostgreSQL -->
<!-- 요청순번 조회 -->
<select id="expsubOrdrgMgtDao.retrieveReqSeq" resultType="ohMap">
 		<![CDATA[
 		${queryId}
		SELECT HRMLINK.SQ_LINK001.NEXTVAL@LN_OHEP_APPR_INF AS REQ_SEQ FROM DUAL
		]]>
	</select>

<!-- 2025-06-18 Amazon Q Developer : Converted Oracle SQL to PostgreSQL -->
<!-- 결재요청1 -->
<insert id="expsubOrdrgMgtDao.insertAprvlReq1">
 		<![CDATA[ 	
 		${queryId}
		INSERT INTO HRMLINK.TB_LINK001@LN_OHEP_APPR_INF
		(
			REQ_SYS
			, REQ_SEQ
			, REQ_SYS_FG
			, DOCU_NO
			, PROC_DATE
			, STATUS
			, REQ_EMPNO
			, REQ_DATE
			, REMARK
		)
		VALUES (
			'SAL'
			, #{reqSeq}
			, '00'
			, NULL
			, TO_CHAR(CURRENT_TIMESTAMP,'YYYYMMDD')
			, '01'
			,#{usrId}
			, CURRENT_TIMESTAMP
			,#{subject}
		)
	]]>
	</insert>

<!-- 2025-06-18 Amazon Q Developer : Converted Oracle SQL to PostgreSQL -->
<!-- 결재요청2 -->
<insert id="expsubOrdrgMgtDao.insertAprvlReq2">
 		<![CDATA[ 	
 		${queryId}
		INSERT INTO HRMLINK.TB_LINK002@LN_OHEP_APPR_INF
		(
			REQ_SYS
			, REQ_SEQ
			, REQ_SYS_FG
			, EXEC_SQL_SUCC
			, EXEC_SQL_FAIL
		)
		VALUES (
			'SAL'
			, #{reqSeq}
			, '00'
			, 'DECLARE BEGIN mro_app.PG_EXEORD_INFO_CREATE.PR_FINISH_ELEC_APPROVE@'|| #{dblink} ||'('||#{reqSeq}||', ''Y''); END;' -- PARAM, 전자결재번호
			, 'DECLARE BEGIN mro_app.PG_EXEORD_INFO_CREATE.PR_FINISH_ELEC_APPROVE@'|| #{dblink} ||'('||#{reqSeq}||', ''N''); END;' -- PARAM, 전자결재번호
		)
	]]>
	</insert>

<!-- 2025-06-18 Amazon Q Developer : Converted Oracle SQL to PostgreSQL -->
<!-- 결재요청2 -->
<update id="expsubOrdrgMgtDao.updateAprvlReqSeq">
 		<![CDATA[ 	
 		${queryId}
		UPDATE TB_MOR001 A
		   SET A.EAPRVL_SEQ = #{reqSeq} --PARAM, 전자결재번호
		     , A.ORDRG_PRGSG_STAT_CD	= 'C'
		 WHERE CORP_CD  = #{corpCd} -- PARAM, 법인코드
		   AND DEPT_CD  = #{deptCd} -- PARAM, 부서코드
		   AND ORDRG_DT = TO_DATE(#{ordrgDt}, 'YYYYMMDD') -- PARAM, 발주일자
		   AND SEQ      = #{seq} -- PARAM, 발주순번

		]]>
	</update>

<!-- 2025-06-18 Amazon Q Developer : Converted Oracle SQL to PostgreSQL -->
<!-- 요청순번에 대한 상태 조회 -->
<select id="expsubOrdrgMgtDao.retrieveReqStatus" resultType="ohMap">
 		<![CDATA[
 		${queryId}
		SELECT STATUS
          FROM HRMLINK.TB_LINK001@LN_OHEP_APPR_INF
         WHERE REQ_SYS = 'SAL'
           AND REQ_SEQ = #{reqSeq}
		]]>
	</select>

<!-- 2025-06-18 Amazon Q Developer : Converted Oracle SQL to PostgreSQL -->
<!-- 성공상태 변경 -->
<update id="expsubOrdrgMgtDao.updateReqOk">
 		<![CDATA[ 	
 		${queryId}
		UPDATE TB_MOR001 A 
		   SET A.ORDRG_PRGSG_STAT_CD = 'C'
		 WHERE A.DEPT_CD		= #{deptCd} 
		   AND A.IWH_PARG_DT	= TO_DATE(#{iwhPargDt},'YYYYMMDD')
		   AND A.CORP_CD		= #{corpCd}
		   AND A.ORDRG_GBN_CD	= 'OR101'
		   AND A.EAPRVL_SEQ		= #{reqSeq}
		   AND A.GOOD_CD		= (SELECT B.GOOD_CD 
				                     FROM TB_MMS003 B 
				                    WHERE B.GOOD_CD = A.GOOD_CD 
				                      AND SUBSTR(B.CATE_CD, 1, 3) NOT IN ('CA2'))
		]]>
	</update>

<!-- 2025-06-18 Amazon Q Developer : Converted Oracle SQL to PostgreSQL -->
<!-- 실패상태 변경 -->
<update id="expsubOrdrgMgtDao.updateReqFail">
 		<![CDATA[ 	
 		${queryId}
		UPDATE TB_MOR001 A 
		   SET A.EAPRVL_SEQ = 00000
		     , A.TRSMN_YN       = 'N'
		     , A.EXE_ORDRG_ORD_KEY_VAL  = ''
		     , A.EXE_ORDRG_ORD_SEQ      = ''
		     , A.EXE_ORDRG_PRCS_STAT_CD = 'ERR'
		     , A.EXE_ORDRG_PRCS_MSG     = '전자결재 요청 실패.'
		 WHERE A.DEPT_CD		= #{deptCd} 
		   AND A.IWH_PARG_DT	= TO_DATE(#{iwhPargDt},'YYYYMMDD')
		   AND A.CORP_CD		= #{corpCd}
		   AND A.ORDRG_GBN_CD	= 'OR101'
		   AND A.EAPRVL_SEQ		= #{reqSeq}
		   AND A.GOOD_CD		= (SELECT B.GOOD_CD 
				                     FROM TB_MMS003 B 
				                    WHERE B.GOOD_CD = A.GOOD_CD 
				                      AND SUBSTR(B.CATE_CD, 1, 3) NOT IN ('CA2'))
		]]>
	</update>

<!-- 2025-06-18 Amazon Q Developer : Converted Oracle SQL to PostgreSQL -->
<!-- 실패상태 변경 -->
<select id="expsubOrdrgMgtDao.retrieveOrdAbleYnProc" statementType="CALLABLE" parameterType="map"  resultType="ohMap">
    	{ call mro_app.SP_MRO_RET_ORDABLEYN(
    				   #{corpCd,mode=IN,jdbcType=VARCHAR} 
                     , #{busiplCd,mode=IN,jdbcType=VARCHAR}   
                     , #{iwhDt,mode=IN,jdbcType=VARCHAR}
                     , #{vCursor,mode=OUT,jdbcType=OTHER, javaType=ResultSet, resultMap=expsubOrdrgMgtDaoprocResult}
                     ) 
 		}
	</select>

<!-- 2025-06-18 Amazon Q Developer : Converted Oracle SQL to PostgreSQL -->
<!-- 실패상태 변경 -->
<select id="expsubOrdrgMgtDao.retrieveOrdTotAmtProc" statementType="CALLABLE" parameterType="map"  resultType="ohMap">
    	{ call mro_app.SP_MRO_RET_ORD_TOTAMT(
    				   #{corpCd,mode=IN,jdbcType=VARCHAR} 
                     , #{cstRvrtDeptCd,mode=IN,jdbcType=VARCHAR}   
                     , #{vCursor,mode=OUT,jdbcType=OTHER, javaType=ResultSet, resultMap=expsubOrdrgMgtDaoprocResult}
                     ) 
 		}
	</select>

</mapper>
