No.,FileName
1,/Users/changik/workspace/SampleApp/ourhome-itsm/OHITSMP/WEB-INF/classes/sqlmap/pilot/BoardDao_sqlMap.xml
2,/Users/changik/workspace/SampleApp/ourhome-itsm/OHITSMP/WEB-INF/classes/sqlmap/pilot/code/CodeDao_sqlMap.xml
3,/Users/changik/workspace/SampleApp/ourhome-itsm/OHITSMP/WEB-INF/classes/sqlmap/pilot/TestDao_sqlMap.xml
4,/Users/changik/workspace/SampleApp/ourhome-itsm/OHITSMP/WEB-INF/classes/sqlmap/mro/mst/notice/FaqDao_sqlMap.xml
5,/Users/changik/workspace/SampleApp/ourhome-itsm/OHITSMP/WEB-INF/classes/sqlmap/mro/mst/com01/RecommGoodMgtDao_sqlMap.xml
6,/Users/changik/workspace/SampleApp/ourhome-itsm/OHITSMP/WEB-INF/classes/sqlmap/mro/mst/com01/ComCdMgtDao_sqlMap.xml
7,/Users/changik/workspace/SampleApp/ourhome-itsm/OHITSMP/WEB-INF/classes/sqlmap/mro/mst/com01/ExpsubAcctMgtDao_sqlMap.xml
8,/Users/changik/workspace/SampleApp/ourhome-itsm/OHITSMP/WEB-INF/classes/sqlmap/mro/mst/com01/ClhaCtrCdSrchDao_sqlMap.xml
9,/Users/changik/workspace/SampleApp/ourhome-itsm/OHITSMP/WEB-INF/classes/sqlmap/mro/mst/com01/ComUtMgtDao_sqlMap.xml
10,/Users/changik/workspace/SampleApp/ourhome-itsm/OHITSMP/WEB-INF/classes/sqlmap/mro/mst/com01/IwhDayMgtDao_sqlMap.xml
11,/Users/changik/workspace/SampleApp/ourhome-itsm/OHITSMP/WEB-INF/classes/sqlmap/mro/mst/com01/HldyMgtDao_sqlMap.xml
12,/Users/changik/workspace/SampleApp/ourhome-itsm/OHITSMP/WEB-INF/classes/sqlmap/mro/rpt/rpt01/PopByprodBuyAmtMgtDao_sqlMap.xml
13,/Users/changik/workspace/SampleApp/ourhome-itsm/OHITSMP/WEB-INF/classes/sqlmap/mro/rpt/rpt01/BybzplBuyAmtMgtDao_sqlMap.xml
14,/Users/changik/workspace/SampleApp/ourhome-itsm/OHITSMP/WEB-INF/classes/sqlmap/mro/rpt/rpt01/ByprodBuyAmtMgtDao_sqlMap.xml
15,/Users/changik/workspace/SampleApp/ourhome-itsm/OHITSMP/WEB-INF/classes/sqlmap/mro/sys/sys01/PgmUseLogInqryDao_sqlMap.xml
16,/Users/changik/workspace/SampleApp/ourhome-itsm/OHITSMP/WEB-INF/classes/sqlmap/mro/sys/sys01/MenuMgtDao_sqlMap.xml
17,/Users/changik/workspace/SampleApp/ourhome-itsm/OHITSMP/WEB-INF/classes/sqlmap/mro/sys/sys01/PgmMgtDao_sqlMap.xml
18,/Users/changik/workspace/SampleApp/ourhome-itsm/OHITSMP/WEB-INF/classes/sqlmap/mro/sys/sys01/PgmSrchDao_sqlMap.xml
19,/Users/changik/workspace/SampleApp/ourhome-itsm/OHITSMP/WEB-INF/classes/sqlmap/mro/sys/sys03/TypeByExeOrdStddMgtDao_sqlMap.xml
20,/Users/changik/workspace/SampleApp/ourhome-itsm/OHITSMP/WEB-INF/classes/sqlmap/mro/sys/sys02/UsrAuthGrntHistInqryDao_sqlMap.xml
21,/Users/changik/workspace/SampleApp/ourhome-itsm/OHITSMP/WEB-INF/classes/sqlmap/mro/sys/sys02/UsrCorpAuthMgtDao_sqlMap.xml
22,/Users/changik/workspace/SampleApp/ourhome-itsm/OHITSMP/WEB-INF/classes/sqlmap/mro/sys/sys02/AuthSrchDao_sqlMap.xml
23,/Users/changik/workspace/SampleApp/ourhome-itsm/OHITSMP/WEB-INF/classes/sqlmap/mro/sys/sys02/UsrSprtlyBtnAuthYnDao_sqlMap.xml
24,/Users/changik/workspace/SampleApp/ourhome-itsm/OHITSMP/WEB-INF/classes/sqlmap/mro/sys/sys02/AuthMenuMgtDao_sqlMap.xml
25,/Users/changik/workspace/SampleApp/ourhome-itsm/OHITSMP/WEB-INF/classes/sqlmap/mro/sys/sys02/SprtlyBtnAuthYnDao_sqlMap.xml
26,/Users/changik/workspace/SampleApp/ourhome-itsm/OHITSMP/WEB-INF/classes/sqlmap/mro/sys/sys02/UsrMgtDao_sqlMap.xml
27,/Users/changik/workspace/SampleApp/ourhome-itsm/OHITSMP/WEB-INF/classes/sqlmap/mro/sys/sys02/UsrBldgAuthMgtDao_sqlMap.xml
28,/Users/changik/workspace/SampleApp/ourhome-itsm/OHITSMP/WEB-INF/classes/sqlmap/mro/sys/sys02/CloseAccDrdlvrGoodMgtDao_sqlMap.xml
29,/Users/changik/workspace/SampleApp/ourhome-itsm/OHITSMP/WEB-INF/classes/sqlmap/mro/sys/sys02/HrEmpSrchDao_sqlMap.xml
30,/Users/changik/workspace/SampleApp/ourhome-itsm/OHITSMP/WEB-INF/classes/sqlmap/mro/sys/sys02/UsrSprtlyMenuMgtDao_sqlMap.xml
31,/Users/changik/workspace/SampleApp/ourhome-itsm/OHITSMP/WEB-INF/classes/sqlmap/mro/sys/sys02/AuthCopyDao_sqlMap.xml
32,/Users/changik/workspace/SampleApp/ourhome-itsm/OHITSMP/WEB-INF/classes/sqlmap/mro/sys/sys02/UsrAuthMgtDao_sqlMap.xml
33,/Users/changik/workspace/SampleApp/ourhome-itsm/OHITSMP/WEB-INF/classes/sqlmap/mro/ord/ord01/aprvlOrdrgMgtDao_sqlMap.xml
34,/Users/changik/workspace/SampleApp/ourhome-itsm/OHITSMP/WEB-INF/classes/sqlmap/mro/ord/ord01/ExpsubOrdrgMgtDao_sqlMap.xml
35,/Users/changik/workspace/SampleApp/ourhome-itsm/OHITSMP/WEB-INF/classes/sqlmap/mro/ord/ord02/DivClaRqstRgtDao_sqlMap.xml
36,/Users/changik/workspace/SampleApp/ourhome-itsm/OHITSMP/WEB-INF/classes/sqlmap/mro/ord/ord05/PosPpMonSubulMgtDao_sqlMap.xml
37,/Users/changik/workspace/SampleApp/ourhome-itsm/OHITSMP/WEB-INF/classes/sqlmap/mro/ord/ord05/PosPpTrfctrRqstMgtDao_sqlMap.xml
38,/Users/changik/workspace/SampleApp/ourhome-itsm/OHITSMP/WEB-INF/classes/sqlmap/mro/ord/ord05/PosPpTrfctAprvMgtDao_sqlMap.xml
39,/Users/changik/workspace/SampleApp/ourhome-itsm/OHITSMP/WEB-INF/classes/sqlmap/mro/ord/ord05/PosPpOrdrgMgtDao_sqlMap.xml
40,/Users/changik/workspace/SampleApp/ourhome-itsm/OHITSMP/WEB-INF/classes/sqlmap/mro/ord/ord04/RegnLawDocMgtDao_sqlMap.xml
41,/Users/changik/workspace/SampleApp/ourhome-itsm/OHITSMP/WEB-INF/classes/sqlmap/mro/ord/ord04/RcvsndRqstMgtDao_sqlMap.xml
42,/Users/changik/workspace/SampleApp/ourhome-itsm/OHITSMP/WEB-INF/classes/sqlmap/mro/ord/ord03/PopMstrRgtMgtDao_sqlMap.xml
43,/Users/changik/workspace/SampleApp/ourhome-itsm/OHITSMP/WEB-INF/classes/sqlmap/mro/ord/ord03/PopCloseMgtDao_sqlMap.xml
44,/Users/changik/workspace/SampleApp/ourhome-itsm/OHITSMP/WEB-INF/classes/sqlmap/mro/ord/ord03/PopOrdrgMgtDao_sqlMap.xml
45,/Users/changik/workspace/SampleApp/ourhome-itsm/OHITSMP/WEB-INF/classes/sqlmap/mro/ord/ord03/PopSntcRgtMgtDao_sqlMap.xml
46,/Users/changik/workspace/SampleApp/ourhome-itsm/OHITSMP/WEB-INF/classes/sqlmap/mro/com/MroComDao_sqlMap.xml
47,/Users/changik/workspace/SampleApp/ourhome-itsm/OHITSMP/WEB-INF/classes/sqlmap/itsm/csr/CsrMonthBackupRsltDao_sqlMap.xml
48,/Users/changik/workspace/SampleApp/ourhome-itsm/OHITSMP/WEB-INF/classes/sqlmap/itsm/csr/CsrTestSearchDao_sqlMap.xml
49,/Users/changik/workspace/SampleApp/ourhome-itsm/OHITSMP/WEB-INF/classes/sqlmap/itsm/csr/CsrSystemOprtnPrstsDao_sqlMap.xml
50,/Users/changik/workspace/SampleApp/ourhome-itsm/OHITSMP/WEB-INF/classes/sqlmap/itsm/csr/CsrSlaEvalDao_sqlMap.xml
51,/Users/changik/workspace/SampleApp/ourhome-itsm/OHITSMP/WEB-INF/classes/sqlmap/itsm/csr/CsrDistributeSearchDao_sqlMap.xml
52,/Users/changik/workspace/SampleApp/ourhome-itsm/OHITSMP/WEB-INF/classes/sqlmap/itsm/csr/AuthReqMgtDao_sqlMap.xml
53,/Users/changik/workspace/SampleApp/ourhome-itsm/OHITSMP/WEB-INF/classes/sqlmap/itsm/csr/CsrReqAdmMgtDao_sqlMap.xml
54,/Users/changik/workspace/SampleApp/ourhome-itsm/OHITSMP/WEB-INF/classes/sqlmap/itsm/csr/CsrMainDao_sqlMap.xml
55,/Users/changik/workspace/SampleApp/ourhome-itsm/OHITSMP/WEB-INF/classes/sqlmap/itsm/csr/CsrRptDao_sqlMap.xml
56,/Users/changik/workspace/SampleApp/ourhome-itsm/OHITSMP/WEB-INF/classes/sqlmap/itsm/csr/ProjectMgtDao_sqlMap.xml
57,/Users/changik/workspace/SampleApp/ourhome-itsm/OHITSMP/WEB-INF/classes/sqlmap/itsm/csr/CsrQuatMntrgRegDao_sqlMap.xml
58,/Users/changik/workspace/SampleApp/ourhome-itsm/OHITSMP/WEB-INF/classes/sqlmap/itsm/csr/CsrBatchJobDayRptDao_sqlMap.xml
59,/Users/changik/workspace/SampleApp/ourhome-itsm/OHITSMP/WEB-INF/classes/sqlmap/itsm/csr/CsrBatchJobRegDao_sqlMap.xml
60,/Users/changik/workspace/SampleApp/ourhome-itsm/OHITSMP/WEB-INF/classes/sqlmap/itsm/csr/StndWorkHourMgtDao_sqlMap.xml
61,/Users/changik/workspace/SampleApp/ourhome-itsm/OHITSMP/WEB-INF/classes/sqlmap/itsm/csr/CsrObsPrcsRsltRptgDao_sqlMap.xml
62,/Users/changik/workspace/SampleApp/ourhome-itsm/OHITSMP/WEB-INF/classes/sqlmap/itsm/csr/CsrTestRegDao_sqlMap.xml
63,/Users/changik/workspace/SampleApp/ourhome-itsm/OHITSMP/WEB-INF/classes/sqlmap/itsm/csr/CsrCommonDao_sqlMap.xml
64,/Users/changik/workspace/SampleApp/ourhome-itsm/OHITSMP/WEB-INF/classes/sqlmap/itsm/csr/NoticeDao_sqlMap.xml
65,/Users/changik/workspace/SampleApp/ourhome-itsm/OHITSMP/WEB-INF/classes/sqlmap/itsm/csr/CsrBatchJobMstMngDao_sqlMap.xml
66,/Users/changik/workspace/SampleApp/ourhome-itsm/OHITSMP/WEB-INF/classes/sqlmap/itsm/csr/CsrConfMgtDao_sqlMap.xml
67,/Users/changik/workspace/SampleApp/ourhome-itsm/OHITSMP/WEB-INF/classes/sqlmap/itsm/csr/CsrRcvMgtDao_sqlMap.xml
68,/Users/changik/workspace/SampleApp/ourhome-itsm/OHITSMP/WEB-INF/classes/sqlmap/itsm/csr/CsrObsPrcsSearchDao_sqlMap.xml
69,/Users/changik/workspace/SampleApp/ourhome-itsm/OHITSMP/WEB-INF/classes/sqlmap/itsm/csr/CsrTestResultRegDao_sqlMap.xml
70,/Users/changik/workspace/SampleApp/ourhome-itsm/OHITSMP/WEB-INF/classes/sqlmap/itsm/csr/SystemOperMgtDao_sqlMap.xml
71,/Users/changik/workspace/SampleApp/ourhome-itsm/OHITSMP/WEB-INF/classes/sqlmap/itsm/csr/CsrUsrEvalDao_sqlMap.xml
72,/Users/changik/workspace/SampleApp/ourhome-itsm/OHITSMP/WEB-INF/classes/sqlmap/itsm/csr/TemplateMgtDao_sqlMap.xml
73,/Users/changik/workspace/SampleApp/ourhome-itsm/OHITSMP/WEB-INF/classes/sqlmap/itsm/csr/CsrSearchDao_sqlMap.xml
74,/Users/changik/workspace/SampleApp/ourhome-itsm/OHITSMP/WEB-INF/classes/sqlmap/itsm/csr/CsrQuatMntrgSearchDao_sqlMap.xml
75,/Users/changik/workspace/SampleApp/ourhome-itsm/OHITSMP/WEB-INF/classes/sqlmap/itsm/csr/CsrApiDao_sqlMap.xml
76,/Users/changik/workspace/SampleApp/ourhome-itsm/OHITSMP/WEB-INF/classes/sqlmap/itsm/csr/CsrMasterMgtDao_sqlMap.xml
77,/Users/changik/workspace/SampleApp/ourhome-itsm/OHITSMP/WEB-INF/classes/sqlmap/itsm/csr/CsrMailDao_sqlMap.xml
78,/Users/changik/workspace/SampleApp/ourhome-itsm/OHITSMP/WEB-INF/classes/sqlmap/itsm/csr/CsrReqMgtDao_sqlMap.xml
79,/Users/changik/workspace/SampleApp/ourhome-itsm/OHITSMP/WEB-INF/classes/sqlmap/itsm/comm/apr/ApproveDao_sqlMap.xml
80,/Users/changik/workspace/SampleApp/ourhome-itsm/OHITSMP/WEB-INF/classes/sqlmap/itsm/comm/apr/ElecApprMgtDao_sqlMap.xml
81,/Users/changik/workspace/SampleApp/ourhome-itsm/OHITSMP/WEB-INF/classes/sqlmap/itsm/sys/sys02/UsrSrch2Dao_sqlMap.xml
82,/Users/changik/workspace/SampleApp/ourhome-itsm/OHITSMP/WEB-INF/classes/sqlmap/itsm/sys/sys02/SysRspbrSrchDao_sqlMap.xml
83,/Users/changik/workspace/SampleApp/ourhome-itsm/OHITSMP/WEB-INF/classes/sqlmap/itsm/sys/sys02/SysRspbrSrch2Dao_sqlMap.xml
84,/Users/changik/workspace/SampleApp/ourhome-itsm/OHITSMP/WEB-INF/classes/sqlmap/itsm/sys/sys02/CsrNoSrchDao_sqlMap.xml
85,/Users/changik/workspace/SampleApp/ourhome-itsm/OHITSMP/WEB-INF/classes/sqlmap/itsm/sys/sys02/UsrSrchDao_sqlMap.xml
86,/Users/changik/workspace/SampleApp/ourhome-itsm/OHITSMP/WEB-INF/classes/sqlmap/itsm/sys/sys02/SysAplyRspberSrchDao_sqlMap.xml
87,/Users/changik/workspace/SampleApp/ourhome-itsm/OHITSMP/WEB-INF/classes/sqlmap/itsm/pcm/PcmPcRetErMgtDao_sqlMap.xml
88,/Users/changik/workspace/SampleApp/ourhome-itsm/OHITSMP/WEB-INF/classes/sqlmap/itsm/pcm/PcmDelvrEntprzMstrDao_sqlMap.xml
89,/Users/changik/workspace/SampleApp/ourhome-itsm/OHITSMP/WEB-INF/classes/sqlmap/itsm/pcm/PcmPcAsstDisuseMgtDao_sqlMap.xml
90,/Users/changik/workspace/SampleApp/ourhome-itsm/OHITSMP/WEB-INF/classes/sqlmap/itsm/pcm/PcmPcRcptCfmDao_sqlMap.xml
91,/Users/changik/workspace/SampleApp/ourhome-itsm/OHITSMP/WEB-INF/classes/sqlmap/itsm/pcm/PcmPcAsstTrfctrDao_sqlMap.xml
92,/Users/changik/workspace/SampleApp/ourhome-itsm/OHITSMP/WEB-INF/classes/sqlmap/itsm/pcm/PcmPcIdleAsstRgtDao_sqlMap.xml
93,/Users/changik/workspace/SampleApp/ourhome-itsm/OHITSMP/WEB-INF/classes/sqlmap/itsm/pcm/PcmPcAsstOrdrgDao_sqlMap.xml
94,/Users/changik/workspace/SampleApp/ourhome-itsm/OHITSMP/WEB-INF/classes/sqlmap/itsm/pcm/PcmPcSndngMgtDao_sqlMap.xml
95,/Users/changik/workspace/SampleApp/ourhome-itsm/OHITSMP/WEB-INF/classes/sqlmap/itsm/pcm/PcmPcAsstDisuseDao_sqlMap.xml
96,/Users/changik/workspace/SampleApp/ourhome-itsm/OHITSMP/WEB-INF/classes/sqlmap/itsm/pcm/PcmPcAsstMgtPrstsDao_sqlMap.xml
97,/Users/changik/workspace/SampleApp/ourhome-itsm/OHITSMP/WEB-INF/classes/sqlmap/itsm/pcm/PcmPcDelvrMgtDao_sqlMap.xml
98,/Users/changik/workspace/SampleApp/ourhome-itsm/OHITSMP/WEB-INF/classes/sqlmap/itsm/pcm/PcmComDao_sqlMap.xml
99,/Users/changik/workspace/SampleApp/ourhome-itsm/OHITSMP/WEB-INF/classes/sqlmap/itsm/pcm/PcmGoodMstrDao_sqlMap.xml
100,/Users/changik/workspace/SampleApp/ourhome-itsm/OHITSMP/WEB-INF/classes/sqlmap/itsm/pcm/PcmPcReprRqstDao_sqlMap.xml
101,/Users/changik/workspace/SampleApp/ourhome-itsm/OHITSMP/WEB-INF/classes/sqlmap/itsm/pcm/PcmPcAsstRgtPrstsDao_sqlMap.xml
102,/Users/changik/workspace/SampleApp/ourhome-itsm/OHITSMP/WEB-INF/classes/sqlmap/itsm/pcm/PcmPcIdleAsstAplDao_sqlMap.xml
103,/Users/changik/workspace/SampleApp/ourhome-itsm/OHITSMP/WEB-INF/classes/sqlmap/itsm/isec/IsecMailSearchDao_sqlMap.xml
104,/Users/changik/workspace/SampleApp/ourhome-itsm/OHITSMP/WEB-INF/classes/sqlmap/com/FileDao_sqlMap.xml
105,/Users/changik/workspace/SampleApp/ourhome-itsm/OHITSMP/WEB-INF/classes/sqlmap/com/LoginDao_sqlMap.xml
106,/Users/changik/workspace/SampleApp/ourhome-itsm/OHITSMP/WEB-INF/classes/sqlmap/com/AccessLoggingDao_sqlMap.xml
107,/Users/changik/workspace/SampleApp/ourhome-itsm/OHITSMP/WEB-INF/classes/sqlmap/com/MessageDao_sqlMap.xml
108,/Users/changik/workspace/SampleApp/ourhome-itsm/OHITSMP/WEB-INF/classes/sqlmap/com/ComCodeDao_sqlMap.xml
109,/Users/changik/workspace/SampleApp/ourhome-itsm/OHITSMP/WEB-INF/classes/sqlmap/com/FavoritesDao_sqlMap.xml
110,/Users/changik/workspace/SampleApp/ourhome-itsm/OHITSMP/WEB-INF/classes/sqlmap/com/FileMgtDao_sqlMap.xml
