No.,Filename,Namespace,DAO Class,Parent DAO Class,Transform Target
1,/Users/changik/workspace/SampleApp/ourhome-itsm/OHITSMP/WEB-INF/classes/sqlmap/pilot/BoardDao_sqlMap.xml,boardDao,BoardDao_sqlMap,,Y
2,/Users/changik/workspace/SampleApp/ourhome-itsm/OHITSMP/WEB-INF/classes/sqlmap/pilot/code/CodeDao_sqlMap.xml,codeDao,CodeDao_sqlMap,,Y
3,/Users/changik/workspace/SampleApp/ourhome-itsm/OHITSMP/WEB-INF/classes/sqlmap/pilot/TestDao_sqlMap.xml,testDao,TestDao_sqlMap,,Y
4,/Users/changik/workspace/SampleApp/ourhome-itsm/OHITSMP/WEB-INF/classes/sqlmap/mro/mst/notice/FaqDao_sqlMap.xml,faqDao,FaqDao_sqlMap,,Y
5,/Users/changik/workspace/SampleApp/ourhome-itsm/OHITSMP/WEB-INF/classes/sqlmap/mro/mst/com01/RecommGoodMgtDao_sqlMap.xml,recommGoodMgtDao,RecommGoodMgtDao_sqlMap,,Y
6,/Users/changik/workspace/SampleApp/ourhome-itsm/OHITSMP/WEB-INF/classes/sqlmap/mro/mst/com01/ComCdMgtDao_sqlMap.xml,comCdMgtDao,ComCdMgtDao_sqlMap,,Y
7,/Users/changik/workspace/SampleApp/ourhome-itsm/OHITSMP/WEB-INF/classes/sqlmap/mro/mst/com01/ExpsubAcctMgtDao_sqlMap.xml,expsubAcctMgtDao,ExpsubAcctMgtDao_sqlMap,,Y
8,/Users/changik/workspace/SampleApp/ourhome-itsm/OHITSMP/WEB-INF/classes/sqlmap/mro/mst/com01/ClhaCtrCdSrchDao_sqlMap.xml,clhaCtrCdSrchDao,ClhaCtrCdSrchDao_sqlMap,,Y
9,/Users/changik/workspace/SampleApp/ourhome-itsm/OHITSMP/WEB-INF/classes/sqlmap/mro/mst/com01/ComUtMgtDao_sqlMap.xml,comUtMgtDao,ComUtMgtDao_sqlMap,,Y
10,/Users/changik/workspace/SampleApp/ourhome-itsm/OHITSMP/WEB-INF/classes/sqlmap/mro/mst/com01/IwhDayMgtDao_sqlMap.xml,iwhDayMgtDao,IwhDayMgtDao_sqlMap,,Y
11,/Users/changik/workspace/SampleApp/ourhome-itsm/OHITSMP/WEB-INF/classes/sqlmap/mro/mst/com01/HldyMgtDao_sqlMap.xml,hldyMgtDao,HldyMgtDao_sqlMap,,Y
12,/Users/changik/workspace/SampleApp/ourhome-itsm/OHITSMP/WEB-INF/classes/sqlmap/mro/rpt/rpt01/PopByprodBuyAmtMgtDao_sqlMap.xml,popByprodBuyAmtMgtDao,PopByprodBuyAmtMgtDao_sqlMap,,Y
13,/Users/changik/workspace/SampleApp/ourhome-itsm/OHITSMP/WEB-INF/classes/sqlmap/mro/rpt/rpt01/BybzplBuyAmtMgtDao_sqlMap.xml,bybzplBuyAmtMgtDao,BybzplBuyAmtMgtDao_sqlMap,,Y
14,/Users/changik/workspace/SampleApp/ourhome-itsm/OHITSMP/WEB-INF/classes/sqlmap/mro/rpt/rpt01/ByprodBuyAmtMgtDao_sqlMap.xml,byprodBuyAmtMgtDao,ByprodBuyAmtMgtDao_sqlMap,,Y
15,/Users/changik/workspace/SampleApp/ourhome-itsm/OHITSMP/WEB-INF/classes/sqlmap/mro/sys/sys01/PgmUseLogInqryDao_sqlMap.xml,pgmUseLogInqryDao,PgmUseLogInqryDao_sqlMap,,Y
16,/Users/changik/workspace/SampleApp/ourhome-itsm/OHITSMP/WEB-INF/classes/sqlmap/mro/sys/sys01/MenuMgtDao_sqlMap.xml,menuMgtDao,MenuMgtDao_sqlMap,,Y
17,/Users/changik/workspace/SampleApp/ourhome-itsm/OHITSMP/WEB-INF/classes/sqlmap/mro/sys/sys01/PgmMgtDao_sqlMap.xml,pgmMgtDao,PgmMgtDao_sqlMap,,Y
18,/Users/changik/workspace/SampleApp/ourhome-itsm/OHITSMP/WEB-INF/classes/sqlmap/mro/sys/sys01/PgmSrchDao_sqlMap.xml,pgmSrchDao,PgmSrchDao_sqlMap,,Y
19,/Users/changik/workspace/SampleApp/ourhome-itsm/OHITSMP/WEB-INF/classes/sqlmap/mro/sys/sys03/TypeByExeOrdStddMgtDao_sqlMap.xml,typeByExeOrdStddMgtDao,TypeByExeOrdStddMgtDao_sqlMap,,Y
20,/Users/changik/workspace/SampleApp/ourhome-itsm/OHITSMP/WEB-INF/classes/sqlmap/mro/sys/sys02/UsrAuthGrntHistInqryDao_sqlMap.xml,usrAuthGrntHistInqryDao,UsrAuthGrntHistInqryDao_sqlMap,,Y
21,/Users/changik/workspace/SampleApp/ourhome-itsm/OHITSMP/WEB-INF/classes/sqlmap/mro/sys/sys02/UsrCorpAuthMgtDao_sqlMap.xml,usrCorpAuthMgtDao,UsrCorpAuthMgtDao_sqlMap,,Y
22,/Users/changik/workspace/SampleApp/ourhome-itsm/OHITSMP/WEB-INF/classes/sqlmap/mro/sys/sys02/AuthSrchDao_sqlMap.xml,authSrchDao,AuthSrchDao_sqlMap,,Y
23,/Users/changik/workspace/SampleApp/ourhome-itsm/OHITSMP/WEB-INF/classes/sqlmap/mro/sys/sys02/UsrSprtlyBtnAuthYnDao_sqlMap.xml,usrSprtlyBtnAuthYnDao,UsrSprtlyBtnAuthYnDao_sqlMap,,Y
24,/Users/changik/workspace/SampleApp/ourhome-itsm/OHITSMP/WEB-INF/classes/sqlmap/mro/sys/sys02/AuthMenuMgtDao_sqlMap.xml,authMenuMgtDao,AuthMenuMgtDao_sqlMap,,Y
25,/Users/changik/workspace/SampleApp/ourhome-itsm/OHITSMP/WEB-INF/classes/sqlmap/mro/sys/sys02/SprtlyBtnAuthYnDao_sqlMap.xml,sprtlyBtnAuthYnDao,SprtlyBtnAuthYnDao_sqlMap,,Y
26,/Users/changik/workspace/SampleApp/ourhome-itsm/OHITSMP/WEB-INF/classes/sqlmap/mro/sys/sys02/UsrMgtDao_sqlMap.xml,usrMgtDao,UsrMgtDao_sqlMap,,Y
27,/Users/changik/workspace/SampleApp/ourhome-itsm/OHITSMP/WEB-INF/classes/sqlmap/mro/sys/sys02/UsrBldgAuthMgtDao_sqlMap.xml,usrBldgAuthMgtDao,UsrBldgAuthMgtDao_sqlMap,,Y
28,/Users/changik/workspace/SampleApp/ourhome-itsm/OHITSMP/WEB-INF/classes/sqlmap/mro/sys/sys02/CloseAccDrdlvrGoodMgtDao_sqlMap.xml,closeAccDrdlvrGoodMgtDao,CloseAccDrdlvrGoodMgtDao_sqlMap,,Y
29,/Users/changik/workspace/SampleApp/ourhome-itsm/OHITSMP/WEB-INF/classes/sqlmap/mro/sys/sys02/HrEmpSrchDao_sqlMap.xml,hrEmpSrchDao,HrEmpSrchDao_sqlMap,,Y
30,/Users/changik/workspace/SampleApp/ourhome-itsm/OHITSMP/WEB-INF/classes/sqlmap/mro/sys/sys02/UsrSprtlyMenuMgtDao_sqlMap.xml,usrSprtlyMenuMgtDao,UsrSprtlyMenuMgtDao_sqlMap,,Y
31,/Users/changik/workspace/SampleApp/ourhome-itsm/OHITSMP/WEB-INF/classes/sqlmap/mro/sys/sys02/AuthCopyDao_sqlMap.xml,authCopyDao,AuthCopyDao_sqlMap,,Y
32,/Users/changik/workspace/SampleApp/ourhome-itsm/OHITSMP/WEB-INF/classes/sqlmap/mro/sys/sys02/UsrAuthMgtDao_sqlMap.xml,usrAuthMgtDao,UsrAuthMgtDao_sqlMap,,Y
33,/Users/changik/workspace/SampleApp/ourhome-itsm/OHITSMP/WEB-INF/classes/sqlmap/mro/ord/ord01/aprvlOrdrgMgtDao_sqlMap.xml,aprvlOrdrgMgtDao,aprvlOrdrgMgtDao_sqlMap,,Y
34,/Users/changik/workspace/SampleApp/ourhome-itsm/OHITSMP/WEB-INF/classes/sqlmap/mro/ord/ord01/ExpsubOrdrgMgtDao_sqlMap.xml,expsubOrdrgMgtDao,ExpsubOrdrgMgtDao_sqlMap,,Y
35,/Users/changik/workspace/SampleApp/ourhome-itsm/OHITSMP/WEB-INF/classes/sqlmap/mro/ord/ord02/DivClaRqstRgtDao_sqlMap.xml,divClaRqstRgtDao,DivClaRqstRgtDao_sqlMap,,Y
36,/Users/changik/workspace/SampleApp/ourhome-itsm/OHITSMP/WEB-INF/classes/sqlmap/mro/ord/ord05/PosPpMonSubulMgtDao_sqlMap.xml,posPpMonSubulMgtDao,PosPpMonSubulMgtDao_sqlMap,,Y
37,/Users/changik/workspace/SampleApp/ourhome-itsm/OHITSMP/WEB-INF/classes/sqlmap/mro/ord/ord05/PosPpTrfctrRqstMgtDao_sqlMap.xml,posPpTrfctrRqstMgtDao,PosPpTrfctrRqstMgtDao_sqlMap,,Y
38,/Users/changik/workspace/SampleApp/ourhome-itsm/OHITSMP/WEB-INF/classes/sqlmap/mro/ord/ord05/PosPpTrfctAprvMgtDao_sqlMap.xml,posPpTrfctAprvMgtDao,PosPpTrfctAprvMgtDao_sqlMap,,Y
39,/Users/changik/workspace/SampleApp/ourhome-itsm/OHITSMP/WEB-INF/classes/sqlmap/mro/ord/ord05/PosPpOrdrgMgtDao_sqlMap.xml,posPpOrdrgMgtDao,PosPpOrdrgMgtDao_sqlMap,,Y
40,/Users/changik/workspace/SampleApp/ourhome-itsm/OHITSMP/WEB-INF/classes/sqlmap/mro/ord/ord04/RegnLawDocMgtDao_sqlMap.xml,regnLawDocMgtDao,RegnLawDocMgtDao_sqlMap,,Y
41,/Users/changik/workspace/SampleApp/ourhome-itsm/OHITSMP/WEB-INF/classes/sqlmap/mro/ord/ord04/RcvsndRqstMgtDao_sqlMap.xml,rcvsndRqstMgtDao,RcvsndRqstMgtDao_sqlMap,,Y
42,/Users/changik/workspace/SampleApp/ourhome-itsm/OHITSMP/WEB-INF/classes/sqlmap/mro/ord/ord03/PopMstrRgtMgtDao_sqlMap.xml,popMstrRgtMgtDao,PopMstrRgtMgtDao_sqlMap,,Y
43,/Users/changik/workspace/SampleApp/ourhome-itsm/OHITSMP/WEB-INF/classes/sqlmap/mro/ord/ord03/PopCloseMgtDao_sqlMap.xml,popCloseMgtDao,PopCloseMgtDao_sqlMap,,Y
44,/Users/changik/workspace/SampleApp/ourhome-itsm/OHITSMP/WEB-INF/classes/sqlmap/mro/ord/ord03/PopOrdrgMgtDao_sqlMap.xml,popOrdrgMgtDao,PopOrdrgMgtDao_sqlMap,,Y
45,/Users/changik/workspace/SampleApp/ourhome-itsm/OHITSMP/WEB-INF/classes/sqlmap/mro/ord/ord03/PopSntcRgtMgtDao_sqlMap.xml,popSntcRgtMgtDao,PopSntcRgtMgtDao_sqlMap,,Y
46,/Users/changik/workspace/SampleApp/ourhome-itsm/OHITSMP/WEB-INF/classes/sqlmap/mro/com/MroComDao_sqlMap.xml,mroComDao,MroComDao_sqlMap,,Y
47,/Users/changik/workspace/SampleApp/ourhome-itsm/OHITSMP/WEB-INF/classes/sqlmap/itsm/csr/CsrMonthBackupRsltDao_sqlMap.xml,csrMonthBackupRsltDao,CsrMonthBackupRsltDao_sqlMap,,Y
48,/Users/changik/workspace/SampleApp/ourhome-itsm/OHITSMP/WEB-INF/classes/sqlmap/itsm/csr/CsrTestSearchDao_sqlMap.xml,csrTestSearchDao,CsrTestSearchDao_sqlMap,,Y
49,/Users/changik/workspace/SampleApp/ourhome-itsm/OHITSMP/WEB-INF/classes/sqlmap/itsm/csr/CsrSystemOprtnPrstsDao_sqlMap.xml,csrSystemOprtnPrstsDao,CsrSystemOprtnPrstsDao_sqlMap,,Y
50,/Users/changik/workspace/SampleApp/ourhome-itsm/OHITSMP/WEB-INF/classes/sqlmap/itsm/csr/CsrSlaEvalDao_sqlMap.xml,csrSlaEvalDao,CsrSlaEvalDao_sqlMap,,Y
51,/Users/changik/workspace/SampleApp/ourhome-itsm/OHITSMP/WEB-INF/classes/sqlmap/itsm/csr/CsrDistributeSearchDao_sqlMap.xml,csrDistributeSearchDao,CsrDistributeSearchDao_sqlMap,,Y
52,/Users/changik/workspace/SampleApp/ourhome-itsm/OHITSMP/WEB-INF/classes/sqlmap/itsm/csr/AuthReqMgtDao_sqlMap.xml,authReqMgtDao,AuthReqMgtDao_sqlMap,,Y
53,/Users/changik/workspace/SampleApp/ourhome-itsm/OHITSMP/WEB-INF/classes/sqlmap/itsm/csr/CsrReqAdmMgtDao_sqlMap.xml,csrReqAdmMgtDao,CsrReqAdmMgtDao_sqlMap,,Y
54,/Users/changik/workspace/SampleApp/ourhome-itsm/OHITSMP/WEB-INF/classes/sqlmap/itsm/csr/CsrMainDao_sqlMap.xml,csrMainDao,CsrMainDao_sqlMap,,Y
55,/Users/changik/workspace/SampleApp/ourhome-itsm/OHITSMP/WEB-INF/classes/sqlmap/itsm/csr/CsrRptDao_sqlMap.xml,csrRptDao,CsrRptDao_sqlMap,,Y
56,/Users/changik/workspace/SampleApp/ourhome-itsm/OHITSMP/WEB-INF/classes/sqlmap/itsm/csr/ProjectMgtDao_sqlMap.xml,projectMgtDao,ProjectMgtDao_sqlMap,,Y
57,/Users/changik/workspace/SampleApp/ourhome-itsm/OHITSMP/WEB-INF/classes/sqlmap/itsm/csr/CsrQuatMntrgRegDao_sqlMap.xml,csrQuatMntrgRegDao,CsrQuatMntrgRegDao_sqlMap,,Y
58,/Users/changik/workspace/SampleApp/ourhome-itsm/OHITSMP/WEB-INF/classes/sqlmap/itsm/csr/CsrBatchJobDayRptDao_sqlMap.xml,csrBatchJobDayRptDao,CsrBatchJobDayRptDao_sqlMap,,Y
59,/Users/changik/workspace/SampleApp/ourhome-itsm/OHITSMP/WEB-INF/classes/sqlmap/itsm/csr/CsrBatchJobRegDao_sqlMap.xml,csrBatchJobRegDao,CsrBatchJobRegDao_sqlMap,,Y
60,/Users/changik/workspace/SampleApp/ourhome-itsm/OHITSMP/WEB-INF/classes/sqlmap/itsm/csr/StndWorkHourMgtDao_sqlMap.xml,stndWorkHourMgtDao,StndWorkHourMgtDao_sqlMap,,Y
61,/Users/changik/workspace/SampleApp/ourhome-itsm/OHITSMP/WEB-INF/classes/sqlmap/itsm/csr/CsrObsPrcsRsltRptgDao_sqlMap.xml,csrObsPrcsRsltRptgDao,CsrObsPrcsRsltRptgDao_sqlMap,,Y
62,/Users/changik/workspace/SampleApp/ourhome-itsm/OHITSMP/WEB-INF/classes/sqlmap/itsm/csr/CsrTestRegDao_sqlMap.xml,csrTestRegDao,CsrTestRegDao_sqlMap,,Y
63,/Users/changik/workspace/SampleApp/ourhome-itsm/OHITSMP/WEB-INF/classes/sqlmap/itsm/csr/CsrCommonDao_sqlMap.xml,csrCommonDao,CsrCommonDao_sqlMap,,Y
64,/Users/changik/workspace/SampleApp/ourhome-itsm/OHITSMP/WEB-INF/classes/sqlmap/itsm/csr/NoticeDao_sqlMap.xml,noticeDao,NoticeDao_sqlMap,,Y
65,/Users/changik/workspace/SampleApp/ourhome-itsm/OHITSMP/WEB-INF/classes/sqlmap/itsm/csr/CsrBatchJobMstMngDao_sqlMap.xml,csrBatchJobMstMngDao,CsrBatchJobMstMngDao_sqlMap,,Y
66,/Users/changik/workspace/SampleApp/ourhome-itsm/OHITSMP/WEB-INF/classes/sqlmap/itsm/csr/CsrConfMgtDao_sqlMap.xml,csrConfMgtDao,CsrConfMgtDao_sqlMap,,Y
67,/Users/changik/workspace/SampleApp/ourhome-itsm/OHITSMP/WEB-INF/classes/sqlmap/itsm/csr/CsrRcvMgtDao_sqlMap.xml,csrRcvMgtDao,CsrRcvMgtDao_sqlMap,,Y
68,/Users/changik/workspace/SampleApp/ourhome-itsm/OHITSMP/WEB-INF/classes/sqlmap/itsm/csr/CsrObsPrcsSearchDao_sqlMap.xml,csrObsPrcsSearchDao,CsrObsPrcsSearchDao_sqlMap,,Y
69,/Users/changik/workspace/SampleApp/ourhome-itsm/OHITSMP/WEB-INF/classes/sqlmap/itsm/csr/CsrTestResultRegDao_sqlMap.xml,csrTestResultRegDao,CsrTestResultRegDao_sqlMap,,Y
70,/Users/changik/workspace/SampleApp/ourhome-itsm/OHITSMP/WEB-INF/classes/sqlmap/itsm/csr/SystemOperMgtDao_sqlMap.xml,systemOperMgtDao,SystemOperMgtDao_sqlMap,,Y
71,/Users/changik/workspace/SampleApp/ourhome-itsm/OHITSMP/WEB-INF/classes/sqlmap/itsm/csr/CsrUsrEvalDao_sqlMap.xml,csrUsrEvalDao,CsrUsrEvalDao_sqlMap,,Y
72,/Users/changik/workspace/SampleApp/ourhome-itsm/OHITSMP/WEB-INF/classes/sqlmap/itsm/csr/TemplateMgtDao_sqlMap.xml,templateMgtDao,TemplateMgtDao_sqlMap,,Y
73,/Users/changik/workspace/SampleApp/ourhome-itsm/OHITSMP/WEB-INF/classes/sqlmap/itsm/csr/CsrSearchDao_sqlMap.xml,csrSearchDao,CsrSearchDao_sqlMap,,Y
74,/Users/changik/workspace/SampleApp/ourhome-itsm/OHITSMP/WEB-INF/classes/sqlmap/itsm/csr/CsrQuatMntrgSearchDao_sqlMap.xml,csrQuatMntrgSearchDao,CsrQuatMntrgSearchDao_sqlMap,,Y
75,/Users/changik/workspace/SampleApp/ourhome-itsm/OHITSMP/WEB-INF/classes/sqlmap/itsm/csr/CsrApiDao_sqlMap.xml,csrApiDao,CsrApiDao_sqlMap,,Y
76,/Users/changik/workspace/SampleApp/ourhome-itsm/OHITSMP/WEB-INF/classes/sqlmap/itsm/csr/CsrMasterMgtDao_sqlMap.xml,csrMasterMgtDao,CsrMasterMgtDao_sqlMap,,Y
77,/Users/changik/workspace/SampleApp/ourhome-itsm/OHITSMP/WEB-INF/classes/sqlmap/itsm/csr/CsrMailDao_sqlMap.xml,csrMailDao,CsrMailDao_sqlMap,,Y
78,/Users/changik/workspace/SampleApp/ourhome-itsm/OHITSMP/WEB-INF/classes/sqlmap/itsm/csr/CsrReqMgtDao_sqlMap.xml,csrReqMgtDao,CsrReqMgtDao_sqlMap,,Y
79,/Users/changik/workspace/SampleApp/ourhome-itsm/OHITSMP/WEB-INF/classes/sqlmap/itsm/comm/apr/ApproveDao_sqlMap.xml,approveDao,ApproveDao_sqlMap,,Y
80,/Users/changik/workspace/SampleApp/ourhome-itsm/OHITSMP/WEB-INF/classes/sqlmap/itsm/comm/apr/ElecApprMgtDao_sqlMap.xml,elecApprMgtDao,ElecApprMgtDao_sqlMap,,Y
81,/Users/changik/workspace/SampleApp/ourhome-itsm/OHITSMP/WEB-INF/classes/sqlmap/itsm/sys/sys02/UsrSrch2Dao_sqlMap.xml,usrSrch2Dao,UsrSrch2Dao_sqlMap,,Y
82,/Users/changik/workspace/SampleApp/ourhome-itsm/OHITSMP/WEB-INF/classes/sqlmap/itsm/sys/sys02/SysRspbrSrchDao_sqlMap.xml,sysRspbrSrchDao,SysRspbrSrchDao_sqlMap,,Y
83,/Users/changik/workspace/SampleApp/ourhome-itsm/OHITSMP/WEB-INF/classes/sqlmap/itsm/sys/sys02/SysRspbrSrch2Dao_sqlMap.xml,sysRspbrSrch2Dao,SysRspbrSrch2Dao_sqlMap,,Y
84,/Users/changik/workspace/SampleApp/ourhome-itsm/OHITSMP/WEB-INF/classes/sqlmap/itsm/sys/sys02/CsrNoSrchDao_sqlMap.xml,csrNoSrchDao,CsrNoSrchDao_sqlMap,,Y
85,/Users/changik/workspace/SampleApp/ourhome-itsm/OHITSMP/WEB-INF/classes/sqlmap/itsm/sys/sys02/UsrSrchDao_sqlMap.xml,usrSrchDao,UsrSrchDao_sqlMap,,Y
86,/Users/changik/workspace/SampleApp/ourhome-itsm/OHITSMP/WEB-INF/classes/sqlmap/itsm/sys/sys02/SysAplyRspberSrchDao_sqlMap.xml,sysAplyRspberSrchDao,SysAplyRspberSrchDao_sqlMap,,Y
87,/Users/changik/workspace/SampleApp/ourhome-itsm/OHITSMP/WEB-INF/classes/sqlmap/itsm/pcm/PcmPcRetErMgtDao_sqlMap.xml,pcmPcRetErMgtDao,PcmPcRetErMgtDao_sqlMap,,Y
88,/Users/changik/workspace/SampleApp/ourhome-itsm/OHITSMP/WEB-INF/classes/sqlmap/itsm/pcm/PcmDelvrEntprzMstrDao_sqlMap.xml,pcmDelvrEntprzMstrDao,PcmDelvrEntprzMstrDao_sqlMap,,Y
89,/Users/changik/workspace/SampleApp/ourhome-itsm/OHITSMP/WEB-INF/classes/sqlmap/itsm/pcm/PcmPcAsstDisuseMgtDao_sqlMap.xml,pcmPcAsstDisuseMgtDao,PcmPcAsstDisuseMgtDao_sqlMap,,Y
90,/Users/changik/workspace/SampleApp/ourhome-itsm/OHITSMP/WEB-INF/classes/sqlmap/itsm/pcm/PcmPcRcptCfmDao_sqlMap.xml,pcmPcRcptCfmDao,PcmPcRcptCfmDao_sqlMap,,Y
91,/Users/changik/workspace/SampleApp/ourhome-itsm/OHITSMP/WEB-INF/classes/sqlmap/itsm/pcm/PcmPcAsstTrfctrDao_sqlMap.xml,pcmPcAsstTrfctrDao,PcmPcAsstTrfctrDao_sqlMap,,Y
92,/Users/changik/workspace/SampleApp/ourhome-itsm/OHITSMP/WEB-INF/classes/sqlmap/itsm/pcm/PcmPcIdleAsstRgtDao_sqlMap.xml,pcmPcIdleAsstRgtDao,PcmPcIdleAsstRgtDao_sqlMap,,Y
93,/Users/changik/workspace/SampleApp/ourhome-itsm/OHITSMP/WEB-INF/classes/sqlmap/itsm/pcm/PcmPcAsstOrdrgDao_sqlMap.xml,pcmPcAsstOrdrgDao,PcmPcAsstOrdrgDao_sqlMap,,Y
94,/Users/changik/workspace/SampleApp/ourhome-itsm/OHITSMP/WEB-INF/classes/sqlmap/itsm/pcm/PcmPcSndngMgtDao_sqlMap.xml,pcmPcSndngMgtDao,PcmPcSndngMgtDao_sqlMap,,Y
95,/Users/changik/workspace/SampleApp/ourhome-itsm/OHITSMP/WEB-INF/classes/sqlmap/itsm/pcm/PcmPcAsstDisuseDao_sqlMap.xml,pcmPcAsstDisuseDao,PcmPcAsstDisuseDao_sqlMap,,Y
96,/Users/changik/workspace/SampleApp/ourhome-itsm/OHITSMP/WEB-INF/classes/sqlmap/itsm/pcm/PcmPcAsstMgtPrstsDao_sqlMap.xml,pcmPcAsstMgtPrstsDao,PcmPcAsstMgtPrstsDao_sqlMap,,Y
97,/Users/changik/workspace/SampleApp/ourhome-itsm/OHITSMP/WEB-INF/classes/sqlmap/itsm/pcm/PcmPcDelvrMgtDao_sqlMap.xml,pcmPcDelvrMgtDao,PcmPcDelvrMgtDao_sqlMap,,Y
98,/Users/changik/workspace/SampleApp/ourhome-itsm/OHITSMP/WEB-INF/classes/sqlmap/itsm/pcm/PcmComDao_sqlMap.xml,pcmComDao,PcmComDao_sqlMap,,Y
99,/Users/changik/workspace/SampleApp/ourhome-itsm/OHITSMP/WEB-INF/classes/sqlmap/itsm/pcm/PcmGoodMstrDao_sqlMap.xml,pcmGoodMstrDao,PcmGoodMstrDao_sqlMap,,Y
100,/Users/changik/workspace/SampleApp/ourhome-itsm/OHITSMP/WEB-INF/classes/sqlmap/itsm/pcm/PcmPcReprRqstDao_sqlMap.xml,pcmPcReprRqstDao,PcmPcReprRqstDao_sqlMap,,Y
101,/Users/changik/workspace/SampleApp/ourhome-itsm/OHITSMP/WEB-INF/classes/sqlmap/itsm/pcm/PcmPcAsstRgtPrstsDao_sqlMap.xml,pcmPcAsstRgtPrstsDao,PcmPcAsstRgtPrstsDao_sqlMap,,Y
102,/Users/changik/workspace/SampleApp/ourhome-itsm/OHITSMP/WEB-INF/classes/sqlmap/itsm/pcm/PcmPcIdleAsstAplDao_sqlMap.xml,pcmPcIdleAsstAplDao,PcmPcIdleAsstAplDao_sqlMap,,Y
103,/Users/changik/workspace/SampleApp/ourhome-itsm/OHITSMP/WEB-INF/classes/sqlmap/itsm/isec/IsecMailSearchDao_sqlMap.xml,isecMailSearchDao,IsecMailSearchDao_sqlMap,,Y
104,/Users/changik/workspace/SampleApp/ourhome-itsm/OHITSMP/WEB-INF/classes/sqlmap/com/FileDao_sqlMap.xml,fileDao,FileDao_sqlMap,,Y
105,/Users/changik/workspace/SampleApp/ourhome-itsm/OHITSMP/WEB-INF/classes/sqlmap/com/LoginDao_sqlMap.xml,loginDao,LoginDao_sqlMap,,Y
106,/Users/changik/workspace/SampleApp/ourhome-itsm/OHITSMP/WEB-INF/classes/sqlmap/com/AccessLoggingDao_sqlMap.xml,accessLoggingDao,AccessLoggingDao_sqlMap,,Y
107,/Users/changik/workspace/SampleApp/ourhome-itsm/OHITSMP/WEB-INF/classes/sqlmap/com/MessageDao_sqlMap.xml,messageDao,MessageDao_sqlMap,,Y
108,/Users/changik/workspace/SampleApp/ourhome-itsm/OHITSMP/WEB-INF/classes/sqlmap/com/ComCodeDao_sqlMap.xml,comCodeDao,ComCodeDao_sqlMap,,Y
109,/Users/changik/workspace/SampleApp/ourhome-itsm/OHITSMP/WEB-INF/classes/sqlmap/com/FavoritesDao_sqlMap.xml,favoritesDao,FavoritesDao_sqlMap,,Y
110,/Users/changik/workspace/SampleApp/ourhome-itsm/OHITSMP/WEB-INF/classes/sqlmap/com/FileMgtDao_sqlMap.xml,fileMgtDao,FileMgtDao_sqlMap,,Y
