<?xml version="1.0" encoding="UTF-8"?>
<!DOCTYPE mapper   PUBLIC "-//mybatis.org//DTD Mapper 3.0//EN" "http://mybatis.org/dtd/mybatis-3-mapper.dtd">

<mapper namespace="popByprodBuyAmtMgtDao">
    
    <!-- POP기간별 매입금액 조회(일자별)(갯수) -->
    <select id="popByprodBuyAmtMgtDao.retrievePopByprodBuyAmtCntByDt" resultType="ohMap">
 		<![CDATA[
 			${queryId}
			SELECT NVL(COUNT(*), 0) CNT
			  FROM (
					SELECT A.ORDRG_DT
					     , A.BUSIPL_CD
					     , MAX(A.BUSIPL_NM) BUSIPL_NM
					     , A.DRNG_NM
					     , A.SM_NM
					     , A.POP_CD
					     , MAX(A.POP_NM) POP_NM
					     , A.SPLPRC
					     , SUM(A.ORDRG_QTY) ORDRG_QTY
					     , SUM(A.TOT_AMT) TOT_AMT
					     , MAX(A.TXNCONN_CD) TXNCONN_CD
					     , MAX(A.TXNCONN_NM) TXNCONN_NM
					     , MAX(A.ORD_STATUS) ORD_STATUS
					  FROM (
					        SELECT A.ORDRG_DT
					             , A.BUSIPL_CD
					             , CASE WHEN C.BUSIPL_NM_APLY_DT <= TRUNC(SYSDATE) THEN C.NEW_BUSIPL_NM
					                    ELSE C.OLD_BUSIPL_NM
					                END BUSIPL_NM
					             , (SELECT GRP_CD_NM
					                  FROM TB_COM000
					                 WHERE GRP_CD = B.DRNG_CD
					               ) DRNG_NM
					             , (SELECT COM_CD_NM
					                  FROM TB_COM001
					                 WHERE GRP_CD = B.DRNG_CD
					                   AND COM_CD = B.SM_CD
					                   AND USE_YN = 'Y'
					               ) SM_NM
					             , A.POP_CD
					             , B.POP_NM
					             , A.SPLPRC
					             , A.ORDRG_QTY
					             , A.SPLPRC*ORDRG_QTY TOT_AMT
					             , B.TXNCONN_CD
					             , CASE WHEN D.TXNCONN_NM_APLY_DT <= TRUNC(SYSDATE) THEN D.NEW_TXNCONN_NM
					                    ELSE D.OLD_TXNCONN_NM
					                END TXNCONN_NM
					             , CASE WHEN A.DOC_RCVSND_RQST_YN = 'Y' THEN '문서수발요청'
					                    WHEN A.CLOSE_YN = 'Y' THEN '수주마감'
					                    ELSE '발주등록'
					                END ORD_STATUS
					          FROM TB_MPP002 A
					             , TB_MPP003 B
					             , OAS_APP.TB_MBU001 C
					             , OAS_APP.TB_MCU005 D
					         WHERE A.CORP_CD    = B.CORP_CD
					           AND A.POP_CD     = B.POP_CD
					           AND A.CORP_CD    = C.CORP_CD
					           AND A.BUSIPL_CD  = C.BUSIPL_CD
					           AND B.CORP_CD    = D.CORP_CD
					           AND B.TXNCONN_CD = D.TXNCONN_CD
					           AND A.CLOSE_YN   = 'Y'
					           AND A.CORP_CD = #{corpCd}/*PARAM, 법인코드*/
				]]>
				<if test="deptCd != null and deptCd != '' ">
					           AND A.DEPT_CD = #{deptCd}
				</if>
				<![CDATA[
					           AND A.ORDRG_DT BETWEEN TO_DATE(#{iwhFromDt}, 'YYYYMMDD')/*PARAM, 신청기간 FROM*/ AND TO_DATE(#{iwhToDt}, 'YYYYMMDD')/*PARAM, 신청기간 TO*/
			           
					           AND B.DRNG_CD = ''/*PARAM, 대분류코드*/
					           AND B.SM_CD   = ''/*PARAM, 소분류코드*/
					       ) A
					 GROUP BY A.ORDRG_DT, A.BUSIPL_CD, A.DRNG_NM, A.SM_NM, A.POP_CD, A.SPLPRC
		    	)
		]]>

	</select>
	
	<!-- POP기간별 매입금액 조회(일자별) -->
	<select id="popByprodBuyAmtMgtDao.retrievePopByprodBuyAmtListByDt" resultType="ohMap">
 		<![CDATA[
 			${queryId}
			SELECT A.ORDRG_DT
			     , A.BUSIPL_CD
			     , MAX(A.BUSIPL_NM) BUSIPL_NM
			     , A.DRNG_NM
			     , A.SM_NM
			     , A.POP_CD
			     , MAX(A.POP_NM) POP_NM
			     , A.SPLPRC
			     , SUM(A.ORDRG_QTY) ORDRG_QTY
			     , SUM(A.TOT_AMT) TOT_AMT
			     , MAX(A.TXNCONN_CD) TXNCONN_CD
			     , MAX(A.TXNCONN_NM) TXNCONN_NM
			     , MAX(A.ORD_STATUS) ORD_STATUS
			  FROM (
			        SELECT A.ORDRG_DT
			             , A.BUSIPL_CD
			             , CASE WHEN C.BUSIPL_NM_APLY_DT <= TRUNC(SYSDATE) THEN C.NEW_BUSIPL_NM
			                    ELSE C.OLD_BUSIPL_NM
			                END BUSIPL_NM
			             , (SELECT GRP_CD_NM
			                  FROM TB_COM000
			                 WHERE GRP_CD = B.DRNG_CD
			               ) DRNG_NM
			             , (SELECT COM_CD_NM
			                  FROM TB_COM001
			                 WHERE GRP_CD = B.DRNG_CD
			                   AND COM_CD = B.SM_CD
			                   AND USE_YN = 'Y'
			               ) SM_NM
			             , A.POP_CD
			             , B.POP_NM
			             , A.SPLPRC
			             , A.ORDRG_QTY
			             , A.SPLPRC*ORDRG_QTY TOT_AMT
			             , B.TXNCONN_CD
			             , CASE WHEN D.TXNCONN_NM_APLY_DT <= TRUNC(SYSDATE) THEN D.NEW_TXNCONN_NM
			                    ELSE D.OLD_TXNCONN_NM
			                END TXNCONN_NM
			             , CASE WHEN A.DOC_RCVSND_RQST_YN = 'Y' THEN '문서수발요청'
			                    WHEN A.CLOSE_YN = 'Y' THEN '수주마감'
			                    ELSE '발주등록'
			                END ORD_STATUS
			          FROM TB_MPP002 A
			             , TB_MPP003 B
			             , OAS_APP.TB_MBU001 C
			             , OAS_APP.TB_MCU005 D
			         WHERE A.CORP_CD    = B.CORP_CD
			           AND A.POP_CD     = B.POP_CD
			           AND A.CORP_CD    = C.CORP_CD
			           AND A.BUSIPL_CD  = C.BUSIPL_CD
			           AND B.CORP_CD    = D.CORP_CD
			           AND B.TXNCONN_CD = D.TXNCONN_CD
			           AND A.CLOSE_YN   = 'Y'
			           AND A.CORP_CD = #{corpCd}/*PARAM, 법인코드*/
			           AND A.ORDRG_DT BETWEEN TO_DATE(#{iwhFromDt}, 'YYYYMMDD')/*PARAM, 신청기간 FROM*/ AND TO_DATE(#{iwhToDt}, 'YYYYMMDD')/*PARAM, 신청기간 TO*/
		]]>
		<if test="deptCd != null and deptCd != '' ">
			           AND A.DEPT_CD = #{deptCd}
		</if>
		<if test="lgcsfCd != null and lgcsfCd != '' ">
			           AND B.DRNG_CD = #{lgcsfCd}/*PARAM, 대분류코드*/
	    </if>
	    <if test="smcsfCd != null and smcsfCd != '' ">
			           AND B.SM_CD   = SUBSTR(#{smcsfCd}, 6, 2)	/*PARAM, 소분류코드*/
	    </if>
		<![CDATA[
			       ) A
			 GROUP BY A.ORDRG_DT, A.BUSIPL_CD, A.DRNG_NM, A.SM_NM, A.POP_CD, A.SPLPRC
		]]>
	</select>
	
	<!-- POP기간별 매입금액 조회(상품별)(갯수) -->
	<select id="popByprodBuyAmtMgtDao.retrievePopByprodBuyAmtCntByGoodCd" resultType="ohMap">
 		<![CDATA[
 			${queryId}

			SELECT NVL(COUNT(*), 0) CNT
			  FROM (
					SELECT '' ORDRG_DT
					     , A.BUSIPL_CD
					     , MAX(A.BUSIPL_NM) BUSIPL_NM
					     , A.DRNG_NM
					     , A.SM_NM
					     , A.POP_CD
					     , MAX(A.POP_NM) POP_NM
					     , A.SPLPRC
					     , SUM(A.ORDRG_QTY) ORDRG_QTY
					     , SUM(A.TOT_AMT) TOT_AMT
					     , MAX(A.TXNCONN_CD) TXNCONN_CD
					     , MAX(A.TXNCONN_NM) TXNCONN_NM
					     , MAX(A.ORD_STATUS) ORD_STATUS
					  FROM (
					        SELECT '' ORDRG_DT
					             , A.BUSIPL_CD
					             , CASE WHEN C.BUSIPL_NM_APLY_DT <= TRUNC(SYSDATE) THEN C.NEW_BUSIPL_NM
					                    ELSE C.OLD_BUSIPL_NM
					                END BUSIPL_NM
					             , (SELECT GRP_CD_NM
					                  FROM TB_COM000
					                 WHERE GRP_CD = B.DRNG_CD
					               ) DRNG_NM
					             , (SELECT COM_CD_NM
					                  FROM TB_COM001
					                 WHERE GRP_CD = B.DRNG_CD
					                   AND COM_CD = B.SM_CD
					                   AND USE_YN = 'Y'
					               ) SM_NM
					             , A.POP_CD
					             , B.POP_NM
					             , A.SPLPRC
					             , A.ORDRG_QTY
					             , A.SPLPRC*ORDRG_QTY TOT_AMT
					             , B.TXNCONN_CD
					             , CASE WHEN D.TXNCONN_NM_APLY_DT <= TRUNC(SYSDATE) THEN D.NEW_TXNCONN_NM
					                    ELSE D.OLD_TXNCONN_NM
					                END TXNCONN_NM
					             , CASE WHEN A.DOC_RCVSND_RQST_YN = 'Y' THEN '문서수발요청'
					                    WHEN A.CLOSE_YN = 'Y' THEN '수주마감'
					                    ELSE '발주등록'
					                END ORD_STATUS
					          FROM TB_MPP002 A
					             , TB_MPP003 B
					             , OAS_APP.TB_MBU001 C
					             , OAS_APP.TB_MCU005 D
					         WHERE A.CORP_CD    = B.CORP_CD
					           AND A.POP_CD     = B.POP_CD
					           AND A.CORP_CD    = C.CORP_CD
					           AND A.BUSIPL_CD  = C.BUSIPL_CD
					           AND B.CORP_CD    = D.CORP_CD
					           AND B.TXNCONN_CD = D.TXNCONN_CD
					           AND A.CLOSE_YN   = 'Y'
					           AND A.CORP_CD = #{corpCd}/*PARAM, 법인코드*/
				]]>
				
				<if test="deptCd != null and deptCd != '' ">
					           AND A.DEPT_CD = #{deptCd}
				</if>
				<if test="lgcsfCd != null and lgcsfCd != '' ">
			           AND B.DRNG_CD = #{lgcsfCd}/*PARAM, 대분류코드*/
			    </if>
			    <if test="smcsfCd != null and smcsfCd != '' ">
					           AND B.SM_CD   = SUBSTR(#{smcsfCd}, 6, 2)	/*PARAM, 소분류코드*/
			    </if>
				
				<![CDATA[
					           
					           AND A.ORDRG_DT BETWEEN TO_DATE(#{iwhFromDt}, 'YYYYMMDD')/*PARAM, 신청기간 FROM*/ AND TO_DATE(#{iwhToDt}, 'YYYYMMDD')/*PARAM, 신청기간 TO*/
					           
					       ) A
					 GROUP BY A.BUSIPL_CD, A.DRNG_NM, A.SM_NM, A.POP_CD, A.SPLPRC
							)
				]]>
		
		


	</select>
	
	<!-- POP기간별 매입금액 조회(상품별) -->
	<select id="popByprodBuyAmtMgtDao.retrievePopByprodBuyAmtListByGoodCd" resultType="ohMap">
 		<![CDATA[
 			${queryId}
			SELECT '' ORDRG_DT
			     , A.BUSIPL_CD
			     , MAX(A.BUSIPL_NM) BUSIPL_NM
			     , A.DRNG_NM
			     , A.SM_NM
			     , A.POP_CD
			     , MAX(A.POP_NM) POP_NM
			     , A.SPLPRC
			     , SUM(A.ORDRG_QTY) ORDRG_QTY
			     , SUM(A.TOT_AMT) TOT_AMT
			     , MAX(A.TXNCONN_CD) TXNCONN_CD
			     , MAX(A.TXNCONN_NM) TXNCONN_NM
			     , MAX(A.ORD_STATUS) ORD_STATUS
			  FROM (
			        SELECT '' ORDRG_DT
			             , A.BUSIPL_CD
			             , CASE WHEN C.BUSIPL_NM_APLY_DT <= TRUNC(SYSDATE) THEN C.NEW_BUSIPL_NM
			                    ELSE C.OLD_BUSIPL_NM
			                END BUSIPL_NM
			             , (SELECT GRP_CD_NM
			                  FROM TB_COM000
			                 WHERE GRP_CD = B.DRNG_CD
			               ) DRNG_NM
			             , (SELECT COM_CD_NM
			                  FROM TB_COM001
			                 WHERE GRP_CD = B.DRNG_CD
			                   AND COM_CD = B.SM_CD
			                   AND USE_YN = 'Y'
			               ) SM_NM
			             , A.POP_CD
			             , B.POP_NM
			             , A.SPLPRC
			             , A.ORDRG_QTY
			             , A.SPLPRC*ORDRG_QTY TOT_AMT
			             , B.TXNCONN_CD
			             , CASE WHEN D.TXNCONN_NM_APLY_DT <= TRUNC(SYSDATE) THEN D.NEW_TXNCONN_NM
			                    ELSE D.OLD_TXNCONN_NM
			                END TXNCONN_NM
			             , CASE WHEN A.DOC_RCVSND_RQST_YN = 'Y' THEN '문서수발요청'
			                    WHEN A.CLOSE_YN = 'Y' THEN '수주마감'
			                    ELSE '발주등록'
			                END ORD_STATUS
			          FROM TB_MPP002 A
			             , TB_MPP003 B
			             , OAS_APP.TB_MBU001 C
			             , OAS_APP.TB_MCU005 D
			         WHERE A.CORP_CD    = B.CORP_CD
			           AND A.POP_CD     = B.POP_CD
			           AND A.CORP_CD    = C.CORP_CD
			           AND A.BUSIPL_CD  = C.BUSIPL_CD
			           AND B.CORP_CD    = D.CORP_CD
			           AND B.TXNCONN_CD = D.TXNCONN_CD
			           AND A.CLOSE_YN   = 'Y'
			           AND A.CORP_CD = #{corpCd}/*PARAM, 법인코드*/
		]]>
		
		<if test="deptCd != null and deptCd != '' ">
			           AND A.DEPT_CD = #{deptCd}
		</if>
		<if test="lgcsfCd != null and lgcsfCd != '' ">
			           AND B.DRNG_CD = #{lgcsfCd}/*PARAM, 대분류코드*/
	    </if>
		<if test="smcsfCd != null and smcsfCd != '' ">
			           AND B.SM_CD   = SUBSTR(#{smcsfCd}, 6, 2)	/*PARAM, 소분류코드*/
		</if>
		<![CDATA[
			           
			           AND A.ORDRG_DT BETWEEN TO_DATE(#{iwhFromDt}, 'YYYYMMDD')/*PARAM, 신청기간 FROM*/ AND TO_DATE(#{iwhToDt}, 'YYYYMMDD')/*PARAM, 신청기간 TO*/
			           
			       ) A
			 GROUP BY A.BUSIPL_CD, A.DRNG_NM, A.SM_NM, A.POP_CD, A.SPLPRC
		]]>
	</select>
</mapper>
