<?xml version="1.0" encoding="UTF-8"?>
<!DOCTYPE mapper   PUBLIC "-//mybatis.org//DTD Mapper 3.0//EN" "http://mybatis.org/dtd/mybatis-3-mapper.dtd">
<mapper namespace="messageDao">

<select id="messageDao.retrieveMessageList" resultType="ohMap">
 		<![CDATA[
				${queryId}
				SELECT
				 	'0' AS CHK
				 	,MSG_ID
					,SYS_MSG
					,LANG_CD
					,SYS_MSG_TYPE_CD
					,USE_YN
					,RGTER_ID
					,RGT_DATE
					,MODER_ID
					,MOD_DATE
							
				FROM TB_SYS010
				WHERE 1=1
		]]>
		<if test="sysMsgTypeCd != null and sysMsgTypeCd !=''">
				AND SYS_MSG_TYPE_CD = #{sysMsgTypeCd}   
		</if>
		<if test="useYn != null and useYn != ''">
				AND USE_YN = #{useYn} 
		</if>
		<if test="langCd != null and langCd != ''">
				AND LANG_CD = #{langCd}   
		</if>
		<if test="msgId != null and msgId != ''">
				AND MSG_ID LIKE '%' || #{msgId} || '%'   
		</if>
		<if test="sysMsg != null and sysMsg != ''">
				AND SYS_MSG LIKE '%' || #{sysMsg} || '%'   
		</if>
		ORDER BY MSG_ID ASC
		
	</select>
</mapper>
