<?xml version="1.0" encoding="UTF-8"?>
<!DOCTYPE mapper   PUBLIC "-//mybatis.org//DTD Mapper 3.0//EN" "http://mybatis.org/dtd/mybatis-3-mapper.dtd">

<mapper namespace="boardDao">


	<select id="boardDao.retrieveBoardList" resultType="ohMap">
			${queryId}
			SELECT A.NOTICE_SEQ 	 	--번호
			       ,B.COM_CD 		AS NTCNT_TYPE_CD		--유형
			       ,A.TITL      				--제목
			       ,A.NTC_LTXT  			-- CLOB
			       ,A.DEL_YN
			       ,A.NTC_ST_DT  		--게시 시작일
			       ,A.NTC_ED_DT 			--게시 종료일
			       ,C.USR_NM    			--게시자
			 FROM TB_SYS008 A
			      ,TB_COM001 B
			      ,TB_USR001 C
			 WHERE A.NTCNT_TYPE_CD = B.COM_CD(+)
			 AND B.GRP_CD(+) ='GSY001'
			 AND B.HRNK_COM_CD(+) = '0005'
			 AND A.MODER_ID(+) = C.USR_ID
			 AND SYSDATE BETWEEN A.NTC_ST_DT AND A.NTC_ED_DT
			 AND A.DEL_YN = 'N'
			 ORDER BY NTC_ST_DT DESC

	</select>

	<select id="boardDao.retrieveBoardListByHome" resultType="ohMap">
			${queryId}
			SELECT A.NOTICE_SEQ 	 	--번호
			       ,'[' || B.COM_CD_NM ||']' || ' ' || A.TITL AS TITL      				--제목
			 FROM TB_SYS008 A
			      ,TB_COM001 B
			      ,TB_USR001 C
			 WHERE A.NTCNT_TYPE_CD = B.COM_CD(+)
			 AND B.GRP_CD(+) ='GSY001'
			 AND B.HRNK_COM_CD(+) = '0005'
			 AND A.MODER_ID(+) = C.USR_ID
			 AND SYSDATE BETWEEN A.NTC_ST_DT AND A.NTC_ED_DT
			 AND A.DEL_YN = 'N'
			 ORDER BY NTC_ST_DT DESC

	</select>

	<select id="boardDao.retrieveBoardClobByNoticeSeq" resultType="ohMap">
			${queryId}
			SELECT NTC_LTXT  			-- CLOB
			 FROM TB_SYS008
			 WHERE NOTICE_SEQ = #{noticeSeq}

	</select>

	<insert id="boardDao.insertBoard">
	 
        <![CDATA[
        			${queryId}
					INSERT INTO TB_SYS008   
					 (NOTICE_SEQ
					  ,NTC_ST_DT 
					  ,NTC_ED_DT 
		              ,TITL
					  ,NTC_LTXT  			-- CLOB
					  ,DEL_YN    
					  ,NTCNT_TYPE_CD		--유형
					  ,RGTER_ID  
					  ,RGT_DATE  
					  ,MODER_ID  
					  ,MOD_DATE)
					VALUES 
					 (SQ_TB_SYS008_NOTICE_SEQ.NEXTVAL
					 ,#{ntcStDt} 
					 ,#{ntcEdDt}
						,#{titl}
					 ,#{ntcLtxt:CLOB}--  CLOB
					 ,'N'
					 ,#{ntcntTypeCd}
					 ,#{usrId}
					 ,SYSDATE 
					 ,#{usrId}
					 ,SYSDATE )
	]]>
	</insert>

	<update id="boardDao.deleteBoard">
        <![CDATA[
        	${queryId}
			UPDATE TB_SYS008 A
			SET 	DEL_YN =  'Y'
			WHERE NOTICE_SEQ = #{noticeSeq}
        ]]>
	</update>

	<update id="boardDao.updateBoard">
        <![CDATA[
			${queryId}		
			UPDATE TB_SYS008 A
			SET   NTC_ST_DT 	= TO_DATE(substr(#{ntcStDt}, 0, 8), 'YYYYMMDD')  
					,NTC_ED_DT 	= TO_DATE(substr(#{ntcEdDt}, 0, 8), 'YYYYMMDD')  
					,TITL  			= #{titl}
					,NTC_LTXT  	= #{ntcLtxt:CLOB}
					,MODER_ID  	= #{usrId}
					,MOD_DATE  	= SYSDATE
					,NTCNT_TYPE_CD = #{ntcntTypeCd}
			WHERE NOTICE_SEQ = #{noticeSeq}  
        ]]>
	</update>



	<select id="boardDao.retrieveBlob" resultType="ohMap">
 		<![CDATA[
			${queryId}
			SELECT ID
				, IMAGE --BLOB
			FROM BLOB_TEST
		]]>
	</select>
	
	<insert id="boardDao.insertBlob">
	 
        <![CDATA[
        	${queryId}
			INSERT INTO BLOB_TEST   
			 (ID
			  ,IMAGE )
			VALUES 
			 (#{id}
			 ,#{image:BLOB})
	]]>
	</insert>

	<update id="boardDao.deleteBlob">
        <![CDATA[
			${queryId}
			DELETE FROM BLOB_TEST
			WHERE ID = #{id}
        ]]>
	</update>

	<update id="boardDao.updateBlob">
        <![CDATA[
			${queryId}		
			UPDATE BLOB_TEST A
			SET   IMAGE = #{image:BLOB}  
			WHERE ID = #{id}
        ]]>
	</update>

</mapper>
