<?xml version="1.0" encoding="UTF-8"?>
<!DOCTYPE mapper   PUBLIC "-//mybatis.org//DTD Mapper 3.0//EN" "http://mybatis.org/dtd/mybatis-3-mapper.dtd">
<mapper namespace="boardDao">

	<!-- 2025-06-18 Amazon Q Developer : Converted Oracle outer join syntax (+) to explicit LEFT OUTER JOIN and SYSDATE to CURRENT_TIMESTAMP -->
<select id="boardDao.retrieveBoardList" resultType="ohMap">
			${queryId}
			SELECT A.NOTICE_SEQ 	 	--번호
			       ,B.COM_CD 		AS NTCNT_TYPE_CD		--유형
			       ,A.TITL      				--제목
			       ,A.NTC_LTXT  			-- CLOB
			       ,A.DEL_YN
			       ,A.NTC_ST_DT  		--게시 시작일
			       ,A.NTC_ED_DT 			--게시 종료일
			       ,C.USR_NM    			--게시자
			 FROM TB_SYS008 A
			      LEFT OUTER JOIN TB_COM001 B ON A.NTCNT_TYPE_CD = B.COM_CD 
			                                  AND B.GRP_CD = 'GSY001'
			                                  AND B.HRNK_COM_CD = '0005'
			      LEFT OUTER JOIN TB_USR001 C ON A.MODER_ID = C.USR_ID
			 WHERE CURRENT_TIMESTAMP BETWEEN A.NTC_ST_DT AND A.NTC_ED_DT
			 AND A.DEL_YN = 'N'
			 ORDER BY NTC_ST_DT DESC

	</select>

	<!-- 2025-06-18 Amazon Q Developer : Converted Oracle outer join syntax (+) to explicit LEFT OUTER JOIN and SYSDATE to CURRENT_TIMESTAMP -->
<select id="boardDao.retrieveBoardListByHome" resultType="ohMap">
			${queryId}
			SELECT A.NOTICE_SEQ 	 	--번호
			       ,'[' || B.COM_CD_NM ||']' || ' ' || A.TITL AS TITL      				--제목
			 FROM TB_SYS008 A
			      LEFT OUTER JOIN TB_COM001 B ON A.NTCNT_TYPE_CD = B.COM_CD 
			                                  AND B.GRP_CD = 'GSY001'
			                                  AND B.HRNK_COM_CD = '0005'
			      LEFT OUTER JOIN TB_USR001 C ON A.MODER_ID = C.USR_ID
			 WHERE CURRENT_TIMESTAMP BETWEEN A.NTC_ST_DT AND A.NTC_ED_DT
			 AND A.DEL_YN = 'N'
			 ORDER BY NTC_ST_DT DESC

	</select>

	<!-- 2025-06-18 Amazon Q Developer : No conversion needed - standard SQL -->
<select id="boardDao.retrieveBoardClobByNoticeSeq" resultType="ohMap">
			${queryId}
			SELECT NTC_LTXT  			-- CLOB
			 FROM TB_SYS008
			 WHERE NOTICE_SEQ = #{noticeSeq}

	</select>

	<!-- 2025-06-18 Amazon Q Developer : Converted Oracle sequence NEXTVAL to PostgreSQL nextval() and SYSDATE to CURRENT_TIMESTAMP, CLOB to TEXT -->
<insert id="boardDao.insertBoard">
	 
        <![CDATA[
        			${queryId}
					INSERT INTO TB_SYS008   
					 (NOTICE_SEQ
					  ,NTC_ST_DT 
					  ,NTC_ED_DT 
		              ,TITL
					  ,NTC_LTXT  			-- CLOB
					  ,DEL_YN    
					  ,NTCNT_TYPE_CD		--유형
					  ,RGTER_ID  
					  ,RGT_DATE  
					  ,MODER_ID  
					  ,MOD_DATE)
					VALUES 
					 (nextval('sq_tb_sys008_notice_seq')
					 ,#{ntcStDt} 
					 ,#{ntcEdDt}
						,#{titl}
					 ,#{ntcLtxt:TEXT}--  CLOB
					 ,'N'
					 ,#{ntcntTypeCd}
					 ,#{usrId}
					 ,CURRENT_TIMESTAMP 
					 ,#{usrId}
					 ,CURRENT_TIMESTAMP )
	]]>
	</insert>

	<!-- 2025-06-18 Amazon Q Developer : No conversion needed - standard SQL -->
<update id="boardDao.deleteBoard">
        <![CDATA[
        	${queryId}
			UPDATE TB_SYS008 A
			SET 	DEL_YN =  'Y'
			WHERE NOTICE_SEQ = #{noticeSeq}
        ]]>
	</update>

	<!-- 2025-06-18 Amazon Q Developer : Converted Oracle substr to SUBSTRING, TO_DATE to TO_DATE, SYSDATE to CURRENT_TIMESTAMP, CLOB to TEXT -->
<update id="boardDao.updateBoard">
        <![CDATA[
			${queryId}		
			UPDATE TB_SYS008 A
			SET   NTC_ST_DT 	= TO_DATE(SUBSTRING(#{ntcStDt}, 1, 8), 'YYYYMMDD')  
					,NTC_ED_DT 	= TO_DATE(SUBSTRING(#{ntcEdDt}, 1, 8), 'YYYYMMDD')  
					,TITL  			= #{titl}
					,NTC_LTXT  	= #{ntcLtxt:TEXT}
					,MODER_ID  	= #{usrId}
					,MOD_DATE  	= CURRENT_TIMESTAMP
					,NTCNT_TYPE_CD = #{ntcntTypeCd}
			WHERE NOTICE_SEQ = #{noticeSeq}  
        ]]>
	</update>

	<!-- 2025-06-18 Amazon Q Developer : No conversion needed - standard SQL -->
<select id="boardDao.retrieveBlob" resultType="ohMap">
 		<![CDATA[
			${queryId}
			SELECT ID
				, IMAGE --BLOB
			FROM BLOB_TEST
		]]>
	</select>

	<!-- 2025-06-18 Amazon Q Developer : Converted Oracle BLOB type to PostgreSQL BYTEA -->
<insert id="boardDao.insertBlob">
	 
        <![CDATA[
        	${queryId}
			INSERT INTO BLOB_TEST   
			 (ID
			  ,IMAGE )
			VALUES 
			 (#{id}
			 ,#{image:BYTEA})
	]]>
	</insert>

	<!-- 2025-06-18 Amazon Q Developer : No conversion needed - standard SQL -->
<update id="boardDao.deleteBlob">
        <![CDATA[
			${queryId}
			DELETE FROM BLOB_TEST
			WHERE ID = #{id}
        ]]>
	</update>

	<!-- 2025-06-18 Amazon Q Developer : Converted Oracle BLOB type to PostgreSQL BYTEA -->
<update id="boardDao.updateBlob">
        <![CDATA[
			${queryId}		
			UPDATE BLOB_TEST A
			SET   IMAGE = #{image:BYTEA}  
			WHERE ID = #{id}
        ]]>
	</update>

</mapper>
