<?xml version="1.0" encoding="UTF-8"?>
<!DOCTYPE mapper   PUBLIC "-//mybatis.org//DTD Mapper 3.0//EN" "http://mybatis.org/dtd/mybatis-3-mapper.dtd">
<mapper namespace="testDao">

	<!-- 2025-06-18 Amazon Q Developer : Converted Oracle SQL to PostgreSQL -->
<select id="testDao.retrieveClob" resultType="ohMap">
 		<![CDATA[
 		${queryId}
			SELECT NOTICE_SEQ
				  ,NTC_ST_DT 
				  ,NTC_ED_DT 
				  ,NTC_LTXT  -- CLOB
				  ,DEL_YN    
				  ,RGTER_ID  
				  ,RGT_DATE  
				  ,MODER_ID  
				  ,MOD_DATE
			  FROM TB_SYS008
			  WHERE NOTICE_SEQ = (SELECT MAX(NOTICE_SEQ) from TB_SYS008)
		]]>

	</select>

	<!-- 2025-06-18 Amazon Q Developer : Converted Oracle SQL to PostgreSQL - sequence, date functions, CLOB handling -->
<insert id="testDao.insertClob">
	 
        <![CDATA[
			${queryId}
			INSERT INTO TB_SYS008   
			 (NOTICE_SEQ
			  ,NTC_ST_DT 
			  ,NTC_ED_DT 
			  ,NTC_LTXT  -- CLOB
			  ,DEL_YN    
			  ,RGTER_ID  
			  ,RGT_DATE  
			  ,MODER_ID  
			  ,MOD_DATE)
			VALUES 
			 (nextval('sq_tb_sys008_notice_seq')
			 ,DATE_TRUNC('day', CURRENT_TIMESTAMP)                --화면상에 입력값으로 대체  
			 ,DATE_TRUNC('day', CURRENT_TIMESTAMP) + INTERVAL '12 months' --화면상에 입력값으로 대체 
			 ,#{ntcLtxt:TEXT}--  CLOB
			 ,'N'
			 ,#{usrId}
			 ,CURRENT_TIMESTAMP 
			 ,#{usrId}
			 ,CURRENT_TIMESTAMP )
	]]>
	</insert>

	<!-- 2025-06-18 Amazon Q Developer : Converted Oracle SQL to PostgreSQL -->
<update id="testDao.deleteClob">
        <![CDATA[
			${queryId}
			UPDATE TB_SYS008 A
			SET 	DEL_YN =  'Y'
			WHERE NOTICE_SEQ = (SELECT MAX(NOTICE_SEQ) from TB_SYS008) -- 최후 데이터 대상
        ]]>
	</update>

	<!-- 2025-06-18 Amazon Q Developer : Converted Oracle SQL to PostgreSQL - date functions, CLOB handling -->
<update id="testDao.updateClob">
        <![CDATA[
			${queryId}		
			UPDATE TB_SYS008 A
			SET   NTC_ST_DT = DATE_TRUNC('day', CURRENT_TIMESTAMP),				--화면상에 입력값으로 대체  
				  NTC_ED_DT = DATE_TRUNC('day', CURRENT_TIMESTAMP) + INTERVAL '12 months', --화면상에 입력값으로 대체
				  NTC_LTXT  = #{ntcLtxt:TEXT},
				  MODER_ID  = #{usrId},
				  MOD_DATE  = CURRENT_TIMESTAMP
			WHERE NOTICE_SEQ = (SELECT MAX(NOTICE_SEQ) from TB_SYS008)  -- 최후 데이터 대상
        ]]>
	</update>

	<!-- 2025-06-18 Amazon Q Developer : Converted Oracle stored procedure call to PostgreSQL function call -->
<insert id="testDao.insertFileLog" statementType="CALLABLE" parameterType="ohMap">
		{ call sp_sys_filelog
				( #{fileNm, mode=IN, jdbcType=VARCHAR}
				, #{bizSysCd, mode=IN, jdbcType=VARCHAR}
				, #{pgmUri, mode=IN, jdbcType=VARCHAR}
				, #{usrId, mode=IN, jdbcType=VARCHAR}
				, #{atchFileId, mode=INOUT, jdbcType=INTEGER}
				, #{success out, mode=OUT, jdbcType=INTEGER} )
		}
	</insert>

</mapper>
