<?xml version="1.0" encoding="UTF-8"?>
<!DOCTYPE mapper   PUBLIC "-//mybatis.org//DTD Mapper 3.0//EN" "http://mybatis.org/dtd/mybatis-3-mapper.dtd">

<mapper namespace="testDao">


	<select id="testDao.retrieveClob" resultType="ohMap">
 		<![CDATA[
 		${queryId}
			SELECT NOTICE_SEQ
				  ,NTC_ST_DT 
				  ,NTC_ED_DT 
				  ,NTC_LTXT  -- CLOB
				  ,DEL_YN    
				  ,RGTER_ID  
				  ,RGT_DATE  
				  ,MODER_ID  
				  ,MOD_DATE
			  FROM TB_SYS008
			  WHERE NOTICE_SEQ = (SELECT MAX(NOTICE_SEQ) from TB_SYS008)
		]]>

	</select>


	<insert id="testDao.insertClob">
	 
        <![CDATA[
			${queryId}
			INSERT INTO TB_SYS008   
			 (NOTICE_SEQ
			  ,NTC_ST_DT 
			  ,NTC_ED_DT 
			  ,NTC_LTXT  -- CLOB
			  ,DEL_YN    
			  ,RGTER_ID  
			  ,RGT_DATE  
			  ,MODER_ID  
			  ,MOD_DATE)
			VALUES 
			 (SQ_TB_SYS008_NOTICE_SEQ.NEXTVAL
			 ,TRUNC(SYSDATE)                --화면상에 입력값으로 대체  
			 ,add_months(TRUNC(SYSDATE),12) --화면상에 입력값으로 대체 
			 ,#{ntcLtxt:CLOB}--  CLOB
			 ,'N'
			 ,#{usrId}
			 ,SYSDATE 
			 ,#{usrId}
			 ,SYSDATE )
	]]>
	</insert>

	<update id="testDao.deleteClob">
        <![CDATA[
			${queryId}
			UPDATE TB_SYS008 A
			SET 	DEL_YN =  'Y'
			WHERE NOTICE_SEQ = (SELECT MAX(NOTICE_SEQ) from TB_SYS008) -- 최후 데이터 대상
        ]]>
	</update>

	<update id="testDao.updateClob">
        <![CDATA[
			${queryId}		
			UPDATE TB_SYS008 A
			SET   NTC_ST_DT = TRUNC(SYSDATE),				--화면상에 입력값으로 대체  
				  NTC_ED_DT = add_months(TRUNC(SYSDATE),12), --화면상에 입력값으로 대체
				  NTC_LTXT  = #{ntcLtxt:CLOB},
				  MODER_ID  = #{usrId},
				  MOD_DATE  = SYSDATE
			WHERE NOTICE_SEQ = (SELECT MAX(NOTICE_SEQ) from TB_SYS008)  -- 최후 데이터 대상
        ]]>
	</update>


	<insert id="testDao.insertFileLog" statementType="CALLABLE" parameterType="ohMap">
		{ call OAS_APP.SP_SYS_FILELOG
				( #{fileNm, mode=IN, jdbcType=VARCHAR}
				, #{bizSysCd, mode=IN, jdbcType=VARCHAR}
				, #{pgmUri, mode=IN, jdbcType=VARCHAR}
				, #{usrId, mode=IN, jdbcType=VARCHAR}
				, #{atchFileId, mode=INOUT, jdbcType=INTEGER}
				, #{success out, mode=OUT, jdbcType=INTEGER} )
		}
	</insert>
	

</mapper>
