<?xml version="1.0" encoding="UTF-8"?>
<!DOCTYPE mapper   PUBLIC "-//mybatis.org//DTD Mapper 3.0//EN" "http://mybatis.org/dtd/mybatis-3-mapper.dtd">
<mapper namespace="mroComDao">

<!-- 2025-06-18 Amazon Q Developer : Converted Oracle outer join syntax to explicit LEFT JOIN, TO_CHAR to TO_CHAR (PostgreSQL compatible) -->
<select id="mroComDao.retrieveMroComList" resultType="ohMap">
 		<![CDATA[ 	
 		${queryId}
			SELECT '0' AS CHK
			     , A.NOTICE_SEQ						--공지사항순번
			     , A.NTCNT_TYPE_CD					--게시물유형코드
			     , A.TITL      						--제목
			     , A.NTC_LTXT  						--게시장문 : CLOB
			     , A.DEL_YN							--삭제여부
			     , A.NTC_ST_DT  					--게시시작일자
			     , A.NTC_ED_DT 						--게시종료일자
			     , C.USR_NM    						--게시자명
                 , A.PPUP_YN						--팝업여부
                 , A.PPUP_WIDTH_SIZE				--팝업가로크기
                 , A.PPUP_LNTH_SIZE					--팝업세로크기
                 , TO_CHAR(A.MOD_DATE, 'YYYYMMDD') AS MOD_DATE	--수정일시
			 FROM TB_SYS008 A
			      LEFT JOIN TB_COM001 B ON A.NTCNT_TYPE_CD = B.COM_CD 
			                            AND B.GRP_CD = 'GSY001'
			                            AND B.HRNK_COM_CD = '0004'
			                            AND B.USE_YN = 'Y'
			      LEFT JOIN TB_USR001 C ON A.MODER_ID = C.USR_ID
			 WHERE A.DEL_YN = 'N'
		]]>			 
			 <if test="menuId != null and menuId =='MST01020'">
			 	<![CDATA[
			 	--AND CURRENT_TIMESTAMP BETWEEN A.NTC_ST_DT AND A.NTC_ED_DT
			 	AND A.NTCNT_TYPE_CD NOT IN ('POP', 'ADR')
			 	]]>
			 </if>
			 <if test="menuId != null and menuId =='MST01030'">
			 	<![CDATA[
			 	AND A.NTCNT_TYPE_CD = 'ADR'
			 	]]>
			 </if>
			 <if test="menuId != null and menuId =='ORD04030'">
			 	AND A.NTCNT_TYPE_CD = 'POP'
			 </if>			 
			 
			 ORDER BY A.NTC_ED_DT DESC, A.NTC_ST_DT DESC
	</select>

<!-- 2025-06-18 Amazon Q Developer : Converted Oracle sequence syntax to PostgreSQL nextval, TRUNC to DATE_TRUNC, SYSDATE to CURRENT_TIMESTAMP -->
<insert id="mroComDao.insertPrivateInfoLog">
		INSERT INTO TB_SYS999(
		    SEQ
		  , DB_NM
		  , DB_USR_NM
		  , SYS_NM
		  , ACCS_DT
		  , DEALER_EMPNO
		  , DEALER_NM
		  , CNCTN_ER_IP
		  , CNCTN_DATE
		  , BIZ_GBN_CD
		  , PGM_NM
		  , DTL_INFO
		) VALUES (
		    nextval('sq_tb_sys999_seq')
		  , 'OURHOME00'
		  , 'MRO_APP'
		  , 'MRO'
		  , DATE_TRUNC('day', CURRENT_TIMESTAMP)
		  , #{empno}
		  , #{usrNm}
		  , #{clientIp}
		  , CURRENT_TIMESTAMP
		  , #{bizGbnCd}
		  , 'MRO직송상품배송정보'
		  , #{corpCd}||'/'||#{dlvrBusiplCd}||'/'||#{deptCd}||'/'||#{iwhDt}
		)
	</insert>

</mapper>
