<?xml version="1.0" encoding="UTF-8"?>
<!DOCTYPE mapper   PUBLIC "-//mybatis.org//DTD Mapper 3.0//EN" "http://mybatis.org/dtd/mybatis-3-mapper.dtd">

<mapper namespace="faqDao">

	<!-- FAQ 목록 조회 -->
	<select id="faqDao.retrieveFaqList" resultType="ohMap">
 		<![CDATA[ 	
 		${queryId}
		SELECT '0' AS CHK
		     , A.FAQ_SEQ
		     , A.LGCSF_CD
		     , A.MDCSF_CD
		     , A.TITL
		     , A.NTC_LTXT
		     , A.MODER_ID
		     , C.USR_NM
		     , TO_CHAR(A.MOD_DATE, 'YYYYMMDD') AS MOD_DATE
		     , (SELECT COUNT(ATCH_FILE_ID)
                  FROM TB_COM003 D
                 WHERE D.ATCH_FILE_ID = A.FAQ_SEQ
                   AND D.DEL_YN = 'N'
               ) FILE_CNT
             , rownum AS FAQ_ROW_SEQ
		  FROM TB_MSY003 A
		     , TB_USR001 C
		 WHERE A.DEL_YN = 'N'
		   AND A.MODER_ID = C.USR_ID(+) 

		]]>			 
		 ORDER BY A.FAQ_SEQ DESC
	</select>

	<!-- FAQ 첨부파일 조회 -->
	<select id="faqDao.retrieveFaqFileList" resultType="ohMap">
 		<![CDATA[
		${queryId}

		SELECT '0' AS CHK
		     , A.ATCH_FILE_ID
			 , A.ATCH_FILE_SEQ  AS SEQ_NO
			 , A.ATCH_FILE_NM	AS FILE_NAME
			 , A.STOR_FILE_NM	AS SAVE_FILE_NAME
			 , A.STOR_ROUTE		AS FILE_PATH
			 , '' AS FILE_TYPE
			 , '' AS FILE_SIZE
		  FROM TB_COM003 A
		 WHERE A.ATCH_FILE_ID	= #{atchFileId}
		   AND A.DEL_YN			<> 'Y'
		]]>

	</select>

	<!-- FAQ 제목 조회(메인) -->
	<select id="faqDao.retrieveFaqListByHome" resultType="ohMap">
 		<![CDATA[ 	
 		${queryId}
		SELECT A.NOTICE_SEQ 	 	--번호
		       ,'[' || B.COM_CD_NM ||']' || ' ' || A.TITL AS TITL      				--제목
		 FROM TB_SYS008 A
		      ,TB_COM001 B
		      ,TB_USR001 C
		 WHERE A.NTCNT_TYPE_CD = B.COM_CD(+)
		 AND B.GRP_CD(+) ='GSY001'
		 AND B.HRNK_COM_CD(+) = '0004'
		 AND B.USE_YN(+) = 'Y'
		 AND A.MODER_ID(+) = C.USR_ID
		 AND SYSDATE BETWEEN A.NTC_ST_DT AND A.NTC_ED_DT
		 
		 AND A.NTCNT_TYPE_CD NOT IN ('POP', 'ADR')
		 AND A.DEL_YN = 'N'
		 ORDER BY A.NTC_ED_DT DESC, A.NTC_ST_DT DESC
		]]>
	</select>

	<!-- FAQ 내용 가져오기 -->
	<select id="faqDao.retrieveFaqClobByFaqSeq" resultType="ohMap">
 		<![CDATA[ 	
 		${queryId}
		SELECT FAQ_SEQ
		     , LGCSF_CD
		     , MDCSF_CD
		     , TITL
		     , NTC_LTXT
		     , DEL_YN
		     , RGTER_ID
             , (select usr_nm from tb_usr001 where usr_id = a.moder_id) usr_nm
		  FROM TB_MSY003 a
		 WHERE FAQ_SEQ = #{faqSeq}
		]]>
	</select>

	<!-- FAQ 저장(등록) -->
	<insert id="faqDao.insertFaq">
 		<![CDATA[ 	
 		${queryId}
		INSERT INTO TB_MSY003   
			 (FAQ_SEQ
		    , LGCSF_CD
		    , MDCSF_CD
		    , TITL
		    , NTC_LTXT
		    , DEL_YN
		    , RGTER_ID
		    , RGT_DATE
		    , MODER_ID
		    , MOD_DATE)
		VALUES 
			(#{faqSeq}
			,#{lgcsfCd} 
			,#{mdcsfCd}
			,#{titl}
			,#{ntcLtxt:CLOB}	--CLOB
			,'N'
			,#{usrId}
			,SYSDATE 
			,#{usrId}
			,SYSDATE )
	]]>
	</insert>

	<!-- FAQ 저장(삭제) -->
	<update id="faqDao.deleteFaq">
 		<![CDATA[ 	
 		${queryId}
		UPDATE TB_MSY003 A
		   SET DEL_YN	= 'Y'
		     , MODER_ID = #{usrId}
             , MOD_DATE = SYSDATE
		WHERE FAQ_SEQ = #{faqSeq}
        ]]>
	</update>

	<!-- FAQ 저장(수정) -->
	<update id="faqDao.updateFaq">
 		<![CDATA[ 	
 		${queryId}
		UPDATE TB_MSY003 A
		   SET LGCSF_CD = #{lgcsfCd}
		     , MDCSF_CD = #{mdcsfCd}
		     , TITL     = #{titl}
			 , NTC_LTXT	= #{ntcLtxt:CLOB}
			 , MODER_ID	= #{usrId}
			 , MOD_DATE	= SYSDATE
		 WHERE FAQ_SEQ	= #{faqSeq}  
        ]]>
	</update>

	<!-- FAQ BLOB 조회 -->
	<select id="faqDao.retrieveBlob" resultType="ohMap">
 		<![CDATA[ 	
 		${queryId}
			SELECT ID
					, IMAGE --BLOB
			FROM BLOB_TEST
		]]>
	</select>

	<!-- FAQ 순번 조회 -->
	<select id="faqDao.retrieveSeq" resultType="ohMap">
 		<![CDATA[ 	
 		${queryId}
			SELECT SQ_TB_SYS008_NOTICE_SEQ.NEXTVAL AS FAQ_SEQ
			 FROM DUAL
		]]>
	</select>
	
	<!-- 첨부파일 전체 삭제 -->
	<update id="faqDao.deleteFaqAllFile">
 		<![CDATA[ 	
 		${queryId}
		UPDATE TB_COM003 A
		   SET DEL_YN	=  'Y'
			 , MODER_ID	= #{usrId}
			 , MOD_DATE	= SYSDATE
		 WHERE ATCH_FILE_ID = #{faqSeq}
        ]]>
	</update>
	
	<!-- 첨부파일 삭제 -->
	<update id="faqDao.updateFaqFile">
 		<![CDATA[ 	
 		${queryId}
		UPDATE TB_COM003 A
		   SET DEL_YN	=  'Y'
			 , MODER_ID	= #{usrId}
			 , MOD_DATE	= SYSDATE
		 WHERE ATCH_FILE_ID		= #{faqSeq}
		   AND ATCH_FILE_SEQ	= #{seqNo}
        ]]>
	</update>
	
	<!-- 메인화면의 FAQ 내용 조회(팝업) -->
	<select id="faqDao.retrieveFaqPop" resultType="ohMap">
 		<![CDATA[ 	
 		${queryId}
			SELECT A.NOTICE_SEQ 	 	--번호
			       ,'[' || B.COM_CD_NM ||']' || ' ' || A.TITL AS TITL      				--제목
			       , A.NTC_LTXT  						--게시장문 : CLOB
			       , A.PPUP_WIDTH_SIZE
			       , A.PPUP_LNTH_SIZE
			 FROM TB_SYS008 A
			      ,TB_COM001 B
			      ,TB_USR001 C
			 WHERE A.NTCNT_TYPE_CD = B.COM_CD(+)
			 AND B.GRP_CD(+) ='GSY001'
			 AND B.HRNK_COM_CD(+) = '0004'
			 AND B.USE_YN(+) = 'Y'
			 AND A.MODER_ID = C.USR_ID(+)
			 AND SYSDATE BETWEEN A.NTC_ST_DT AND A.NTC_ED_DT
			 
			 AND A.NTCNT_TYPE_CD = 'P'
			 AND A.DEL_YN = 'N'
			 ORDER BY A.NTC_ED_DT DESC, A.NTC_ST_DT DESC
		]]>
	</select>
</mapper>
