<?xml version="1.0" encoding="UTF-8"?>
<!DOCTYPE mapper   PUBLIC "-//mybatis.org//DTD Mapper 3.0//EN" "http://mybatis.org/dtd/mybatis-3-mapper.dtd">
<mapper namespace="clhaCtrCdSrchDao">

<!-- 2025-06-18 Amazon Q Developer : Converted Oracle SQL to PostgreSQL - NVL to COALESCE, SYSDATE to CURRENT_DATE, Oracle outer join to LEFT OUTER JOIN -->

<select id="clhaCtrCdSrchDao.retrieveClhaCtrCdSrchList" resultType="ohMap">		
 		<![CDATA[
 		${queryId} 		
 			SELECT A.CORP_CD         
			     , A.BUSIPL_CD         
			     , CASE WHEN COALESCE(TO_DATE(#{aplyDt},'YYYYMMDD'),CURRENT_DATE )< A.BUSIPL_NM_APLY_DT THEN A.OLD_BUSIPL_NM  
			            ELSE NEW_BUSIPL_NM 
			       END AS BUSIPL_NM  
			     ,'0' AS CHK    
			  FROM OAS_APP.TB_MBU001 A       
			     LEFT OUTER JOIN OAS_APP.TB_SYS009 C ON A.CORP_CD = C.AUTH_CORP_CD AND A.BUSIPL_CD = C.GRNT_AUTH_BUSIPL_CD
		]]>
		<if test="corpCd != null and corpCd !=''">
		    AND A.CORP_CD = #{corpCd} 
		</if>  
		<if test="divCd != null and divCd !=''">
		    AND A.DIV_CD = #{divCd} 
		</if> 
		<if test="exlWhs != null and exlWhs !=''">
		   AND A.BUSIPL_CD IN ('FC042','FC043','FC044','FC045','FC046')
		</if>  
		<if test="busiplNm != null and busiplNm !=''">
		<![CDATA[
		    AND (A.BUSIPL_CD like '%'|| UPPER(TRIM(#{busiplNm})) || '%' OR 
               (CASE WHEN COALESCE(TO_DATE(#{aplyDt},'YYYYMMDD'),CURRENT_DATE)< A.BUSIPL_NM_APLY_DT THEN A.OLD_BUSIPL_NM  ELSE NEW_BUSIPL_NM END) like '%'|| TRIM(#{busiplNm}) || '%')
		]]>
		</if>
		<if test="busiplCd != null and busiplCd !=''">
		   AND A.BUSIPL_CD = #{busiplCd}
		</if>	
		<if test="usrId != null and usrId !=''">
			/*   AND C.AUTH_ID  IN (SELECT AUTH_ID FROM TB_USR002 WHERE USR_ID={usrId} AND USE_YN='Y' ) */
               AND C.AUTH_ID = 'linkauth'
               AND C.MENU_ID = #{menuId}
		</if>	
		<![CDATA[
			  AND A.BIZCND_GBN_CD = 'C' 
			 GROUP BY A.CORP_CD, A.BUSIPL_CD ,A.BUSIPL_NM_APLY_DT  ,A.OLD_BUSIPL_NM,NEW_BUSIPL_NM    
			 ORDER BY A.CORP_CD,A.BUSIPL_CD 
				
		]]>		
	</select>

</mapper>
