<?xml version="1.0" encoding="UTF-8"?>
<!DOCTYPE mapper   PUBLIC "-//mybatis.org//DTD Mapper 3.0//EN" "http://mybatis.org/dtd/mybatis-3-mapper.dtd">
<mapper namespace="comCdMgtDao">

	<!-- 2025-06-18 Amazon Q Developer : Converted REGEXP_LIKE to PostgreSQL regex operator -->
<select id="comCdMgtDao.retrieveGroupCd" resultType="ohMap">		
 		<![CDATA[
 		${queryId}
			SELECT 
				GRP_CD
			FROM TB_COM000
			WHERE 1 = 1
			AND GRP_CD ~ 'CO|SY|MRO'
			AND GRP_CD = #{grpCd}
			AND USE_YN = 'Y'
			ORDER BY SORT_SEQC
		]]>	
	</select>

	<!-- 2025-06-18 Amazon Q Developer : Converted TO_CHAR date formatting and string concatenation -->
<select id="comCdMgtDao.retrieveCommonCd" resultType="ohMap">		
 		<![CDATA[
 	${queryId}
			SELECT
				 GRP_CD 
				 , GRP_CD_NM
			     , EXPLN
			     , RMK
			     , USE_YN
	                         , USE_SYS_CD
			     , TO_CHAR(USE_APLY_DT,'YYYYMMDD') as USE_APLY_DT
			     , SORT_SEQC
			FROM TB_COM000
		  WHERE 1=1
		    --AND REGEXP_LIKE(GRP_CD, 'CO|SY|MRO|POP')
		  ]]>	
		    <if test="groupCd != null and groupCd !=''">
			 AND (GRP_CD LIKE '%' || upper(#{groupCd}) || '%'  
			 OR GRP_CD_NM LIKE '%' || #{groupCd} || '%'
			 )
		   </if>
		  ORDER BY GRP_CD

		
	</select>

	<!-- 2025-06-18 Amazon Q Developer : Converted TO_CHAR date formatting -->
<select id="comCdMgtDao.retrieveCommonDetailCd" resultType="ohMap">		
 		<![CDATA[
 		${queryId}
			SELECT
			 GRP_CD 
			 , COM_CD
		     , COM_CD_NM
		     , HRNK_COM_CD
		     , ETC_CHAR_VAL_01
		     , ETC_CHAR_VAL_02
		     , ETC_CHAR_VAL_03
		     , EXPLN
		     , RMK
		     , USE_YN
		     , TO_CHAR(USE_APLY_DT,'YYYYMMDD') as USE_APLY_DT
		     , SORT_SEQC
		  FROM TB_COM001
		 WHERE GRP_CD = #{groupCd}
		 ORDER BY SORT_SEQC

		]]>	
	</select>

	<!-- 2025-06-18 Amazon Q Developer : Converted TO_DATE and SYSDATE to PostgreSQL equivalents -->
<insert id="comCdMgtDao.insertGrpCdMgt">   		
        <![CDATA[
       ${queryId}
		  	INSERT
			  INTO TB_COM000
			     ( GRP_CD
			     , GRP_CD_NM
			     , USE_YN
			     , USE_APLY_DT
			     , SORT_SEQC
			     , USE_SYS_CD
			     , EXPLN
			     , RMK
			     , RGTER_ID
			     , RGT_DATE
			     , MODER_ID
			     , MOD_DATE
			     )
			VALUES
			     ( #{grpCd}
			     , #{grpCdNm}
			     , #{useYn}
			     , TO_DATE(#{useAplyDt},'YYYYMMDD')
			     , #{sortSeqc}
			     , #{useSysCd}
			     , #{expln}
			     , #{rmk}
			     ,#{usrId}
				 ,CURRENT_TIMESTAMP
				 ,#{usrId}
				 ,CURRENT_TIMESTAMP
			     )
        ]]>
    </insert>

	<!-- 2025-06-18 Amazon Q Developer : Converted TO_DATE and SYSDATE to PostgreSQL equivalents -->
<update id="comCdMgtDao.updateGrpCdMgt">   		
        <![CDATA[
      ${queryId}
			UPDATE TB_COM000
			   SET GRP_CD_NM   = #{grpCdNm}
			     , USE_YN      = #{useYn}
			     , USE_APLY_DT = TO_DATE(#{useAplyDt},'YYYYMMDD')
			     , SORT_SEQC   = #{sortSeqc}
			     , EXPLN       = #{expln}
			     , RMK         = #{rmk}
			     , MODER_ID    = #{usrId} 
			     , MOD_DATE    = CURRENT_TIMESTAMP
			 WHERE 
			   GRP_CD      = #{grpCd}
  
        ]]>
    </update>

	<!-- 2025-06-18 Amazon Q Developer : Converted TO_DATE and SYSDATE to PostgreSQL equivalents -->
<insert id="comCdMgtDao.insertComCdMgt">   		
        <![CDATA[
       ${queryId}
		  	INSERT
			  INTO TB_COM001
			     ( GRP_CD
			     , COM_CD
			     , COM_CD_NM
			     , USE_YN
			     , USE_APLY_DT
			     , SORT_SEQC
			     , EXPLN
			     , RMK
			     , HRNK_COM_CD
			     , ETC_CHAR_VAL_01
			     , ETC_CHAR_VAL_02
			     , ETC_CHAR_VAL_03			     
			     , RGTER_ID
			     , RGT_DATE
			     , MODER_ID
			     , MOD_DATE
			     )
			VALUES
			     ( #{grpCd}
			     , #{comCd}
			     , #{comCdNm}
			     , #{useYn}
			     , TO_DATE(#{useAplyDt},'YYYYMMDD')
			     , #{sortSeqc}
			     , #{expln}
			     , #{rmk}
			     , #{hrnkComCd}
			     , #{etcCharVal01}
			     , #{etcCharVal02}
			     , #{etcCharVal03}
			     ,#{usrId}
				 ,CURRENT_TIMESTAMP
				 ,#{usrId}
				 ,CURRENT_TIMESTAMP
			     )
        ]]>
    </insert>

	<!-- 2025-06-18 Amazon Q Developer : Converted TO_DATE and SYSDATE to PostgreSQL equivalents -->
<update id="comCdMgtDao.updateComCdMgt">   		
        <![CDATA[
      ${queryId}
			UPDATE TB_COM001
			   SET COM_CD_NM   = #{comCdNm}
			     , USE_YN      = #{useYn}
			     , USE_APLY_DT = TO_DATE(#{useAplyDt},'YYYYMMDD')
			     , SORT_SEQC   = #{sortSeqc}
			     , EXPLN       = #{expln}
			     , HRNK_COM_CD = #{hrnkComCd}
			     , ETC_CHAR_VAL_01 =  #{etcCharVal01}
			     , ETC_CHAR_VAL_02 =  #{etcCharVal02}			   
			     , ETC_CHAR_VAL_03 =  #{etcCharVal03}		
			     , RMK         = #{rmk}
			     , MODER_ID    = #{usrId} 
			     , MOD_DATE    = CURRENT_TIMESTAMP
			 WHERE 
			   GRP_CD      = #{grpCd}
			   AND COM_CD      = #{comCd}
        ]]>
    </update>

	<!-- 2025-06-18 Amazon Q Developer : No conversion needed - empty content -->
<delete id="comCdMgtDao.deleteComCdMgt">   		
        <![CDATA[
   

        ]]>
    </delete>

</mapper>
