<?xml version="1.0" encoding="UTF-8"?>
<!DOCTYPE mapper   PUBLIC "-//mybatis.org//DTD Mapper 3.0//EN" "http://mybatis.org/dtd/mybatis-3-mapper.dtd">
<mapper namespace="comUtMgtDao">

<!-- 2025-06-18 Amazon Q Developer : ResultMap definition - no conversion needed -->
<resultMap type="ohMap" id="comUtMgtDaoprocResult">
	</resultMap>

<!-- 2025-06-18 Amazon Q Developer : Converted SYSDATE to CURRENT_TIMESTAMP, TO_DATE/TO_CHAR date formatting -->
<select id="comUtMgtDao.retrieveDlvrBusiplComboList" resultType="ohMap">
 		<![CDATA[
 		${queryId}
		SELECT A.BUSIPL_CD
		     , A.NEW_BUSIPL_NM AS BUSIPL_NM
		     , B.CLHA_CTR_CD
		  FROM OAS_APP.TB_MBU001 A
		     , OAS_APP.TB_MBU005 B
		 WHERE A.BIZCND_GBN_CD = 'X'
		   AND 'I' = ( CASE WHEN BUSIPL_STAT_APLY_DT <= TO_DATE(TO_CHAR(CURRENT_TIMESTAMP, 'YYYYMMDD'), 'YYYYMMDD') THEN A.NEW_BUSIPL_STAT_CD
		                    ELSE A.OLD_BUSIPL_STAT_CD
		                END )
		   AND A.CORP_CD = B.CORP_CD
		   AND A.BUSIPL_CD = B.BUSIPL_CD
		   AND TO_DATE(TO_CHAR(CURRENT_TIMESTAMP, 'YYYYMMDD'), 'YYYYMMDD') BETWEEN B.APLY_ST_DT AND B.APLY_ED_DT
		]]>
		<if test="gbnCd == null or gbnCd ==''">
		   AND A.CORP_CD IN (SELECT C.BLDG_CD
			                   FROM TB_USR100 C
			                  WHERE C.AUTH_GBN_CD = '2'
			                    AND C.USR_ID = #{usrId}
			                    )
		</if>
		<if test="deptCd != null and deptCd !=''">
			AND A.NEW_RVRT_DEPT_CD = #{deptCd}
		</if>
		<![CDATA[
		 ORDER BY BUSIPL_CD ASC  
		]]>
	</select>

<!-- 2025-06-18 Amazon Q Developer : Converted SYSDATE to CURRENT_TIMESTAMP, TO_DATE/TO_CHAR date formatting -->
<select id="comUtMgtDao.retrieveBizofcComboList" resultType="ohMap">
 		<![CDATA[
 			${queryId}
			SELECT A.CORP_CD
			     , A.BUSIPL_CD
			     , CASE WHEN A.BUSIPL_NM_APLY_DT <= TO_DATE(TO_CHAR(CURRENT_TIMESTAMP, 'YYYYMMDD'), 'YYYYMMDD') THEN A.NEW_BUSIPL_NM
			            ELSE A.OLD_BUSIPL_NM
			       END BUSIPL_NM
			  FROM OAS_APP.TB_MBU001 A
			 WHERE 'D' <> (
                     CASE WHEN A.BUSIPL_STAT_APLY_DT <= TO_DATE(TO_CHAR(CURRENT_TIMESTAMP, 'YYYYMMDD'), 'YYYYMMDD') THEN A.NEW_BUSIPL_STAT_CD
                          ELSE A.OLD_BUSIPL_STAT_CD
                      END
                    )
			   AND A.BIZCND_GBN_CD = 'C'
		]]>
					   
		<if test="corpCd != null and corpCd !=''">
			AND A.CORP_CD = #{corpCd}
		</if>
		<![CDATA[
		 ORDER BY A.CORP_CD, A.BUSIPL_CD
		]]>	

	</select>

<!-- 2025-06-18 Amazon Q Developer : Converted NVL to COALESCE, SYSDATE to CURRENT_TIMESTAMP, Oracle string concatenation -->
<select id="comUtMgtDao.retrieveDlvrconnCdSrchList" resultType="ohMap">		
 		<![CDATA[
 		${queryId}
			SELECT A.CORP_CD
			     , A.BUSIPL_CD
			     , CASE WHEN A.BUSIPL_NM_APLY_DT <= TO_DATE(TO_CHAR(CURRENT_TIMESTAMP, 'YYYYMMDD'), 'YYYYMMDD') THEN A.NEW_BUSIPL_NM
			            ELSE A.OLD_BUSIPL_NM
			       END BUSIPL_NM
			  FROM OAS_APP.TB_MBU001 A
			 WHERE 'D' <> (
                     CASE WHEN A.BUSIPL_STAT_APLY_DT <= TO_DATE(TO_CHAR(CURRENT_TIMESTAMP, 'YYYYMMDD'), 'YYYYMMDD') THEN A.NEW_BUSIPL_STAT_CD
                          ELSE A.OLD_BUSIPL_STAT_CD
                      END
                    )
               AND COALESCE(A.SSTR_YN, 'N') = 'N'
               AND A.BIZCND_GBN_CD IN (SELECT C.COM_CD
		                                 FROM TB_COM001 C --TB_FFB102                        
		                                WHERE C.GRP_CD = 'MRO06'
		                                  AND C.COM_CD = A.BIZCND_GBN_CD
		                                  AND C.USE_YN = 'Y'
		                               )
		]]>
					   
		<if test="corpCd != null and corpCd !=''">
			AND A.CORP_CD = #{corpCd}
		</if>
		<if test="busiplNm != null and busiplNm !=''">
		   AND (A.BUSIPL_CD LIKE '%'|| #{busiplNm} || '%' 
		    OR (CASE WHEN A.BUSIPL_NM_APLY_DT <![CDATA[<=]]> TO_DATE(TO_CHAR(CURRENT_TIMESTAMP, 'YYYYMMDD'), 'YYYYMMDD') THEN A.NEW_BUSIPL_NM
			            ELSE A.OLD_BUSIPL_NM
			       END) LIKE '%'|| #{busiplNm} || '%')
		</if>		 
		<![CDATA[
		 ORDER BY A.CORP_CD, A.BUSIPL_CD
		]]>		
	</select>

<!-- 2025-06-18 Amazon Q Developer : Converted NVL to COALESCE, SYSDATE to CURRENT_TIMESTAMP, Oracle string concatenation -->
<select id="comUtMgtDao.retrieveDlvrconnCdSrchListCnt" resultType="ohMap">		
 		<![CDATA[
 		${queryId}
		SELECT COUNT(*) AS CNT
			  FROM OAS_APP.TB_MBU001 A
			 WHERE 'I' = (
	                     CASE WHEN A.BUSIPL_STAT_APLY_DT <= TO_DATE(TO_CHAR(CURRENT_TIMESTAMP, 'YYYYMMDD'), 'YYYYMMDD') THEN A.NEW_BUSIPL_STAT_CD
	                          ELSE A.OLD_BUSIPL_STAT_CD
	                      END
	                    )
	           AND COALESCE(A.SSTR_YN, 'N') = 'N'
	           AND A.BIZCND_GBN_CD IN (SELECT C.COM_CD
		                                 FROM TB_COM001 C --TB_FFB102                        
		                                WHERE C.GRP_CD = 'MRO06'
		                                  AND C.COM_CD = A.BIZCND_GBN_CD
		                                  AND C.USE_YN = 'Y'
		                               )
		]]>
					   
		<if test="corpCd != null and corpCd !=''">
			AND A.CORP_CD = #{corpCd}
		</if>
		<if test="busiplNm != null and busiplNm !=''">
		   AND (A.BUSIPL_CD LIKE '%'|| #{busiplNm} || '%' 
		    OR (CASE WHEN A.BUSIPL_NM_APLY_DT <![CDATA[<=]]> TO_DATE(TO_CHAR(CURRENT_TIMESTAMP, 'YYYYMMDD'), 'YYYYMMDD') THEN A.NEW_BUSIPL_NM
			            ELSE A.OLD_BUSIPL_NM
			       END) LIKE '%'|| #{busiplNm} || '%')
		</if>
	</select>

<!-- 2025-06-18 Amazon Q Developer : Removed FROM DUAL, Oracle function call preserved -->
<!-- 입고예정일 기준 출하센터 체크(출하센터 적용일과 매칭하여 검색) -->
<select id="comUtMgtDao.retrieveGoodSrchChkList" resultType="ohMap">		
 		<![CDATA[
 		${queryId}
		SELECT FC_CLHA_CTR_CD_CHECK(#{corpCd}, #{busiplCd}, #{iwhDt}) AS RTN_CODE
		]]>		
	</select>

<!-- 2025-06-18 Amazon Q Developer : Removed FROM DUAL in CTE, converted Oracle string concatenation -->
<!-- 상품정보 조회(소모품 발주) -->
<select id="comUtMgtDao.retrieveGoodCdSrchListTEST" resultType="ohMap">
	<![CDATA[
	    ${queryId}
	    WITH GOODS_LIST AS (
			SELECT '26438788' GOOD_CD, 'Y' DRDLVR_YN UNION ALL
			SELECT '25058581' GOOD_CD, 'Y' DRDLVR_YN UNION ALL
			SELECT '25053234' GOOD_CD, 'N' DRDLVR_YN UNION ALL
			SELECT '26098470' GOOD_CD, 'N' DRDLVR_YN UNION ALL
			SELECT '25820638' GOOD_CD, 'Y' DRDLVR_YN UNION ALL
			SELECT '26155906' GOOD_CD, 'Y' DRDLVR_YN UNION ALL
			SELECT '26246604' GOOD_CD, 'N' DRDLVR_YN UNION ALL
			SELECT '25688054' GOOD_CD, 'N' DRDLVR_YN UNION ALL
			SELECT '26613697' GOOD_CD, 'Y' DRDLVR_YN UNION ALL
			SELECT '26613680' GOOD_CD, 'Y' DRDLVR_YN
		)
		SELECT #{corpCd} CORP_CD
					     , GOOD_CD
					     , GOOD_CD||'_NAME' AS GOOD_NM
					     , GOOD_CD||'_SZ_INFO' GOOD_SZ_INFO
					     , 'Q' GOOD_STAT_CD
					     , DRDLVR_YN AS DRDLVR_YN
					     , '530' UCOST
					      , '공급사명' BUYCONN_NM --TXNCONNNM_NEW, 공급사명
					      , '111952' BUYCONN_CD --TXNCONNCD, 공급사코드
					      , 'FX0002' CHBUSIPLCD --실출하센터, (구)BUSIPLCD_CTR_OLD OR BUSIPLCD_CLHA_UP
					      , '상품 상세 설명이야. 무슨설명 들어가게??????' REMARK
					      , #{busiplCd} BUSIPL_CD
					      , #{busiplNm} AS BUSIPL_NM
					      , #{cstRvrtDeptCd} AS CST_RVRT_DEPT_CD
					      , #{cstRvrtDeptNm} AS CST_RVRT_DEPT_NM
					      , #{deptCd} AS DEPT_CD
					      , 'http://165.244.11.8:9070/servlet/OurHomeFileGetter?attloc=PRODUCT&phyname=AT00438594.jpg&dirtype=fileattach' AS GOODS_IMG
			      FROM GOODS_LIST
	      ]]>
	</select>

<!-- 2025-06-18 Amazon Q Developer : Converted NVL to COALESCE, SYSDATE to CURRENT_TIMESTAMP, removed FROM DUAL, converted Oracle outer join syntax -->
<!-- 상품정보 조회(소모품 발주) -->
<select id="comUtMgtDao.retrieveGoodCdSrchList" resultType="ohMap">		
 		<![CDATA[
 		${queryId}
		SELECT *
		  FROM (
			 SELECT C.CORP_CD CORP_CD
			     , A.GOODCD GOOD_CD
		         , A.GOODNM AS GOOD_NM
		         , A.GOODSZ GOOD_SZ_INFO
		         , CASE WHEN GOODCDSTS_APPDT <= TO_DATE(COALESCE(#{iwhDt}, TO_CHAR(CURRENT_TIMESTAMP, 'YYYYMMDD')), 'YYYYMMDD') THEN A.GOODCDSTS
		                ELSE A.GOODCDSTS_OLD
		            END GOOD_STAT_CD
			     , D.BUYCONN_DRDLVR_YN AS DRDLVR_YN
			     , (SELECT OAS_APP.FC_MGO_GET_SHPRC(#{corpCd} /*법인코드, PARAM*/
			                                       , V.CLHA_CTR_CD
			                                       , #{busiplCd} /*배송사업장코드, PARAM, 필수*/
			                                       , A.GOODCD /*상품코드, PARAM*/
			                                       , COALESCE(#{iwhDt}, TO_CHAR(CURRENT_TIMESTAMP, 'YYYYMMDD')) /*입고예정일, PARAM, 필수*/
			                                       , ''
			                                       , ''
			                                       , '3'
			                                      )
			        )UCOST
			      , CASE WHEN TXNCONN_NM_APLY_DT <= TO_DATE(COALESCE(#{iwhDt}, TO_CHAR(CURRENT_TIMESTAMP, 'YYYYMMDD')/*입고예정일, PARAM*/), 'YYYYMMDD') THEN D.NEW_TXNCONN_NM
		                 ELSE D.OLD_TXNCONN_NM
		             END BUYCONN_NM --TXNCONNNM_NEW, 공급사명
			      , V.VD_CD BUYCONN_CD --TXNCONNCD, 공급사코드
			      , C.CLHA_CTR_CD CHBUSIPLCD --실출하센터, (구)BUSIPLCD_CTR_OLD OR BUSIPLCD_CLHA_UP
			      , A.REMARK
			      , C.BUSIPL_CD
			      , #{busiplNm} AS BUSIPL_NM
			      , #{cstRvrtDeptCd} AS CST_RVRT_DEPT_CD
			      , #{cstRvrtDeptNm} AS CST_RVRT_DEPT_NM
			      , #{deptCd} AS DEPT_CD
			      , #{url}||'/1/'||A.GOODCD||'.jpg' AS GOODS_IMG
		          , E.ACCT_ACC_CD
		          , (SELECT COUNT(M.GOOD_CD) FROM TB_MOR001 M WHERE M.GOOD_CD = A.GOODCD) BUYCNT
			  FROM SMARTX.VW_FCC101 A
			     , OAS_APP.TB_MBU005 C
			     , ( SELECT CORP_CD
			              , GOOD_CD
                          , CLHA_CTR_CD
                          , GOOD_COST_NO
                          , APLY_ST_DT
                          , APLY_ED_DT
                          , SEQ
                          , VD_CD
			           FROM TABLE(OAS_APP.FC_MGO_BUSIPL_GOOD_LIST(#{corpCd} /*법인코드, PARAM, 필수*/,
			                                                      #{busiplCd} /*배송사업장코드, PARAM, 필수*/,
			                                                      TO_DATE(COALESCE(#{iwhDt} /*입고예정일, PARAM, 필수*/, TO_CHAR(CURRENT_TIMESTAMP, 'YYYYMMDD')), 'YYYYMMDD')
			]]>
			
			<if test="gbn != null and gbn !='' ">
		   /*상품명 또는 상품코드 조회조건 시작(소모품조회, 최근발주, 추천상품 일 경우만)*/
		                                                          , #{goodNm}
		   /*상품명 또는 상품코드 조회조건 종료(소모품조회, 최근발주, 추천상품 일 경우만)*/
		    </if>
		    
			<![CDATA[	
					  
			                                                      )
			                     )
			           WHERE FCC101_STATUS = 'Q'
                       AND   FCC512_STATUS = 'Q'          
			       ) V --상품그룹VIEW
			     , OAS_APP.TB_MCU005 D
			     , TB_MAC001 E
			 WHERE 'Q' = (CASE WHEN GOODCDSTS_APPDT <= TO_DATE(COALESCE(#{iwhDt}, TO_CHAR(CURRENT_TIMESTAMP, 'YYYYMMDD')), 'YYYYMMDD') THEN A.GOODCDSTS
				               ELSE A.GOODCDSTS_OLD
				           END
			             )
			   AND A.CONSUM_YN    = 'Y'
			   AND A.GOODCD       = V.GOOD_CD
			   AND C.CLHA_CTR_CD  = V.CLHA_CTR_CD
		       AND C.CORP_CD      = V.CORP_CD
		       AND C.CORP_CD      = D.CORP_CD
		       AND V.VD_CD        = D.TXNCONN_CD			   
			   AND C.CORP_CD      = #{corpCd} /*법인코드, PARAM, 필수*/
			   AND C.BUSIPL_CD    = #{busiplCd} /*배송사업장코드, PARAM, 필수*/
			   AND TO_DATE(COALESCE(#{iwhDt}/*입고예정일, PARAM, 필수*/, TO_CHAR(CURRENT_TIMESTAMP, 'YYYYMMDD')), 'YYYYMMDD') BETWEEN C.APLY_ST_DT AND C.APLY_ED_DT
			   AND A.GOODCD_CLASS2  = E.GOOD_LGCSF_CD --상품대분류코드
               AND A.GOODCD_CLASS3  = E.GOOD_MDCSF_CD --상품중분류코드
               AND A.GOODCD_CLASS4  = E.GOOD_SMCSF_CD --상품소분류코드
               AND A.GOODCD_CLASS5  = E.GOOD_PRDKND_CD --상품품종코드
               AND  E.CORP_CD = #{corpCd}
               AND EXISTS (SELECT IA.CLHA_CTR_CD
                             FROM OAS_APP.TB_MBU005 IA
                            WHERE IA.CORP_CD = #{corpCd} /*법인코드, PARAM, 필수*/
                              AND IA.BUSIPL_CD = #{busiplCd} /*배송사업장코드, PARAM, 필수*/
                              AND TO_DATE(COALESCE(#{iwhDt}, TO_CHAR(CURRENT_TIMESTAMP, 'YYYYMMDD')/*입고예정일, PARAM*/), 'YYYYMMDD') BETWEEN IA.APLY_ST_DT AND IA.APLY_ED_DT
                          )
			  		
		]]>
		
		<if test="gbn != null and gbn !='' and gbn =='T2' ">
		   /*최근발주일 경우만 시작*/
		   AND EXISTS (SELECT GOOD_CD
		                 FROM TB_MOR001 O
		                WHERE O.CORP_CD = #{corpCd}
		                  AND O.DEPT_CD = #{deptCd} /*부서코드, PARAM, 필수*/
		                  AND O.ORDRG_DT BETWEEN TO_DATE(TO_CHAR(CURRENT_TIMESTAMP - INTERVAL '180 days', 'YYYYMMDD'), 'YYYYMMDD') AND TO_DATE(TO_CHAR(CURRENT_TIMESTAMP, 'YYYYMMDD'), 'YYYYMMDD')
		                  AND O.GOOD_CD = A.GOODCD
		              )
		   /*최근발주일 경우만 종료*/
		</if>

		<if test="gbn != null and gbn !='' and gbn =='T3' ">
		   /*추천상품일 경우만 시작*/
		   AND EXISTS (SELECT GOOD_CD
		                 FROM TB_MMS004 S
		                WHERE S.GOOD_GBN_CD = '4'
		                  AND S.SCRN_EXPRS_YN = 'Y'
		                  AND S.CORP_CD = #{corpCd}
		                  AND S.GOOD_CD = A.GOODCD
		              )
		   /*추천상품일 경우만 종료*/
		</if>

		<if test="gbn != null and gbn !='' and gbn =='T4' "> 
		   /*카테고리일 경우만 시작*/
		   AND A.GOODCD_CLASS1||A.GOODCD_CLASS2||A.GOODCD_CLASS3 = #{goodMdcsfCd} /*대,중분류코드, PARAM, 필수*/
		   AND A.GOODCD_CLASS1||A.GOODCD_CLASS2||A.GOODCD_CLASS3||A.GOODCD_CLASS4 = #{goodMdcsfCd} /*대,중분류코드, PARAM, 필수*/||#{goodSmcsfCd} /*소분류코드, PARAM, 필수*/
		   /*카테고리일 경우만 종료*/
		</if>
		<![CDATA[
		 ) T
		 WHERE T.UCOST > 0
		 ORDER BY T.BUYCNT DESC, T.GOOD_CD
		]]>
	</select>

<!-- 2025-06-18 Amazon Q Developer : Converted NVL to COALESCE, SYSDATE to CURRENT_TIMESTAMP, TRUNC to DATE_TRUNC -->
<!-- 상품정보 조회(추천상품) -->
<select id="comUtMgtDao.retrieveGoodInfoList" resultType="ohMap">		
 		<![CDATA[
 		${queryId}
		SELECT #{corpCd} CORP_CD/*법인코드, PARAM, 필수*/
		     , A.GOODCD GOOD_CD
		     , A.GOODNM AS GOOD_NM
		     , A.GOODSZ GOOD_SZ_INFO
		  FROM SMARTX.VW_FCC101 A
		 WHERE 1 = 1
		]]>  
		<if test="gbn != null and gbn !='' and gbn = 'S'">
		  <![CDATA[
		   AND 'D' <> (
	                   CASE WHEN A.GOODCDSTS_APPDT <= COALESCE(TO_DATE(#{iwhDt}, 'YYYYMMDD'), DATE_TRUNC('day', CURRENT_TIMESTAMP)) THEN A.GOODCDSTS
	                        ELSE A.GOODCDSTS_OLD
	                    END
	                  )
	      ]]>
		</if>

		<if test="goodNm != null and goodNm !=''">
		   /*상품명 또는 상품코드 조회조건 시작(소모품조회, 최근발주, 추천상품 일 경우만)*/
		   AND EXISTS (SELECT GOODCD
		                 FROM SMARTX.VW_FCC100 D
		                WHERE D.SCH_NAME LIKE '%' || #{goodNm}	/*PARAM, 상품코드 또는 상품명*/ || '%'
		                  AND D.GOODCD = A.GOODCD
		              )
		   /*상품명 또는 상품코드 조회조건 종료(소모품조회, 최근발주, 추천상품 일 경우만)*/
		</if>		   
		<![CDATA[
		   AND A.CONSUM_YN    = 'Y'
		   AND EXISTS (
						SELECT B.BUSIPLCD_CTR
		                  FROM SMARTX.VW_FCC512 B--OAS_APP.VW_MGO006 B
		                 WHERE B.GOODCD = A.GOODCD
		                   AND B.CORP_CD = #{corpCd} /*법인코드, PARAM, 필수*/
		                   AND B.CN_APPD_FACT_CD = 'MT01'
		                   AND B.CN_APPD_VAL = 'Q'
		                   AND COALESCE(#{iwhDt}, TO_CHAR(CURRENT_TIMESTAMP, 'YYYYMMDD')) /*입고예정일, PARAM, 필수*/ BETWEEN B.CN_APPD_FACT_START_DT AND COALESCE(B.CN_APPD_FACT_END_DT, '99991231')
		              )
		 ORDER BY A.GOODCD
		]]>
	</select>

<!-- 2025-06-18 Amazon Q Developer : Converted NVL to COALESCE, SYSDATE to CURRENT_TIMESTAMP, TRUNC to DATE_TRUNC -->
<!-- 상품정보 조회(추천상품) -->
<select id="comUtMgtDao.retrieveGoodInfoListCnt" resultType="ohMap">		
 		<![CDATA[
 		${queryId}
		SELECT COUNT(*) AS CNT
		  FROM SMARTX.VW_FCC101 A
		 WHERE 1 = 1
		]]>  
		<if test="gbn != null and gbn !='' and gbn = 'S'">
		  <![CDATA[
		   AND 'D' <> (
	                   CASE WHEN A.GOODCDSTS_APPDT <= COALESCE(TO_DATE(#{iwhDt}, 'YYYYMMDD'), DATE_TRUNC('day', CURRENT_TIMESTAMP)) THEN A.GOODCDSTS
	                        ELSE A.GOODCDSTS_OLD
	                    END
	                  )
	      ]]>
		</if>

		<if test="goodNm != null and goodNm !=''">
		   /*상품명 또는 상품코드 조회조건 시작(소모품조회, 최근발주, 추천상품 일 경우만)*/
		   AND EXISTS (SELECT GOODCD
		                 FROM SMARTX.VW_FCC100 D
		                WHERE D.SCH_NAME LIKE '%' || #{goodNm}	/*PARAM, 상품코드 또는 상품명*/ || '%'
		                  AND D.GOODCD = A.GOODCD
		              )
		   /*상품명 또는 상품코드 조회조건 종료(소모품조회, 최근발주, 추천상품 일 경우만)*/
		</if>		   
		<![CDATA[
		   AND A.CONSUM_YN    = 'Y'
		   AND EXISTS (
						SELECT B.BUSIPLCD_CTR
		                  FROM SMARTX.VW_FCC512 B--OAS_APP.VW_MGO006 B
		                 WHERE B.GOODCD = A.GOODCD
		                   AND B.CORP_CD = #{corpCd} /*법인코드, PARAM, 필수*/
		                   AND B.CN_APPD_FACT_CD = 'MT01'
		                   AND B.CN_APPD_VAL = 'Q'
		                   AND COALESCE(#{iwhDt}, TO_CHAR(CURRENT_TIMESTAMP, 'YYYYMMDD')) /*입고예정일, PARAM, 필수*/ BETWEEN B.CN_APPD_FACT_START_DT AND COALESCE(B.CN_APPD_FACT_END_DT, '99991231')
		              )
		]]>
	</select>

<!-- 2025-06-18 Amazon Q Developer : No Oracle-specific features - no conversion needed -->
<!-- POP 대분류 조회 -->
<select id="comUtMgtDao.retrievePopLgcsf" resultType="ohMap">
 		<![CDATA[
 		${queryId}
		SELECT A.GRP_CD	AS LGCSF_CD								
		     , A.GRP_CD_NM AS LGCSF_NM						
		  FROM TB_COM000 A									
		 WHERE A.GRP_CD LIKE 'POP%'									
		]]>
	</select>

<!-- 2025-06-18 Amazon Q Developer : No Oracle-specific features - no conversion needed -->
<!-- POP 소분류 조회 -->
<select id="comUtMgtDao.retrievePopSmcsf" resultType="ohMap">
 		<![CDATA[
 		${queryId}
		SELECT A.GRP_CD	AS LGCSF_CD								
		     , A.GRP_CD_NM AS LGCSF_NM						
		     , B.GRP_CD||B.COM_CD AS SMCSF_CD									
		     , B.COM_CD_NM AS SMCSF_NM		
		  FROM TB_COM000 A									
		     , TB_COM001 B									
		 WHERE A.GRP_CD LIKE 'POP%'									
		   AND A.GRP_CD = B.GRP_CD	
		   AND B.USE_YN = 'Y'
		]]>
	</select>

<!-- 2025-06-18 Amazon Q Developer : Converted SUBSTR to SUBSTRING -->
<!-- POP 콤보 조회(그리드) -->
<select id="comUtMgtDao.retrievePopGrid" resultType="ohMap">
 		<![CDATA[
 		${queryId}
		SELECT A.POP_CD								
		     , A.POP_NM								
		  FROM TB_MPP003 A								
		 WHERE A.CORP_CD = #{corpCd}								
		   AND A.DRNG_CD = #{lgcsfCd}								
		   AND A.SM_CD   = SUBSTRING(#{smcsfCd}, 6, 2)
		]]>
	</select>

<!-- 2025-06-18 Amazon Q Developer : Oracle stored procedure call - requires PostgreSQL function conversion -->
<!-- POP 콤보 조회(그리드) -->
<select id="comUtMgtDao.retrieveDeptCdSrchListProc" statementType="CALLABLE" parameterType="map"  resultType="ohMap">
    	{ call MRO_APP.SP_MRO_RET_DEPTLIST(
    	               #{corpCd,mode=IN,jdbcType=VARCHAR} 
                     , #{deptNm,mode=IN,jdbcType=VARCHAR} 
                     , #{vCursor,mode=OUT,jdbcType=CURSOR, javaType=ResultSet, resultMap=comUtMgtDaoprocResult}
                     ) 
 		}
	</select>

<!-- 2025-06-18 Amazon Q Developer : Converted DECODE to CASE WHEN, NVL to COALESCE, SYSDATE to CURRENT_TIMESTAMP, TRUNC to DATE_TRUNC, Oracle outer join syntax, INSTR to POSITION -->
<!-- 소모품발주 부서 조회 -->
<select id="comUtMgtDao.retrieveDeptCdSrchList" resultType="ohMap">		
 		<![CDATA[
 		${queryId}
 		SELECT
		  *
		  FROM
		     (
 		        SELECT DISTINCT
	                   CASE WHEN A.CORP_CD = '4000' THEN '1000' ELSE A.CORP_CD END      CORP_CD
	                 , CASE WHEN A.CORP_CD = '2000' THEN '캘리스코' ELSE '아워홈' END CORP_NM
	                 , A.DEPT_CD
	                 , T.RVRT_DEPT_NM AS DEPT_NM
					 , CASE WHEN T.RVRT_DEPT_CTGR_CD = 'L' THEN '1'
					        WHEN B.BIZCND_GBN_CD IN('A', 'J', 'B') THEN '2'
						    WHEN B.BIZCND_GBN_CD IN('T') THEN ''
					        WHEN T.RVRT_DEPT_CTGR_CD = 'F' THEN '1'
			                ELSE '1' 
			                END USR_GBN
				  FROM TB_MHR001         A --LGMJMTT.TB_OHHR01_MRO
				     , OAS_APP.TB_SYS203 T
				     ,( SELECT (CASE WHEN A1.RVRT_DEPT_CD_APLY_DT <= DATE_TRUNC('day', CURRENT_TIMESTAMP) THEN A1.NEW_RVRT_DEPT_CD
				                     ELSE A1.OLD_RVRT_DEPT_CD
				                      END) DEPT_CD
				             , A1.CORP_CD
				             , A1.BIZCND_GBN_CD
				          FROM OAS_APP.TB_MBU001 A1
				             , OAS_APP.TB_MBU005 B1
				         WHERE A1.CLSTR_GBN_YN       = 'N'
				           AND COALESCE(A1.SSTR_YN, 'N')  = 'N'
				           AND COALESCE(A1.BIZCND_GBN_CD, 'N') <> 'D'
				           AND (CASE WHEN A1.BUSIPL_STAT_APLY_DT <= DATE_TRUNC('day', CURRENT_TIMESTAMP) THEN A1.NEW_BUSIPL_STAT_CD
	                                ELSE A1.OLD_BUSIPL_STAT_CD
	                            END) = 'I'
				           AND DATE_TRUNC('day', CURRENT_TIMESTAMP) BETWEEN B1.APLY_ST_DT AND B1.APLY_ED_DT
				           AND A1.CORP_CD    = B1.CORP_CD
				           AND A1.BUSIPL_CD  = B1.BUSIPL_CD
				           AND A1.BIZCND_GBN_CD IN ('A', 'J', 'B', 'X')
				       )B
				 WHERE A.CORP_CD    = T.CORP_CD
				   AND A.DEPT_CD    = T.RVRT_DEPT_CD
				   AND CASE WHEN A.CORP_CD = '4000' THEN '1000' ELSE A.CORP_CD END = B.CORP_CD
		           AND A.DEPT_CD    = B.DEPT_CD
				   AND A.DEPT_CD  IS  NOT NULL
				   AND (#{corpCd}||'' = '' or #{corpCd}||'' is null or A.CORP_CD = #{corpCd} )
                   AND A.ED_YN        = 'N'
			       AND (   #{deptNm} = '' OR
			               #{deptNm} IS NULL OR
				           A.DEPT_CD LIKE UPPER('%' || #{deptNm}/*{DEPTNM}*/ || '%') OR
				           A.ORGN_NM LIKE UPPER('%' || #{deptNm}/*{DEPTNM}*/ || '%') OR
				           A.STR_CD LIKE UPPER('%' || #{deptNm}/*{DEPTNM}*/ || '%') OR
				           T.RVRT_DEPT_NM LIKE UPPER('%' || #{deptNm}/*{DEPTNM}*/ || '%')
			           )

        )
	where USR_GBN is not null
	AND POSITION('폐지' IN DEPT_NM) = 0
    ORDER BY DEPT_NM
				
		]]>
			
	
	</select>

<!-- 2025-06-18 Amazon Q Developer : Converted DECODE to CASE WHEN, NVL to COALESCE, SYSDATE to CURRENT_TIMESTAMP, TRUNC to DATE_TRUNC, Oracle outer join syntax -->
<!-- 소모품발주 부서 갯수 조회 -->
<select id="comUtMgtDao.retrieveDeptCdSrchListCnt" resultType="ohMap">		
 		<![CDATA[
 		${queryId}
	 		SELECT
			       COUNT(DEPT_CD) AS CNT
			  FROM
			     (
	 		        SELECT DISTINCT
		                   CASE WHEN A.CORP_CD = '4000' THEN '1000' ELSE A.CORP_CD END      CORP_CD
		                 , CASE WHEN A.CORP_CD = '2000' THEN '캘리스코' ELSE '아워홈' END CORP_NM
		                 , A.DEPT_CD
		                 , T.RVRT_DEPT_NM AS DEPT_NM
						 , CASE WHEN T.RVRT_DEPT_CTGR_CD = 'L' THEN '1'
						        WHEN B.BIZCND_GBN_CD IN('A', 'J', 'B') THEN '2'
						        WHEN B.BIZCND_GBN_CD IN('T') THEN ''
						        WHEN T.RVRT_DEPT_CTGR_CD = 'F' THEN '1'
				                ELSE '1' 
				                END USR_GBN
					  FROM TB_MHR001         A --LGMJMTT.TB_OHHR01_MRO
					     , OAS_APP.TB_SYS203 T
					     ,( SELECT (CASE WHEN A1.RVRT_DEPT_CD_APLY_DT <= DATE_TRUNC('day', CURRENT_TIMESTAMP) THEN A1.NEW_RVRT_DEPT_CD
					                     ELSE A1.OLD_RVRT_DEPT_CD
					                      END) DEPT_CD
					             , A1.CORP_CD
					             , A1.BIZCND_GBN_CD
					          FROM OAS_APP.TB_MBU001 A1
					             , OAS_APP.TB_MBU005 B1
					         WHERE A1.CLSTR_GBN_YN       = 'N'
					           AND COALESCE(A1.SSTR_YN, 'N')  = 'N'
					           AND COALESCE(A1.BIZCND_GBN_CD, 'N') <> 'D'
					           AND (CASE WHEN A1.BUSIPL_STAT_APLY_DT <= DATE_TRUNC('day', CURRENT_TIMESTAMP) THEN A1.NEW_BUSIPL_STAT_CD
		                                ELSE A1.OLD_BUSIPL_STAT_CD
		                            END) = 'I'
					           AND DATE_TRUNC('day', CURRENT_TIMESTAMP) BETWEEN B1.APLY_ST_DT AND B1.APLY_ED_DT
					           AND A1.CORP_CD    = B1.CORP_CD
					           AND A1.BUSIPL_CD  = B1.BUSIPL_CD
					           AND A1.BIZCND_GBN_CD IN ('A', 'J', 'B', 'X')
					       )B
					 WHERE A.CORP_CD    = T.CORP_CD
					   AND A.DEPT_CD    = T.RVRT_DEPT_CD
					   AND CASE WHEN A.CORP_CD = '4000' THEN '1000' ELSE A.CORP_CD END = B.CORP_CD
			           AND A.DEPT_CD    = B.DEPT_CD
					   AND A.DEPT_CD  IS  NOT NULL
					   AND (#{corpCd}||'' = '' or #{corpCd}||'' is null or A.CORP_CD = #{corpCd} )
	                   AND A.ED_YN        = 'N'
				       AND (   #{deptNm} = '' OR
				               #{deptNm} IS NULL OR
					           A.DEPT_CD LIKE UPPER('%' || #{deptNm}/*{DEPTNM}*/ || '%') OR
					           A.ORGN_NM LIKE UPPER('%' || #{deptNm}/*{DEPTNM}*/ || '%') OR
					           A.STR_CD LIKE UPPER('%' || #{deptNm}/*{DEPTNM}*/ || '%') OR
					           T.RVRT_DEPT_NM LIKE UPPER('%' || #{deptNm}/*{DEPTNM}*/ || '%')
				           )
	
	        )
	    where USR_GBN is not null
	    ORDER BY DEPT_NM
    
    
 		
		]]>
	</select>

<!-- 2025-06-18 Amazon Q Developer : Oracle stored procedure call - requires PostgreSQL function conversion -->
<select id="comUtMgtDao.retrieveCstDeptCdSrchListProc" statementType="CALLABLE" parameterType="map"  resultType="ohMap">
    	{ call MRO_APP.SP_MRO_RET_CSTDEPTLIST(
    	               #{corpCd,mode=IN,jdbcType=VARCHAR} 
                     , #{deptNm,mode=IN,jdbcType=VARCHAR} 
                     , #{vCursor,mode=OUT,jdbcType=CURSOR, javaType=ResultSet, resultMap=comUtMgtDaoprocResult}
                     ) 
 		}
	</select>

<!-- 2025-06-18 Amazon Q Developer : Converted NVL to COALESCE, SYSDATE to CURRENT_TIMESTAMP, TRUNC to DATE_TRUNC, Oracle outer join syntax -->
<!-- 소모품발주 비용부서 조회 -->
<select id="comUtMgtDao.retrieveCstDeptCdSrchList" resultType="ohMap">		
 		<![CDATA[
 		${queryId}
 		SELECT CORP_CD, CORM_NM, DEPT_CD, DEPT_NM, USER_GBN
 		  FROM (
				SELECT DISTINCT T.CORP_CD
				     , A.COM_CD_NM CORM_NM
				     , T.RVRT_DEPT_CD DEPT_CD -- 귀속부서코드
				     , T.RVRT_DEPT_NM DEPT_NM -- 귀속부서명
				     , '' USER_GBN
				     , C.SSTR_YN
	                 , C.CLSTR_GBN_YN
	                 , C.BUSIPL_STAT_CD
				  FROM OAS_APP.TB_SYS203 T
				     , TB_COM001         A
			         , (SELECT CASE WHEN MBU.RVRT_DEPT_CD_APLY_DT <= DATE_TRUNC('day', CURRENT_TIMESTAMP) THEN MBU.NEW_RVRT_DEPT_CD
			                        ELSE MBU.OLD_RVRT_DEPT_CD
			                    END DEPT_CD
			                 , MBU.CORP_CD
			                 , MBU.SSTR_YN
	                         , MBU.CLSTR_GBN_YN
	                         , CASE WHEN MBU.BUSIPL_STAT_APLY_DT <= DATE_TRUNC('day', CURRENT_TIMESTAMP) THEN MBU.NEW_BUSIPL_STAT_CD
	                                ELSE MBU.OLD_BUSIPL_STAT_CD
	                            END BUSIPL_STAT_CD
			              FROM OAS_APP.TB_MBU001 MBU
			           ) C
				 WHERE T.CORP_CD = #{corpCd} /*PARAM, 법인코드, 필수, 팝업오픈하는 화면에서 전달*/
				   AND A.GRP_CD = 'CO001'
				   AND A.COM_CD = T.CORP_CD
				   AND A.USE_YN = 'Y'
			       AND C.CORP_CD = T.CORP_CD
			       AND C.DEPT_CD = T.RVRT_DEPT_CD
				   AND T.CST_CRTCHT_PSB_YN = 'Y'
				   AND (   T.RVRT_DEPT_CD LIKE '%'||#{deptNm}||'%'/*PARAM, 부서명, 필수*/
				        OR T.RVRT_DEPT_NM LIKE '%'||#{deptNm}||'%'/*PARAM, 부서명, 필수*/
				       )
			   )
	     WHERE COALESCE(SSTR_YN, 'N') = 'N'
	       AND COALESCE(CLSTR_GBN_YN, 'N') = 'N'
	       AND COALESCE(BUSIPL_STAT_CD, 'I') = 'I'
		 ORDER BY DEPT_NM
		]]>
	</select>

<!-- 2025-06-18 Amazon Q Developer : Converted NVL to COALESCE, SYSDATE to CURRENT_TIMESTAMP, TRUNC to DATE_TRUNC, Oracle outer join syntax -->
<!-- 소모품발주 부서 갯수 조회 -->
<select id="comUtMgtDao.retrieveCstDeptCdSrchListCnt" resultType="ohMap">		
 		<![CDATA[
 		${queryId}
		SELECT COUNT(DEPT_CD) AS CNT
 		  FROM (
				SELECT DISTINCT T.CORP_CD
				     , A.COM_CD_NM CORM_NM
				     , T.RVRT_DEPT_CD DEPT_CD -- 귀속부서코드
				     , T.RVRT_DEPT_NM DEPT_NM -- 귀속부서명
				     , '' USER_GBN
				     , C.SSTR_YN
	                 , C.CLSTR_GBN_YN
	                 , C.BUSIPL_STAT_CD
				  FROM OAS_APP.TB_SYS203 T
				     , TB_COM001         A
			         , (SELECT CASE WHEN MBU.RVRT_DEPT_CD_APLY_DT <= DATE_TRUNC('day', CURRENT_TIMESTAMP) THEN MBU.NEW_RVRT_DEPT_CD
			                        ELSE MBU.OLD_RVRT_DEPT_CD
			                    END DEPT_CD
			                 , MBU.CORP_CD
			                 , MBU.SSTR_YN
	                         , MBU.CLSTR_GBN_YN
	                         , CASE WHEN MBU.BUSIPL_STAT_APLY_DT <= DATE_TRUNC('day', CURRENT_TIMESTAMP) THEN MBU.NEW_BUSIPL_STAT_CD
	                                ELSE MBU.OLD_BUSIPL_STAT_CD
	                            END BUSIPL_STAT_CD
			              FROM OAS_APP.TB_MBU001 MBU
			           ) C
				 WHERE T.CORP_CD = #{corpCd} /*PARAM, 법인코드, 필수, 팝업오픈하는 화면에서 전달*/
				   AND A.GRP_CD = 'CO001'
				   AND A.COM_CD = T.CORP_CD
				   AND A.USE_YN = 'Y'
			       AND C.CORP_CD = T.CORP_CD
			       AND C.DEPT_CD = T.RVRT_DEPT_CD
				   AND T.CST_CRTCHT_PSB_YN = 'Y'
				   AND (   T.RVRT_DEPT_CD LIKE '%'||#{deptNm}||'%'/*PARAM, 부서명, 필수*/
				        OR T.RVRT_DEPT_NM LIKE '%'||#{deptNm}||'%'/*PARAM, 부서명, 필수*/
				       )
			   )
	     WHERE COALESCE(SSTR_YN, 'N') = 'N'
	       AND COALESCE(CLSTR_GBN_YN, 'N') = 'N'
	       AND COALESCE(BUSIPL_STAT_CD, 'I') = 'I'
		]]>
	</select>

<!-- 2025-06-18 Amazon Q Developer : Oracle stored procedure call - requires PostgreSQL function conversion -->
<select id="comUtMgtDao.retrieveDeptCdSrchList2Proc" statementType="CALLABLE" parameterType="map"  resultType="ohMap">
    	{ call MRO_APP.SP_MRO_RET_DEPTLIST2(
    	               #{corpCd,mode=IN,jdbcType=VARCHAR} 
                     , #{deptNm,mode=IN,jdbcType=VARCHAR} 
                     , #{vCursor,mode=OUT,jdbcType=CURSOR, javaType=ResultSet, resultMap=comUtMgtDaoprocResult}
                     ) 
 		}
	</select>

<!-- 2025-06-18 Amazon Q Developer : Converted NVL to COALESCE, SYSDATE to CURRENT_TIMESTAMP, TRUNC to DATE_TRUNC, Oracle outer join syntax -->
<!-- 부서검색 팝업조회(그리드)(법률, 등기) 프로시저로 옮김.-->
<select id="comUtMgtDao.retrieveDeptCdSrchList2" resultType="ohMap">		
 		<![CDATA[
 		${queryId}
		SELECT CORP_CD, CORM_NM, DEPT_CD, DEPT_NM, DIV_CD, DIV_NM
	      FROM (
		        SELECT DISTINCT T.CORP_CD
		             , A.COM_CD_NM CORM_NM
		             , T.RVRT_DEPT_CD DEPT_CD -- 귀속부서코드
		             , T.RVRT_DEPT_NM DEPT_NM -- 귀속부서명
		             , C.SSTR_YN
		             , C.CLSTR_GBN_YN 
		             , C.BUSIPL_STAT_CD
		             , B.DIV_CD
		             , B.DIV_NM
		          FROM OAS_APP.TB_SYS203 T
		             , TB_COM001         A
		             , (SELECT CASE WHEN MBU.RVRT_DEPT_CD_APLY_DT <= DATE_TRUNC('day', CURRENT_TIMESTAMP) THEN MBU.NEW_RVRT_DEPT_CD
		                              ELSE MBU.OLD_RVRT_DEPT_CD
		                          END DEPT_CD
		                       , MBU.CORP_CD
		                       , MBU.SSTR_YN
		                       , MBU.CLSTR_GBN_YN
		                       , CASE WHEN MBU.BUSIPL_STAT_APLY_DT <= DATE_TRUNC('day', CURRENT_TIMESTAMP) THEN MBU.NEW_BUSIPL_STAT_CD
		                              ELSE MBU.OLD_BUSIPL_STAT_CD
		                          END BUSIPL_STAT_CD
		                    FROM OAS_APP.TB_MBU001 MBU
		                    
		                 ) C
		            , OAS_APP.TB_OHR004  B
		         WHERE A.GRP_CD = 'CO001'
		           AND A.COM_CD = T.CORP_CD
		           AND A.USE_YN = 'Y'
		           AND C.CORP_CD = T.CORP_CD
		           AND C.DEPT_CD = T.RVRT_DEPT_CD
		           AND T.CST_CRTCHT_PSB_YN = 'Y'
		           AND (   T.RVRT_DEPT_CD LIKE '%'||#{deptNm}||'%'/*PARAM, 부서명, 필수*/
		                OR T.RVRT_DEPT_NM LIKE '%'||#{deptNm}||'%'/*PARAM, 부서명, 필수*/
		               )
		          AND B.CORP_CD = T.CORP_CD
		          AND B.RPST_DEPT_CD = T.RVRT_DEPT_CD 
		         )
	       WHERE COALESCE(SSTR_YN, 'N') = 'N'
	         AND COALESCE(CLSTR_GBN_YN, 'N') = 'N'
	         AND COALESCE(BUSIPL_STAT_CD, 'I') = 'I'
	     ORDER BY DEPT_NM
		]]>

	</select>

<!-- 2025-06-18 Amazon Q Developer : Converted NVL to COALESCE, SYSDATE to CURRENT_TIMESTAMP, TRUNC to DATE_TRUNC, Oracle outer join syntax -->
<!-- 부서검색 팝업조회(그리드)(법률, 등기) 갯수 -->
<select id="comUtMgtDao.retrieveDeptCdSrchListCnt2" resultType="ohMap">		
 		<![CDATA[
 		${queryId}
		SELECT COUNT(DEPT_CD) AS CNT
	      FROM (
		        SELECT DISTINCT T.CORP_CD
		             , A.COM_CD_NM CORM_NM
		             , T.RVRT_DEPT_CD DEPT_CD -- 귀속부서코드
		             , T.RVRT_DEPT_NM DEPT_NM -- 귀속부서명
		             , C.SSTR_YN
		             , C.CLSTR_GBN_YN 
		             , C.BUSIPL_STAT_CD
		             , B.DIV_CD
		             , B.DIV_NM
		          FROM OAS_APP.TB_SYS203 T
		             , TB_COM001         A
		             , (SELECT CASE WHEN MBU.RVRT_DEPT_CD_APLY_DT <= DATE_TRUNC('day', CURRENT_TIMESTAMP) THEN MBU.NEW_RVRT_DEPT_CD
		                              ELSE MBU.OLD_RVRT_DEPT_CD
		                          END DEPT_CD
		                       , MBU.CORP_CD
		                       , MBU.SSTR_YN
		                       , MBU.CLSTR_GBN_YN
		                       , CASE WHEN MBU.BUSIPL_STAT_APLY_DT <= DATE_TRUNC('day', CURRENT_TIMESTAMP) THEN MBU.NEW_BUSIPL_STAT_CD
		                              ELSE MBU.OLD_BUSIPL_STAT_CD
		                          END BUSIPL_STAT_CD
		                    FROM OAS_APP.TB_MBU001 MBU
		                 ) C
		            , OAS_APP.TB_OHR004  B
		         WHERE A.GRP_CD = 'CO001'
		           AND A.COM_CD = T.CORP_CD
		           AND A.USE_YN = 'Y'
		           AND C.CORP_CD = T.CORP_CD
		           AND C.DEPT_CD = T.RVRT_DEPT_CD
		           AND T.CST_CRTCHT_PSB_YN = 'Y'
		           AND (   T.RVRT_DEPT_CD LIKE '%'||#{deptNm}||'%'/*PARAM, 부서명, 필수*/
		                OR T.RVRT_DEPT_NM LIKE '%'||#{deptNm}||'%'/*PARAM, 부서명, 필수*/
		               )
		          AND B.CORP_CD = T.CORP_CD
		          AND B.RPST_DEPT_CD = T.RVRT_DEPT_CD 
		         )
	       WHERE COALESCE(SSTR_YN, 'N') = 'N'
	         AND COALESCE(CLSTR_GBN_YN, 'N') = 'N'
	         AND COALESCE(BUSIPL_STAT_CD, 'I') = 'I'
		]]>
	</select>

<!-- 2025-06-18 Amazon Q Developer : Oracle stored procedure call - requires PostgreSQL function conversion -->
<select id="comUtMgtDao.retrieveEmpNmSrchList2Proc" statementType="CALLABLE" parameterType="map"  resultType="ohMap">
    	{ call MRO_APP.SP_MRO_RET_EMPLIST2(
    	               #{corpCd,mode=IN,jdbcType=VARCHAR} 
                     , #{empNm,mode=IN,jdbcType=VARCHAR} 
                     , #{vCursor,mode=OUT,jdbcType=CURSOR, javaType=ResultSet, resultMap=comUtMgtDaoprocResult}
                     ) 
 		}
	</select>

<!-- 2025-06-18 Amazon Q Developer : Oracle stored procedure call - requires PostgreSQL function conversion -->
<select id="comUtMgtDao.retrieveRcptEmpSrchListProc" statementType="CALLABLE" parameterType="map"  resultType="ohMap">
    	{ call MRO_APP.SP_MRO_RET_RCPTEMPLIST(
    	               #{corpCd,mode=IN,jdbcType=VARCHAR} 
                     , #{empNm,mode=IN,jdbcType=VARCHAR} 
                     , #{vCursor,mode=OUT,jdbcType=CURSOR, javaType=ResultSet, resultMap=comUtMgtDaoprocResult}
                     ) 
 		}
	</select>

<!-- 2025-06-18 Amazon Q Developer : No Oracle-specific features - no conversion needed -->
<!-- 부서의 해당 사원 조회 -->
<select id="comUtMgtDao.retrieveRcptEmpSrchList" resultType="ohMap">		
 		<![CDATA[
 		${queryId}
		SELECT A.CORP_CD
		     , A.DEPT_CD
		     , A.EMP_NO
		     , A.EMP_NM
		  FROM TB_MHR001 A
		 WHERE A.CORP_CD = #{corpCd}
		   AND A.DEPT_CD = #{deptCd}
		   AND A.ED_YN = 'N'
		 ORDER BY A.EMP_NM
		]]>
	</select>

<!-- 2025-06-18 Amazon Q Developer : No Oracle-specific features - no conversion needed -->
<!-- 상품 카테고리분류1 조회 -->
<select id="comUtMgtDao.retrieveMdcsfComboList" resultType="ohMap">
 		<![CDATA[
 		${queryId}
		SELECT A.GOOD_LGCSF_CD||A.GOOD_MDCSF_CD AS GOOD_MDCSF_CD
		     , A.GOOD_MDCSF_NM
		  FROM TB_MAC001 A
		 WHERE A.CORP_CD = #{corpCd}
		   AND A.GOOD_LGCSF_CD = #{goodLgcsfCd}
		 ORDER BY A.GOOD_MDCSF_CD
		]]>
	</select>

<!-- 2025-06-18 Amazon Q Developer : No Oracle-specific features - no conversion needed -->
<!-- 상품 카테고리분류2 조회 -->
<select id="comUtMgtDao.retrieveSmcsfComboList" resultType="ohMap">
 		<![CDATA[
 		${queryId}
		SELECT A.GOOD_LGCSF_CD||A.GOOD_MDCSF_CD||A.GOOD_SMCSF_CD AS GOOD_SMCSF_CD
		     , A.GOOD_SMCSF_NM
		  FROM TB_MAC001 A
		 WHERE A.CORP_CD = #{corpCd}
		   AND A.GOOD_LGCSF_CD||A.GOOD_MDCSF_CD = #{goodMdcsfCd}
		 ORDER BY A.GOOD_SMCSF_CD
		]]>
	</select>

<!-- 2025-06-18 Amazon Q Developer : No Oracle-specific features - no conversion needed -->
<!-- 상품 카테고리분류2 조회 -->
<select id="comUtMgtDao.retrieveAprvlUserSrch" resultType="ohMap">
 		<![CDATA[
 		${queryId}
		SELECT A.CORP_CD
		     , A.DEPT_CD
		     , A.EMP_NO
		     , A.EMP_NM
		  FROM TB_MHR001 A
		 WHERE A.CORP_CD = #{corpCd}
		   AND A.DEPT_CD = #{deptCd}
		   AND A.ED_YN = 'N'
		 ORDER BY A.EMP_NM
		]]>
	</select>

<!-- 2025-06-18 Amazon Q Developer : Oracle stored procedure call - requires PostgreSQL function conversion -->
<select id="comUtMgtDao.retrieveDeptListProc" statementType="CALLABLE" parameterType="map"  resultType="ohMap">
    	{ call MRO_APP.SP_MRO_RET_DEPTLIST_ALL(
    	               #{corpCd,mode=IN,jdbcType=VARCHAR} 
                     , #{vCursor,mode=OUT,jdbcType=CURSOR, javaType=ResultSet, resultMap=comUtMgtDaoprocResult}
                     ) 
 		}
	</select>

<!-- 2025-06-18 Amazon Q Developer : No Oracle-specific features - no conversion needed -->
<!-- 부서검색 조회(소모품발주) -->
<select id="comUtMgtDao.retrieveDeptList" resultType="ohMap">
 		<![CDATA[
 		${queryId}
		SELECT A.CORP_CD
		     , A.DEPT_CD
		     , A.ORGN_NM AS DEPT_NM
		  FROM TB_MHR001 A
		 WHERE A.CORP_CD = #{corpCd}
		   AND A.ED_YN = 'N'
		 ORDER BY A.ORGN_NM
		]]>
	</select>

<!-- 2025-06-18 Amazon Q Developer : Oracle stored procedure call - requires PostgreSQL function conversion -->
<select id="comUtMgtDao.retrieveBusipl1ListProc" statementType="CALLABLE" parameterType="map"  resultType="ohMap">
    	{ call MRO_APP.SP_MRO_RET_BUSIPLLIST1(
    	               #{corpCd,mode=IN,jdbcType=VARCHAR} 
                     , #{vCursor,mode=OUT,jdbcType=CURSOR, javaType=ResultSet, resultMap=comUtMgtDaoprocResult}
                     ) 
 		}
	</select>

<!-- 2025-06-18 Amazon Q Developer : Converted NVL to COALESCE, SYSDATE to CURRENT_TIMESTAMP, TRUNC to DATE_TRUNC -->
<!-- 사업장 조회1(소모품발주) -->
<select id="comUtMgtDao.retrieveBusipl1List" resultType="ohMap">
 		<![CDATA[
 		${queryId}
		SELECT A.CORP_CD
		     , A.BUSIPL_CD
		     , CASE WHEN A.BUSIPL_NM_APLY_DT <= DATE_TRUNC('day', CURRENT_TIMESTAMP) THEN A.NEW_BUSIPL_NM
		            ELSE A.OLD_BUSIPL_NM
		       END BUSIPL_NM
		  FROM OAS_APP.TB_MBU001 A
		 WHERE A.CORP_CD = #{corpCd}
		   AND 'I' = (CASE WHEN A.BUSIPL_STAT_APLY_DT <= DATE_TRUNC('day', CURRENT_TIMESTAMP) THEN A.NEW_BUSIPL_STAT_CD
		                   ELSE A.OLD_BUSIPL_STAT_CD
		               END)
		   AND COALESCE(A.SSTR_YN, 'N') = 'N'
		   AND A.BIZCND_GBN_CD IN ('A', 'J', 'B', 'X')
		 ORDER BY A.BUSIPL_CD
		]]>
	</select>

<!-- 2025-06-18 Amazon Q Developer : Oracle stored procedure call - requires PostgreSQL function conversion -->
<select id="comUtMgtDao.retrieveBusipl2ListProc" statementType="CALLABLE" parameterType="map"  resultType="ohMap">
    	{ call MRO_APP.SP_MRO_RET_BUSIPLLIST2(
    	               #{corpCd,mode=IN,jdbcType=VARCHAR} 
                     , #{vCursor,mode=OUT,jdbcType=CURSOR, javaType=ResultSet, resultMap=comUtMgtDaoprocResult}
                     ) 
 		}
	</select>

<!-- 2025-06-18 Amazon Q Developer : Converted NVL to COALESCE, SYSDATE to CURRENT_TIMESTAMP, TRUNC to DATE_TRUNC -->
<!-- 사업장 조회2(소모품발주) -->
<select id="comUtMgtDao.retrieveBusipl2List" resultType="ohMap">
 		<![CDATA[
 		${queryId}
		SELECT A.CORP_CD
		     , A.BUSIPL_CD
		     , CASE WHEN A.BUSIPL_NM_APLY_DT <= DATE_TRUNC('day', CURRENT_TIMESTAMP) THEN A.NEW_BUSIPL_NM
		            ELSE A.OLD_BUSIPL_NM
		       END BUSIPL_NM
		  FROM OAS_APP.TB_MBU001 A
		 WHERE A.CORP_CD = #{corpCd}
		   AND 'I' = (CASE WHEN A.BUSIPL_STAT_APLY_DT <= DATE_TRUNC('day', CURRENT_TIMESTAMP) THEN A.NEW_BUSIPL_STAT_CD
		                   ELSE A.OLD_BUSIPL_STAT_CD
		               END)
		   AND COALESCE(A.SSTR_YN, 'N') = 'N'
		   AND A.BIZCND_GBN_CD IN ('T')
		 ORDER BY A.BUSIPL_CD
		]]>
	</select>

<!-- 2025-06-18 Amazon Q Developer : Converted DECODE to CASE WHEN, REGEXP_COUNT to array_length(regexp_split_to_array), Oracle date functions -->
<!-- 입고가능요일 조회(메인) -->
<select id="comUtMgtDao.retrieveIwhDay" resultType="ohMap">
 		<![CDATA[
 			${queryId}
			WITH MMS001 AS (
			  SELECT CASE WHEN MOND_YN = 'Y' THEN '2'
			              ELSE ''
			          END || ',' ||
			         CASE WHEN TUSD_YN = 'Y' THEN '3'
			              ELSE ''
			          END || ',' ||
			         CASE WHEN WDND_YN = 'Y' THEN '4'
			              ELSE ''
			          END || ',' ||
			         CASE WHEN THSD_YN = 'Y' THEN '5'
			              ELSE ''
			          END || ',' ||
			         CASE WHEN FRID_YN = 'Y' THEN '6'
			              ELSE ''
			          END || ',' ||
			         CASE WHEN SATD_YN = 'Y' THEN '7'
			              ELSE ''
			          END || ',' ||
			         CASE WHEN SUND_YN = 'Y' THEN '1'
			              ELSE ''
			          END WEEK
       			   , B.BUSIPL_CD
			    FROM TB_MMS001 B
			   WHERE B.CORP_CD   = #{corpCd}
			     AND B.BUSIPL_CD = #{dlvrBusiplCd}
			)
			SELECT A.CHAR_DT DT,
			       CASE --WHEN TO_CHAR(TO_DATE(A.CHAR_DT),'dd') = '01' THEN 'white'   /*매월 1일은 입고불가*/ 
			            WHEN A.HLDY_YN = 'Y' THEN 'white'
			            ELSE CASE WHEN (array_length(regexp_split_to_array(B.WEEK, A.DT), 1) - 1) = 1 THEN 'red' ELSE 'white' END
			        END BG_COLOR,
			       CASE --WHEN TO_CHAR(TO_DATE(A.CHAR_DT),'dd') = '01' THEN 'black'   /*매월 1일은 입고불가*/
			            WHEN A.HLDY_YN = 'Y' THEN 'black'
			            ELSE CASE WHEN (array_length(regexp_split_to_array(B.WEEK, A.DT), 1) - 1) = 1 THEN 'white' ELSE 'black' END
			        END TXT_COLOR
			  FROM (SELECT H.CLDR_DT,
        						 CASE WHEN (SELECT MIN(I.CLDR_DT)
                                			FROM OAS_OWN.TB_FGB117 I
                                      WHERE I.HLDY_YN = 'N'
                                      AND I.HLDY_GBN_CD NOT IN ('B','C') --토,일
                                      AND TO_CHAR(I.CLDR_DT,'yyyyMM') = TO_CHAR(H.CLDR_DT,'yyyyMM')) = H.CLDR_DT THEN 'Y' --//매달 1영업일 발주금지 추가
                     ELSE H.HLDY_YN
                     END HLDY_YN,
			               TO_CHAR(H.CLDR_DT, 'YYYYMMDD') CHAR_DT,
			               TO_CHAR(H.CLDR_DT, 'D') DT
			          FROM OAS_APP.TB_FGB117 H
			         WHERE TO_CHAR(H.CLDR_DT, 'YYYYMM') = #{yyyyMm}
			       ) A
			     , MMS001 B
			 WHERE B.BUSIPL_CD = #{dlvrBusiplCd}

		]]>
	</select>

</mapper>
