<?xml version="1.0" encoding="UTF-8"?>
<!DOCTYPE mapper   PUBLIC "-//mybatis.org//DTD Mapper 3.0//EN" "http://mybatis.org/dtd/mybatis-3-mapper.dtd">

<mapper namespace="comUtMgtDao">

    <resultMap type="ohMap" id="comUtMgtDaoprocResult">
	</resultMap>
	
	<select id="comUtMgtDao.retrieveDlvrBusiplComboList" resultType="ohMap">
 		<![CDATA[
 		${queryId}
		SELECT A.BUSIPL_CD
		     , A.NEW_BUSIPL_NM AS BUSIPL_NM
		     , B.CLHA_CTR_CD
		  FROM OAS_APP.TB_MBU001 A
		     , OAS_APP.TB_MBU005 B
		 WHERE A.BIZCND_GBN_CD = 'X'
		   AND 'I' = ( CASE WHEN BUSIPL_STAT_APLY_DT <= TO_DATE(TO_CHAR(SYSDATE, 'YYYYMMDD'), 'YYYYMMDD') THEN A.NEW_BUSIPL_STAT_CD
		                    ELSE A.OLD_BUSIPL_STAT_CD
		                END )
		   AND A.CORP_CD = B.CORP_CD
		   AND A.BUSIPL_CD = B.BUSIPL_CD
		   AND TO_DATE(TO_CHAR(SYSDATE, 'YYYYMMDD'), 'YYYYMMDD') BETWEEN B.APLY_ST_DT AND B.APLY_ED_DT
		]]>
		<if test="gbnCd == null or gbnCd ==''">
		   AND A.CORP_CD IN (SELECT C.BLDG_CD
			                   FROM TB_USR100 C
			                  WHERE C.AUTH_GBN_CD = '2'
			                    AND C.USR_ID = #{usrId}
			                    )
		</if>
		<if test="deptCd != null and deptCd !=''">
			AND A.NEW_RVRT_DEPT_CD = #{deptCd}
		</if>
		<![CDATA[
		 ORDER BY BUSIPL_CD ASC  
		]]>
	</select>
	


	<select id="comUtMgtDao.retrieveBizofcComboList" resultType="ohMap">
 		<![CDATA[
 			${queryId}
			SELECT A.CORP_CD
			     , A.BUSIPL_CD
			     , CASE WHEN A.BUSIPL_NM_APLY_DT <= TO_DATE(TO_CHAR(SYSDATE, 'YYYYMMDD'), 'YYYYMMDD') THEN A.NEW_BUSIPL_NM
			            ELSE A.OLD_BUSIPL_NM
			       END BUSIPL_NM
			  FROM OAS_APP.TB_MBU001 A
			 WHERE 'D' <> (
                     CASE WHEN A.BUSIPL_STAT_APLY_DT <= TO_DATE(TO_CHAR(SYSDATE, 'YYYYMMDD'), 'YYYYMMDD') THEN A.NEW_BUSIPL_STAT_CD
                          ELSE A.OLD_BUSIPL_STAT_CD
                      END
                    )
			   AND A.BIZCND_GBN_CD = 'C'
		]]>
					   
		<if test="corpCd != null and corpCd !=''">
			AND A.CORP_CD = #{corpCd}
		</if>
		<![CDATA[
		 ORDER BY A.CORP_CD, A.BUSIPL_CD
		]]>	

	</select>

	<select id="comUtMgtDao.retrieveDlvrconnCdSrchList" resultType="ohMap">		
 		<![CDATA[
 		${queryId}
			SELECT A.CORP_CD
			     , A.BUSIPL_CD
			     , CASE WHEN A.BUSIPL_NM_APLY_DT <= TO_DATE(TO_CHAR(SYSDATE, 'YYYYMMDD'), 'YYYYMMDD') THEN A.NEW_BUSIPL_NM
			            ELSE A.OLD_BUSIPL_NM
			       END BUSIPL_NM
			  FROM OAS_APP.TB_MBU001 A
			 WHERE 'D' <> (
                     CASE WHEN A.BUSIPL_STAT_APLY_DT <= TO_DATE(TO_CHAR(SYSDATE, 'YYYYMMDD'), 'YYYYMMDD') THEN A.NEW_BUSIPL_STAT_CD
                          ELSE A.OLD_BUSIPL_STAT_CD
                      END
                    )
               AND NVL(A.SSTR_YN, 'N') = 'N'
               AND A.BIZCND_GBN_CD IN (SELECT C.COM_CD
		                                 FROM TB_COM001 C --TB_FFB102                        
		                                WHERE C.GRP_CD = 'MRO06'
		                                  AND C.COM_CD = A.BIZCND_GBN_CD
		                                  AND C.USE_YN = 'Y'
		                               )
		]]>
					   
		<if test="corpCd != null and corpCd !=''">
			AND A.CORP_CD = #{corpCd}
		</if>
		<if test="busiplNm != null and busiplNm !=''">
		   AND (A.BUSIPL_CD LIKE '%'|| #{busiplNm} || '%' 
		    OR (CASE WHEN A.BUSIPL_NM_APLY_DT <![CDATA[<=]]> TO_DATE(TO_CHAR(SYSDATE, 'YYYYMMDD'), 'YYYYMMDD') THEN A.NEW_BUSIPL_NM
			            ELSE A.OLD_BUSIPL_NM
			       END) LIKE '%'|| #{busiplNm} || '%')
		</if>		 
		<![CDATA[
		 ORDER BY A.CORP_CD, A.BUSIPL_CD
		]]>		
	</select>
	
	<select id="comUtMgtDao.retrieveDlvrconnCdSrchListCnt" resultType="ohMap">		
 		<![CDATA[
 		${queryId}
		SELECT COUNT(*) AS CNT
			  FROM OAS_APP.TB_MBU001 A
			 WHERE 'I' = (
	                     CASE WHEN A.BUSIPL_STAT_APLY_DT <= TO_DATE(TO_CHAR(SYSDATE, 'YYYYMMDD'), 'YYYYMMDD') THEN A.NEW_BUSIPL_STAT_CD
	                          ELSE A.OLD_BUSIPL_STAT_CD
	                      END
	                    )
	           AND NVL(A.SSTR_YN, 'N') = 'N'
	           AND A.BIZCND_GBN_CD IN (SELECT C.COM_CD
		                                 FROM TB_COM001 C --TB_FFB102                        
		                                WHERE C.GRP_CD = 'MRO06'
		                                  AND C.COM_CD = A.BIZCND_GBN_CD
		                                  AND C.USE_YN = 'Y'
		                               )
		]]>
					   
		<if test="corpCd != null and corpCd !=''">
			AND A.CORP_CD = #{corpCd}
		</if>
		<if test="busiplNm != null and busiplNm !=''">
		   AND (A.BUSIPL_CD LIKE '%'|| #{busiplNm} || '%' 
		    OR (CASE WHEN A.BUSIPL_NM_APLY_DT <![CDATA[<=]]> TO_DATE(TO_CHAR(SYSDATE, 'YYYYMMDD'), 'YYYYMMDD') THEN A.NEW_BUSIPL_NM
			            ELSE A.OLD_BUSIPL_NM
			       END) LIKE '%'|| #{busiplNm} || '%')
		</if>
	</select>

	<!-- 입고예정일 기준 출하센터 체크(출하센터 적용일과 매칭하여 검색) -->
	<select id="comUtMgtDao.retrieveGoodSrchChkList" resultType="ohMap">		
 		<![CDATA[
 		${queryId}
		SELECT FC_CLHA_CTR_CD_CHECK(#{corpCd}, #{busiplCd}, #{iwhDt}) AS RTN_CODE
          FROM DUAL
		]]>		
	</select>

	<!-- 상품정보 조회(소모품 발주) -->
	<select id="comUtMgtDao.retrieveGoodCdSrchListTEST" resultType="ohMap">
	<![CDATA[
	    ${queryId}
	    WITH GOODS_LIST AS (
			SELECT '26438788' GOOD_CD, 'Y' DRDLVR_YN FROM DUAL UNION ALL
			SELECT '25058581' GOOD_CD, 'Y' DRDLVR_YN FROM DUAL UNION ALL
			SELECT '25053234' GOOD_CD, 'N' DRDLVR_YN FROM DUAL UNION ALL
			SELECT '26098470' GOOD_CD, 'N' DRDLVR_YN FROM DUAL UNION ALL
			SELECT '25820638' GOOD_CD, 'Y' DRDLVR_YN FROM DUAL UNION ALL
			SELECT '26155906' GOOD_CD, 'Y' DRDLVR_YN FROM DUAL UNION ALL
			SELECT '26246604' GOOD_CD, 'N' DRDLVR_YN FROM DUAL UNION ALL
			SELECT '25688054' GOOD_CD, 'N' DRDLVR_YN FROM DUAL UNION ALL
			SELECT '26613697' GOOD_CD, 'Y' DRDLVR_YN FROM DUAL UNION ALL
			SELECT '26613680' GOOD_CD, 'Y' DRDLVR_YN FROM DUAL
		)
		SELECT #{corpCd} CORP_CD
					     , GOOD_CD
					     , GOOD_CD||'_NAME' AS GOOD_NM
					     , GOOD_CD||'_SZ_INFO' GOOD_SZ_INFO
					     , 'Q' GOOD_STAT_CD
					     , DRDLVR_YN AS DRDLVR_YN
					     , '530' UCOST
					      , '공급사명' BUYCONN_NM --TXNCONNNM_NEW, 공급사명
					      , '111952' BUYCONN_CD --TXNCONNCD, 공급사코드
					      , 'FX0002' CHBUSIPLCD --실출하센터, (구)BUSIPLCD_CTR_OLD OR BUSIPLCD_CLHA_UP
					      , '상품 상세 설명이야. 무슨설명 들어가게??????' REMARK
					      , #{busiplCd} BUSIPL_CD
					      , #{busiplNm} AS BUSIPL_NM
					      , #{cstRvrtDeptCd} AS CST_RVRT_DEPT_CD
					      , #{cstRvrtDeptNm} AS CST_RVRT_DEPT_NM
					      , #{deptCd} AS DEPT_CD
					      , 'http://165.244.11.8:9070/servlet/OurHomeFileGetter?attloc=PRODUCT&phyname=AT00438594.jpg&dirtype=fileattach' AS GOODS_IMG
			      FROM GOODS_LIST
	      ]]>
	</select>
	
	<select id="comUtMgtDao.retrieveGoodCdSrchList" resultType="ohMap">		
 		<![CDATA[
 		${queryId}
		SELECT *
		  FROM (
			 SELECT C.CORP_CD CORP_CD
			     , A.GOODCD GOOD_CD
		         , A.GOODNM AS GOOD_NM
		         , A.GOODSZ GOOD_SZ_INFO
		         , CASE WHEN GOODCDSTS_APPDT <= TO_DATE(NVL(#{iwhDt}, TO_CHAR(SYSDATE, 'YYYYMMDD')), 'YYYYMMDD') THEN A.GOODCDSTS
		                ELSE A.GOODCDSTS_OLD
		            END GOOD_STAT_CD
			     , D.BUYCONN_DRDLVR_YN AS DRDLVR_YN
			     , (SELECT OAS_APP.FC_MGO_GET_SHPRC(#{corpCd} /*법인코드, PARAM*/
			                                       , V.CLHA_CTR_CD
			                                       , #{busiplCd} /*배송사업장코드, PARAM, 필수*/
			                                       , A.GOODCD /*상품코드, PARAM*/
			                                       , NVL(#{iwhDt}, TO_CHAR(SYSDATE, 'YYYYMMDD')) /*입고예정일, PARAM, 필수*/
			                                       , ''
			                                       , ''
			                                       , '3'
			                                      )
			          FROM DUAL
			        )UCOST
			      , CASE WHEN TXNCONN_NM_APLY_DT <= TO_DATE(NVL(#{iwhDt}, TO_CHAR(SYSDATE, 'YYYYMMDD')/*입고예정일, PARAM*/), 'YYYYMMDD') THEN D.NEW_TXNCONN_NM
		                 ELSE D.OLD_TXNCONN_NM
		             END BUYCONN_NM --TXNCONNNM_NEW, 공급사명
			      , V.VD_CD BUYCONN_CD --TXNCONNCD, 공급사코드
			      , C.CLHA_CTR_CD CHBUSIPLCD --실출하센터, (구)BUSIPLCD_CTR_OLD OR BUSIPLCD_CLHA_UP
			      , A.REMARK
			      , C.BUSIPL_CD
			      , #{busiplNm} AS BUSIPL_NM
			      , #{cstRvrtDeptCd} AS CST_RVRT_DEPT_CD
			      , #{cstRvrtDeptNm} AS CST_RVRT_DEPT_NM
			      , #{deptCd} AS DEPT_CD
			      , #{url}||'/1/'||A.GOODCD||'.jpg' AS GOODS_IMG
		          , E.ACCT_ACC_CD
		          , (SELECT COUNT(M.GOOD_CD) FROM TB_MOR001 M WHERE M.GOOD_CD = A.GOODCD) BUYCNT
			  FROM SMARTX.VW_FCC101 A
			     , OAS_APP.TB_MBU005 C
			     , ( SELECT CORP_CD
			              , GOOD_CD
                          , CLHA_CTR_CD
                          , GOOD_COST_NO
                          , APLY_ST_DT
                          , APLY_ED_DT
                          , SEQ
                          , VD_CD
			           FROM TABLE(OAS_APP.FC_MGO_BUSIPL_GOOD_LIST(#{corpCd} /*법인코드, PARAM, 필수*/,
			                                                      #{busiplCd} /*배송사업장코드, PARAM, 필수*/,
			                                                      TO_DATE(NVL(#{iwhDt} /*입고예정일, PARAM, 필수*/, TO_CHAR(SYSDATE, 'YYYYMMDD')), 'YYYYMMDD')
			]]>
			
			<if test="gbn != null and gbn !='' ">
		   /*상품명 또는 상품코드 조회조건 시작(소모품조회, 최근발주, 추천상품 일 경우만)*/
		                                                          , #{goodNm}
		   /*상품명 또는 상품코드 조회조건 종료(소모품조회, 최근발주, 추천상품 일 경우만)*/
		    </if>
		    
			<![CDATA[	
					  
			                                                      )
			                     )
			           WHERE FCC101_STATUS = 'Q'
                       AND   FCC512_STATUS = 'Q'          
			       ) V --상품그룹VIEW
			     , OAS_APP.TB_MCU005 D
			     , TB_MAC001 E
			 WHERE 'Q' = (CASE WHEN GOODCDSTS_APPDT <= TO_DATE(NVL(#{iwhDt}, TO_CHAR(SYSDATE, 'YYYYMMDD')), 'YYYYMMDD') THEN A.GOODCDSTS
				               ELSE A.GOODCDSTS_OLD
				           END
			             )
			   AND A.CONSUM_YN    = 'Y'
			   AND A.GOODCD       = V.GOOD_CD
			   AND C.CLHA_CTR_CD  = V.CLHA_CTR_CD
		       AND C.CORP_CD      = V.CORP_CD
		       AND C.CORP_CD      = D.CORP_CD
		       AND V.VD_CD        = D.TXNCONN_CD			   
			   AND C.CORP_CD      = #{corpCd} /*법인코드, PARAM, 필수*/
			   AND C.BUSIPL_CD    = #{busiplCd} /*배송사업장코드, PARAM, 필수*/
			   AND TO_DATE(NVL(#{iwhDt}/*입고예정일, PARAM, 필수*/, TO_CHAR(SYSDATE, 'YYYYMMDD')), 'YYYYMMDD') BETWEEN C.APLY_ST_DT AND C.APLY_ED_DT
			   AND A.GOODCD_CLASS2  = E.GOOD_LGCSF_CD(+) --상품대분류코드
               AND A.GOODCD_CLASS3  = E.GOOD_MDCSF_CD(+) --상품중분류코드
               AND A.GOODCD_CLASS4  = E.GOOD_SMCSF_CD(+) --상품소분류코드
               AND A.GOODCD_CLASS5  = E.GOOD_PRDKND_CD(+) --상품품종코드
               AND  E.CORP_CD(+) = #{corpCd}
               AND EXISTS (SELECT IA.CLHA_CTR_CD
                             FROM OAS_APP.TB_MBU005 IA
                            WHERE IA.CORP_CD = #{corpCd} /*법인코드, PARAM, 필수*/
                              AND IA.BUSIPL_CD = #{busiplCd} /*배송사업장코드, PARAM, 필수*/
                              AND TO_DATE(NVL(#{iwhDt}, TO_CHAR(SYSDATE, 'YYYYMMDD')/*입고예정일, PARAM*/), 'YYYYMMDD') BETWEEN IA.APLY_ST_DT AND IA.APLY_ED_DT
                          )
			  		
		]]>
		
		<if test="gbn != null and gbn !='' and gbn =='T2' ">
		   /*최근발주일 경우만 시작*/
		   AND EXISTS (SELECT GOOD_CD
		                 FROM TB_MOR001 O
		                WHERE O.CORP_CD = #{corpCd}
		                  AND O.DEPT_CD = #{deptCd} /*부서코드, PARAM, 필수*/
		                  AND O.ORDRG_DT BETWEEN TO_DATE(TO_CHAR(SYSDATE-180, 'YYYYMMDD'), 'YYYYMMDD') AND TO_DATE(TO_CHAR(SYSDATE, 'YYYYMMDD'), 'YYYYMMDD')
		                  AND O.GOOD_CD = A.GOODCD
		              )
		   /*최근발주일 경우만 종료*/
		</if>

		<if test="gbn != null and gbn !='' and gbn =='T3' ">
		   /*추천상품일 경우만 시작*/
		   AND EXISTS (SELECT GOOD_CD
		                 FROM TB_MMS004 S
		                WHERE S.GOOD_GBN_CD = '4'
		                  AND S.SCRN_EXPRS_YN = 'Y'
		                  AND S.CORP_CD = #{corpCd}
		                  AND S.GOOD_CD = A.GOODCD
		              )
		   /*추천상품일 경우만 종료*/
		</if>

		<if test="gbn != null and gbn !='' and gbn =='T4' "> 
		   /*카테고리일 경우만 시작*/
		   AND A.GOODCD_CLASS1||A.GOODCD_CLASS2||A.GOODCD_CLASS3 = #{goodMdcsfCd} /*대,중분류코드, PARAM, 필수*/
		   AND A.GOODCD_CLASS1||A.GOODCD_CLASS2||A.GOODCD_CLASS3||A.GOODCD_CLASS4 = #{goodMdcsfCd} /*대,중분류코드, PARAM, 필수*/||#{goodSmcsfCd} /*소분류코드, PARAM, 필수*/
		   /*카테고리일 경우만 종료*/
		</if>
		<![CDATA[
		 ) T
		 WHERE T.UCOST > 0
		 ORDER BY T.BUYCNT DESC, T.GOOD_CD
		]]>
	</select>
	
	
	<!-- 상품정보 조회(추천상품) -->
	<select id="comUtMgtDao.retrieveGoodInfoList" resultType="ohMap">		
 		<![CDATA[
 		${queryId}
		SELECT #{corpCd} CORP_CD/*법인코드, PARAM, 필수*/
		     , A.GOODCD GOOD_CD
		     , A.GOODNM AS GOOD_NM
		     , A.GOODSZ GOOD_SZ_INFO
		  FROM SMARTX.VW_FCC101 A
		 WHERE 1 = 1
		]]>  
		<if test="gbn != null and gbn !='' and gbn = 'S'">
		  <![CDATA[
		   AND 'D' <> (
	                   CASE WHEN A.GOODCDSTS_APPDT <= NVL(TO_DATE(#{iwhDt}, 'YYYYMMDD'), TRUNC(SYSDATE)) THEN A.GOODCDSTS
	                        ELSE A.GOODCDSTS_OLD
	                    END
	                  )
	      ]]>
		</if>

		<if test="goodNm != null and goodNm !=''">
		   /*상품명 또는 상품코드 조회조건 시작(소모품조회, 최근발주, 추천상품 일 경우만)*/
		   AND EXISTS (SELECT GOODCD
		                 FROM SMARTX.VW_FCC100 D
		                WHERE D.SCH_NAME LIKE '%' || #{goodNm}	/*PARAM, 상품코드 또는 상품명*/ || '%'
		                  AND D.GOODCD = A.GOODCD
		              )
		   /*상품명 또는 상품코드 조회조건 종료(소모품조회, 최근발주, 추천상품 일 경우만)*/
		</if>		   
		<![CDATA[
		   AND A.CONSUM_YN    = 'Y'
		   AND EXISTS (
						SELECT B.BUSIPLCD_CTR
		                  FROM SMARTX.VW_FCC512 B--OAS_APP.VW_MGO006 B
		                 WHERE B.GOODCD = A.GOODCD
		                   AND B.CORP_CD = #{corpCd} /*법인코드, PARAM, 필수*/
		                   AND B.CN_APPD_FACT_CD = 'MT01'
		                   AND B.CN_APPD_VAL = 'Q'
		                   AND NVL(#{iwhDt}, TO_CHAR(SYSDATE, 'YYYYMMDD')) /*입고예정일, PARAM, 필수*/ BETWEEN B.CN_APPD_FACT_START_DT AND NVL(B.CN_APPD_FACT_END_DT, '99991231')
		              )
		 ORDER BY A.GOODCD
		]]>
	</select>
	
	<select id="comUtMgtDao.retrieveGoodInfoListCnt" resultType="ohMap">		
 		<![CDATA[
 		${queryId}
		SELECT COUNT(*) AS CNT
		  FROM SMARTX.VW_FCC101 A
		 WHERE 1 = 1
		]]>  
		<if test="gbn != null and gbn !='' and gbn = 'S'">
		  <![CDATA[
		   AND 'D' <> (
	                   CASE WHEN A.GOODCDSTS_APPDT <= NVL(TO_DATE(#{iwhDt}, 'YYYYMMDD'), TRUNC(SYSDATE)) THEN A.GOODCDSTS
	                        ELSE A.GOODCDSTS_OLD
	                    END
	                  )
	      ]]>
		</if>

		<if test="goodNm != null and goodNm !=''">
		   /*상품명 또는 상품코드 조회조건 시작(소모품조회, 최근발주, 추천상품 일 경우만)*/
		   AND EXISTS (SELECT GOODCD
		                 FROM SMARTX.VW_FCC100 D
		                WHERE D.SCH_NAME LIKE '%' || #{goodNm}	/*PARAM, 상품코드 또는 상품명*/ || '%'
		                  AND D.GOODCD = A.GOODCD
		              )
		   /*상품명 또는 상품코드 조회조건 종료(소모품조회, 최근발주, 추천상품 일 경우만)*/
		</if>		   
		<![CDATA[
		   AND A.CONSUM_YN    = 'Y'
		   AND EXISTS (
						SELECT B.BUSIPLCD_CTR
		                  FROM SMARTX.VW_FCC512 B--OAS_APP.VW_MGO006 B
		                 WHERE B.GOODCD = A.GOODCD
		                   AND B.CORP_CD = #{corpCd} /*법인코드, PARAM, 필수*/
		                   AND B.CN_APPD_FACT_CD = 'MT01'
		                   AND B.CN_APPD_VAL = 'Q'
		                   AND NVL(#{iwhDt}, TO_CHAR(SYSDATE, 'YYYYMMDD')) /*입고예정일, PARAM, 필수*/ BETWEEN B.CN_APPD_FACT_START_DT AND NVL(B.CN_APPD_FACT_END_DT, '99991231')
		              )
		]]>
	</select>

	<!-- POP 대분류 조회 -->
	<select id="comUtMgtDao.retrievePopLgcsf" resultType="ohMap">
 		<![CDATA[
 		${queryId}
		SELECT A.GRP_CD	AS LGCSF_CD								
		     , A.GRP_CD_NM AS LGCSF_NM						
		  FROM TB_COM000 A									
		 WHERE A.GRP_CD LIKE 'POP%'									
		]]>
	</select>
	
	<!-- POP 소분류 조회 -->
	<select id="comUtMgtDao.retrievePopSmcsf" resultType="ohMap">
 		<![CDATA[
 		${queryId}
		SELECT A.GRP_CD	AS LGCSF_CD								
		     , A.GRP_CD_NM AS LGCSF_NM						
		     , B.GRP_CD||B.COM_CD AS SMCSF_CD									
		     , B.COM_CD_NM AS SMCSF_NM		
		  FROM TB_COM000 A									
		     , TB_COM001 B									
		 WHERE A.GRP_CD LIKE 'POP%'									
		   AND A.GRP_CD = B.GRP_CD	
		   AND B.USE_YN = 'Y'
		]]>
	</select>

	<!-- POP 콤보 조회(그리드) -->
	<select id="comUtMgtDao.retrievePopGrid" resultType="ohMap">
 		<![CDATA[
 		${queryId}
		SELECT A.POP_CD								
		     , A.POP_NM								
		  FROM TB_MPP003 A								
		 WHERE A.CORP_CD = #{corpCd}								
		   AND A.DRNG_CD = #{lgcsfCd}								
		   AND A.SM_CD   = SUBSTR(#{smcsfCd}, 6, 2)
		]]>
	</select>





	<select id="comUtMgtDao.retrieveDeptCdSrchListProc" statementType="CALLABLE" parameterType="map"  resultType="ohMap">
    	{ call MRO_APP.SP_MRO_RET_DEPTLIST(
    	               #{corpCd,mode=IN,jdbcType=VARCHAR} 
                     , #{deptNm,mode=IN,jdbcType=VARCHAR} 
                     , #{vCursor,mode=OUT,jdbcType=CURSOR, javaType=ResultSet, resultMap=comUtMgtDaoprocResult}
                     ) 
 		}
	</select>





	<!-- 소모품발주 부서 조회 -->
	<select id="comUtMgtDao.retrieveDeptCdSrchList" resultType="ohMap">		
 		<![CDATA[
 		${queryId}
 		SELECT
		  *
		  FROM
		     (
 		        SELECT DISTINCT
	                   DECODE(A.CORP_CD,'4000','1000',A.CORP_CD)      CORP_CD
	                 , DECODE( A.CORP_CD ,'2000','캘리스코','아워홈') CORP_NM
	                 , A.DEPT_CD
	                 , T.RVRT_DEPT_NM AS DEPT_NM
					 , CASE WHEN T.RVRT_DEPT_CTGR_CD = 'L' THEN '1'
					        WHEN B.BIZCND_GBN_CD IN('A', 'J', 'B') THEN '2'
						    WHEN B.BIZCND_GBN_CD IN('T') THEN ''
					        WHEN T.RVRT_DEPT_CTGR_CD = 'F' THEN '1'
			                ELSE '1' 
			                END USR_GBN
				  FROM TB_MHR001         A --LGMJMTT.TB_OHHR01_MRO
				     , OAS_APP.TB_SYS203 T
				     ,( SELECT (CASE WHEN A1.RVRT_DEPT_CD_APLY_DT <= TRUNC(SYSDATE) THEN A1.NEW_RVRT_DEPT_CD
				                     ELSE A1.OLD_RVRT_DEPT_CD
				                      END) DEPT_CD
				             , A1.CORP_CD
				             , A1.BIZCND_GBN_CD
				          FROM OAS_APP.TB_MBU001 A1
				             , OAS_APP.TB_MBU005 B1
				         WHERE A1.CLSTR_GBN_YN       = 'N'
				           AND NVL(A1.SSTR_YN, 'N')  = 'N'
				           AND NVL(A1.BIZCND_GBN_CD, 'N') <> 'D'
				           AND (CASE WHEN A1.BUSIPL_STAT_APLY_DT <= TRUNC(SYSDATE) THEN A1.NEW_BUSIPL_STAT_CD
	                                ELSE A1.OLD_BUSIPL_STAT_CD
	                            END) = 'I'
				           AND TRUNC(SYSDATE) BETWEEN B1.APLY_ST_DT AND B1.APLY_ED_DT
				           AND A1.CORP_CD    = B1.CORP_CD
				           AND A1.BUSIPL_CD  = B1.BUSIPL_CD
				           AND A1.BIZCND_GBN_CD IN ('A', 'J', 'B', 'X')
				       )B
				 WHERE A.CORP_CD    = T.CORP_CD
				   AND A.DEPT_CD    = T.RVRT_DEPT_CD
				   AND DECODE(A.CORP_CD,'4000','1000',A.CORP_CD) = B.CORP_CD(+)
		           AND A.DEPT_CD    = B.DEPT_CD(+)
				   AND A.DEPT_CD  IS  NOT NULL
				   AND (#{corpCd}||'' = '' or #{corpCd}||'' is null or A.CORP_CD = #{corpCd} )
                   AND A.ED_YN        = 'N'
			       AND (   #{deptNm} = '' OR
			               #{deptNm} IS NULL OR
				           A.DEPT_CD LIKE UPPER('%' || #{deptNm}/*{DEPTNM}*/ || '%') OR
				           A.ORGN_NM LIKE UPPER('%' || #{deptNm}/*{DEPTNM}*/ || '%') OR
				           A.STR_CD LIKE UPPER('%' || #{deptNm}/*{DEPTNM}*/ || '%') OR
				           T.RVRT_DEPT_NM LIKE UPPER('%' || #{deptNm}/*{DEPTNM}*/ || '%')
			           )

        )
	where USR_GBN is not null
	AND INSTR(DEPT_NM,'폐지') = 0
    ORDER BY DEPT_NM
				
		]]>
			
	
	</select>
	
	<!-- 소모품발주 부서 갯수 조회 -->
	<select id="comUtMgtDao.retrieveDeptCdSrchListCnt" resultType="ohMap">		
 		<![CDATA[
 		${queryId}
	 		SELECT
			       COUNT(DEPT_CD) AS CNT
			  FROM
			     (
	 		        SELECT DISTINCT
		                   DECODE(A.CORP_CD,'4000','1000',A.CORP_CD)      CORP_CD
		                 , DECODE( A.CORP_CD ,'2000','캘리스코','아워홈') CORP_NM
		                 , A.DEPT_CD
		                 , T.RVRT_DEPT_NM AS DEPT_NM
						 , CASE WHEN T.RVRT_DEPT_CTGR_CD = 'L' THEN '1'
						        WHEN B.BIZCND_GBN_CD IN('A', 'J', 'B') THEN '2'
						        WHEN B.BIZCND_GBN_CD IN('T') THEN ''
						        WHEN T.RVRT_DEPT_CTGR_CD = 'F' THEN '1'
				                ELSE '1' 
				                END USR_GBN
					  FROM TB_MHR001         A --LGMJMTT.TB_OHHR01_MRO
					     , OAS_APP.TB_SYS203 T
					     ,( SELECT (CASE WHEN A1.RVRT_DEPT_CD_APLY_DT <= TRUNC(SYSDATE) THEN A1.NEW_RVRT_DEPT_CD
					                     ELSE A1.OLD_RVRT_DEPT_CD
					                      END) DEPT_CD
					             , A1.CORP_CD
					             , A1.BIZCND_GBN_CD
					          FROM OAS_APP.TB_MBU001 A1
					             , OAS_APP.TB_MBU005 B1
					         WHERE A1.CLSTR_GBN_YN       = 'N'
					           AND NVL(A1.SSTR_YN, 'N')  = 'N'
					           AND NVL(A1.BIZCND_GBN_CD, 'N') <> 'D'
					           AND (CASE WHEN A1.BUSIPL_STAT_APLY_DT <= TRUNC(SYSDATE) THEN A1.NEW_BUSIPL_STAT_CD
		                                ELSE A1.OLD_BUSIPL_STAT_CD
		                            END) = 'I'
					           AND TRUNC(SYSDATE) BETWEEN B1.APLY_ST_DT AND B1.APLY_ED_DT
					           AND A1.CORP_CD    = B1.CORP_CD
					           AND A1.BUSIPL_CD  = B1.BUSIPL_CD
					           AND A1.BIZCND_GBN_CD IN ('A', 'J', 'B', 'X')
					       )B
					 WHERE A.CORP_CD    = T.CORP_CD
					   AND A.DEPT_CD    = T.RVRT_DEPT_CD
					   AND DECODE(A.CORP_CD,'4000','1000',A.CORP_CD) = B.CORP_CD(+)
			           AND A.DEPT_CD    = B.DEPT_CD(+)
					   AND A.DEPT_CD  IS  NOT NULL
					   AND (#{corpCd}||'' = '' or #{corpCd}||'' is null or A.CORP_CD = #{corpCd} )
	                   AND A.ED_YN        = 'N'
				       AND (   #{deptNm} = '' OR
				               #{deptNm} IS NULL OR
					           A.DEPT_CD LIKE UPPER('%' || #{deptNm}/*{DEPTNM}*/ || '%') OR
					           A.ORGN_NM LIKE UPPER('%' || #{deptNm}/*{DEPTNM}*/ || '%') OR
					           A.STR_CD LIKE UPPER('%' || #{deptNm}/*{DEPTNM}*/ || '%') OR
					           T.RVRT_DEPT_NM LIKE UPPER('%' || #{deptNm}/*{DEPTNM}*/ || '%')
				           )
	
	        )
	    where USR_GBN is not null
	    ORDER BY DEPT_NM
    
    
 		
		]]>
	</select>
	
	
	<!-- 소모품발주 비용부서 조회 -->
	<select id="comUtMgtDao.retrieveCstDeptCdSrchListProc" statementType="CALLABLE" parameterType="map"  resultType="ohMap">
    	{ call MRO_APP.SP_MRO_RET_CSTDEPT(
    				   #{corpCd,mode=IN,jdbcType=VARCHAR} 
                     , #{deptNm,mode=IN,jdbcType=VARCHAR}  
                     , #{vCursor,mode=OUT,jdbcType=CURSOR, javaType=ResultSet, resultMap=comUtMgtDaoprocResult}
                     ) 
 		}
	</select>
	
	
	
	
	
	<!-- 소모품발주 비용부서 조회 -->
	<select id="comUtMgtDao.retrieveCstDeptCdSrchList" resultType="ohMap">		
 		<![CDATA[
 		${queryId}
 		SELECT CORP_CD, CORM_NM, DEPT_CD, DEPT_NM, USER_GBN
 		  FROM (
				SELECT DISTINCT T.CORP_CD
				     , A.COM_CD_NM CORM_NM
				     , T.RVRT_DEPT_CD DEPT_CD -- 귀속부서코드
				     , T.RVRT_DEPT_NM DEPT_NM -- 귀속부서명
				     , '' USER_GBN
				     , C.SSTR_YN
	                 , C.CLSTR_GBN_YN
	                 , C.BUSIPL_STAT_CD
				  FROM OAS_APP.TB_SYS203 T
				     , TB_COM001         A
			         , (SELECT CASE WHEN MBU.RVRT_DEPT_CD_APLY_DT <= TRUNC(SYSDATE) THEN MBU.NEW_RVRT_DEPT_CD
			                        ELSE MBU.OLD_RVRT_DEPT_CD
			                    END DEPT_CD
			                 , MBU.CORP_CD
			                 , MBU.SSTR_YN
	                         , MBU.CLSTR_GBN_YN
	                         , CASE WHEN MBU.BUSIPL_STAT_APLY_DT <= TRUNC(SYSDATE) THEN MBU.NEW_BUSIPL_STAT_CD
	                                ELSE MBU.OLD_BUSIPL_STAT_CD
	                            END BUSIPL_STAT_CD
			              FROM OAS_APP.TB_MBU001 MBU
			           ) C
				 WHERE T.CORP_CD = #{corpCd} /*PARAM, 법인코드, 필수, 팝업오픈하는 화면에서 전달*/
				   AND A.GRP_CD = 'CO001'
				   AND A.COM_CD = T.CORP_CD
				   AND A.USE_YN = 'Y'
			       AND C.CORP_CD(+) = T.CORP_CD
			       AND C.DEPT_CD(+) = T.RVRT_DEPT_CD
				   AND T.CST_CRTCHT_PSB_YN = 'Y'
				   AND (   T.RVRT_DEPT_CD LIKE '%'||#{deptNm}||'%'/*PARAM, 부서명, 필수*/
				        OR T.RVRT_DEPT_NM LIKE '%'||#{deptNm}||'%'/*PARAM, 부서명, 필수*/
				       )
			   )
	     WHERE NVL(SSTR_YN, 'N') = 'N'
	       AND NVL(CLSTR_GBN_YN, 'N') = 'N'
	       AND NVL(BUSIPL_STAT_CD, 'I') = 'I'
		 ORDER BY DEPT_NM
		]]>
	</select>
	
	<!-- 소모품발주 부서 갯수 조회 -->
	<select id="comUtMgtDao.retrieveCstDeptCdSrchListCnt" resultType="ohMap">		
 		<![CDATA[
 		${queryId}
		SELECT COUNT(DEPT_CD) AS CNT
 		  FROM (
				SELECT DISTINCT T.CORP_CD
				     , A.COM_CD_NM CORM_NM
				     , T.RVRT_DEPT_CD DEPT_CD -- 귀속부서코드
				     , T.RVRT_DEPT_NM DEPT_NM -- 귀속부서명
				     , '' USER_GBN
				     , C.SSTR_YN
	                 , C.CLSTR_GBN_YN
	                 , C.BUSIPL_STAT_CD
				  FROM OAS_APP.TB_SYS203 T
				     , TB_COM001         A
			         , (SELECT CASE WHEN MBU.RVRT_DEPT_CD_APLY_DT <= TRUNC(SYSDATE) THEN MBU.NEW_RVRT_DEPT_CD
			                        ELSE MBU.OLD_RVRT_DEPT_CD
			                    END DEPT_CD
			                 , MBU.CORP_CD
			                 , MBU.SSTR_YN
	                         , MBU.CLSTR_GBN_YN
	                         , CASE WHEN MBU.BUSIPL_STAT_APLY_DT <= TRUNC(SYSDATE) THEN MBU.NEW_BUSIPL_STAT_CD
	                                ELSE MBU.OLD_BUSIPL_STAT_CD
	                            END BUSIPL_STAT_CD
			              FROM OAS_APP.TB_MBU001 MBU
			           ) C
				 WHERE T.CORP_CD = #{corpCd} /*PARAM, 법인코드, 필수, 팝업오픈하는 화면에서 전달*/
				   AND A.GRP_CD = 'CO001'
				   AND A.COM_CD = T.CORP_CD
				   AND A.USE_YN = 'Y'
			       AND C.CORP_CD(+) = T.CORP_CD
			       AND C.DEPT_CD(+) = T.RVRT_DEPT_CD
				   AND T.CST_CRTCHT_PSB_YN = 'Y'
				   AND (   T.RVRT_DEPT_CD LIKE '%'||#{deptNm}||'%'/*PARAM, 부서명, 필수*/
				        OR T.RVRT_DEPT_NM LIKE '%'||#{deptNm}||'%'/*PARAM, 부서명, 필수*/
				       )
			   )
	     WHERE NVL(SSTR_YN, 'N') = 'N'
	       AND NVL(CLSTR_GBN_YN, 'N') = 'N'
	       AND NVL(BUSIPL_STAT_CD, 'I') = 'I'
		]]>
	</select>


	<!-- 부서검색 팝업조회(그리드)(법률, 등기) -->
	<select id="comUtMgtDao.retrieveDeptCdSrchList2Proc" statementType="CALLABLE" parameterType="map"  resultType="ohMap">
    	{ call MRO_APP.SP_MRO_RET_DEPTDIV_LIST(
    	               #{corpCd,mode=IN,jdbcType=VARCHAR} 
                     , #{deptNm,mode=IN,jdbcType=VARCHAR} 
                     , #{vCursor,mode=OUT,jdbcType=CURSOR, javaType=ResultSet, resultMap=comUtMgtDaoprocResult}
                     ) 
 		}
	</select>
	

	<!-- 부서검색 팝업조회(그리드)(법률, 등기) 프로시저로 옮김.-->
	<select id="comUtMgtDao.retrieveDeptCdSrchList2" resultType="ohMap">		
 		<![CDATA[
 		${queryId}
		SELECT CORP_CD, CORM_NM, DEPT_CD, DEPT_NM, DIV_CD, DIV_NM
	      FROM (
		        SELECT DISTINCT T.CORP_CD
		             , A.COM_CD_NM CORM_NM
		             , T.RVRT_DEPT_CD DEPT_CD -- 귀속부서코드
		             , T.RVRT_DEPT_NM DEPT_NM -- 귀속부서명
		             , C.SSTR_YN
		             , C.CLSTR_GBN_YN 
		             , C.BUSIPL_STAT_CD
		             , B.DIV_CD
		             , B.DIV_NM
		          FROM OAS_APP.TB_SYS203 T
		             , TB_COM001         A
		             , (SELECT CASE WHEN MBU.RVRT_DEPT_CD_APLY_DT <= TRUNC(SYSDATE) THEN MBU.NEW_RVRT_DEPT_CD
		                              ELSE MBU.OLD_RVRT_DEPT_CD
		                          END DEPT_CD
		                       , MBU.CORP_CD
		                       , MBU.SSTR_YN
		                       , MBU.CLSTR_GBN_YN
		                       , CASE WHEN MBU.BUSIPL_STAT_APLY_DT <= TRUNC(SYSDATE) THEN MBU.NEW_BUSIPL_STAT_CD
		                              ELSE MBU.OLD_BUSIPL_STAT_CD
		                          END BUSIPL_STAT_CD
		                    FROM OAS_APP.TB_MBU001 MBU
		                    
		                 ) C
		            , OAS_APP.TB_OHR004  B
		         WHERE A.GRP_CD = 'CO001'
		           AND A.COM_CD = T.CORP_CD
		           AND A.USE_YN = 'Y'
		           AND C.CORP_CD(+) = T.CORP_CD
		           AND C.DEPT_CD(+) = T.RVRT_DEPT_CD
		           AND T.CST_CRTCHT_PSB_YN = 'Y'
		           AND (   T.RVRT_DEPT_CD LIKE '%'||#{deptNm}||'%'/*PARAM, 부서명, 필수*/
		                OR T.RVRT_DEPT_NM LIKE '%'||#{deptNm}||'%'/*PARAM, 부서명, 필수*/
		               )
		          AND B.CORP_CD = T.CORP_CD
		          AND B.RPST_DEPT_CD = T.RVRT_DEPT_CD 
		         )
	       WHERE NVL(SSTR_YN, 'N') = 'N'
	         AND NVL(CLSTR_GBN_YN, 'N') = 'N'
	         AND NVL(BUSIPL_STAT_CD, 'I') = 'I'
	     ORDER BY DEPT_NM
		]]>

	</select>
	
	
	<!-- 부서검색 팝업조회(그리드)(법률, 등기) 갯수 -->
	<select id="comUtMgtDao.retrieveDeptCdSrchListCnt2" resultType="ohMap">		
 		<![CDATA[
 		${queryId}
		SELECT COUNT(*) AS CNT    
		  FROM (SELECT CORP_CD, CORM_NM, DEPT_CD, DEPT_NM, DIV_CD, DIV_NM
			      FROM (
				        SELECT DISTINCT T.CORP_CD
				             , A.COM_CD_NM CORM_NM
				             , T.RVRT_DEPT_CD DEPT_CD -- 귀속부서코드
				             , T.RVRT_DEPT_NM DEPT_NM -- 귀속부서명
				             , C.SSTR_YN
				             , C.CLSTR_GBN_YN 
				             , C.BUSIPL_STAT_CD
				             , B.DIV_CD
				             , B.DIV_NM
				          FROM OAS_APP.TB_SYS203 T
				             , TB_COM001         A
				             , (SELECT CASE WHEN MBU.RVRT_DEPT_CD_APLY_DT <= TRUNC(SYSDATE) THEN MBU.NEW_RVRT_DEPT_CD
				                              ELSE MBU.OLD_RVRT_DEPT_CD
				                          END DEPT_CD
				                       , MBU.CORP_CD
				                       , MBU.SSTR_YN
				                       , MBU.CLSTR_GBN_YN
				                       , CASE WHEN MBU.BUSIPL_STAT_APLY_DT <= TRUNC(SYSDATE) THEN MBU.NEW_BUSIPL_STAT_CD
				                              ELSE MBU.OLD_BUSIPL_STAT_CD
				                          END BUSIPL_STAT_CD
				                    FROM OAS_APP.TB_MBU001 MBU
				                    
				                 ) C
				            , OAS_APP.TB_OHR004  B
				         WHERE A.GRP_CD = 'CO001'
				           AND A.COM_CD = T.CORP_CD
				           AND A.USE_YN = 'Y'
				           AND C.CORP_CD(+) = T.CORP_CD
				           AND C.DEPT_CD(+) = T.RVRT_DEPT_CD
				           AND T.CST_CRTCHT_PSB_YN = 'Y'
				           AND (   T.RVRT_DEPT_CD LIKE '%'||#{deptNm}||'%'/*PARAM, 부서명, 필수*/
				                OR T.RVRT_DEPT_NM LIKE '%'||#{deptNm}||'%'/*PARAM, 부서명, 필수*/
				               )
				          AND B.CORP_CD = T.CORP_CD
				          AND B.RPST_DEPT_CD = T.RVRT_DEPT_CD 
				         )
			       WHERE NVL(SSTR_YN, 'N') = 'N'
			         AND NVL(CLSTR_GBN_YN, 'N') = 'N'
			         AND NVL(BUSIPL_STAT_CD, 'I') = 'I'
		       ) L
		]]>
	</select>

	<!-- 사원명(부서포함) 팝업조회 -->
	<select id="comUtMgtDao.retrieveEmpNmSrchList2Proc" statementType="CALLABLE" parameterType="map"  resultType="ohMap">
    	{ call MRO_APP.SP_MRO_RET_EMPDEPTSRCHLIST(
    	               #{corpCd,mode=IN,jdbcType=VARCHAR} 
                     , #{empNm,mode=IN,jdbcType=VARCHAR} 
                     , #{vCursor,mode=OUT,jdbcType=CURSOR, javaType=ResultSet, resultMap=comUtMgtDaoprocResult}
                     ) 
 		}
	</select>



	<select id="comUtMgtDao.retrieveRcptEmpSrchListProc" statementType="CALLABLE" parameterType="map"  resultType="ohMap">
    	{ call MRO_APP.SP_MRO_RET_EMPSRCHLIST(
    	               #{corpCd,mode=IN,jdbcType=VARCHAR} 
                     , #{deptCd,mode=IN,jdbcType=VARCHAR} 
                     , #{empno,mode=IN,jdbcType=VARCHAR} 
                     , #{vCursor,mode=OUT,jdbcType=CURSOR, javaType=ResultSet, resultMap=comUtMgtDaoprocResult}
                     ) 
 		}
	</select>





	<!-- 부서의 해당 사원 조회 -->
	<select id="comUtMgtDao.retrieveRcptEmpSrchList" resultType="ohMap">		
 		<![CDATA[
 		${queryId}
		SELECT B.EMPNO      --수령자사번
		     , B.HNGL_NM    --수령자명
		  FROM TB_MHR001 A, TB_MHR002 B
		 WHERE A.CORP_CD = B.CORP_CD
		   AND A.ORGN_CD = B.ORGN_CD
		   AND B.HLDOFC_STAT_GBN_CD = 'C'
		]]>
		<if test="corpCd != null and corpCd !=''">
		   AND A.CORP_CD = #{corpCd}
		</if>
		<if test="deptCd != null and deptCd !=''">
		   AND A.DEPT_CD = #{deptCd}
		</if>
		<if test="empno != null and empno !=''">
		   AND B.EMPNO = #{empno}
		</if>
		<![CDATA[
		]]>		
	</select>

	<!-- 상품 카테고리분류1 조회 -->
	<select id="comUtMgtDao.retrieveMdcsfComboList" resultType="ohMap">
 		<![CDATA[
		${queryId}
		SELECT B.GOOD_CLSF_CD||B.GOOD_LGCSF_CD||B.GOOD_MDCSF_CD GOOD_MDCSF_CD
		     , A.GOOD_LGCSF_NM||'/'||B.GOOD_MDCSF_NM GOOD_MDCSF_NM
		  FROM OAS_APP.TB_FCA005 A
		     , OAS_APP.TB_FCA006 B
		 WHERE A.GOOD_LGCSF_CD = B.GOOD_LGCSF_CD
		   AND EXISTS (SELECT 'X'
		                 FROM SMARTX.VW_FCC101 C
		                WHERE C.GOODCD_CLASS1 = A.GOOD_CLSF_CD
		                  AND C.GOODCD_CLASS2 = A.GOOD_LGCSF_CD
		                  AND C.GOODCD_CLASS3 = B.GOOD_MDCSF_CD
		                  AND C.CONSUM_YN     = 'Y'
		                  AND 'Q' = (CASE WHEN C.GOODCDSTS_APPDT <= TRUNC(SYSDATE) THEN C.GOODCDSTS
                                        ELSE C.GOODCDSTS_OLD
                                    END
                                  )
		              )
		  ORDER BY B.GOOD_CLSF_CD||B.GOOD_LGCSF_CD||B.GOOD_MDCSF_CD
		]]>
	</select>

	<!-- 상품 카테고리분류2 조회 -->
	<select id="comUtMgtDao.retrieveSmcsfComboList" resultType="ohMap">
 		<![CDATA[
 		${queryId}
		SELECT GOOD_SMCSF_CD
             , GOOD_SMCSF_NM 
          FROM OAS_APP.TB_FCA007 A
         WHERE GOOD_CLSF_CD  = SUBSTR(#{goodCsfCd}, 1, 1)
           AND GOOD_LGCSF_CD = SUBSTR(#{goodCsfCd}, 2, 2)
           AND GOOD_MDCSF_CD = SUBSTR(#{goodCsfCd}, 4, 2)
		]]>
	</select>

	<select id="comUtMgtDao.retrieveAprvlUserSrch" resultType="ohMap">
 		<![CDATA[
 			${queryId}
			SELECT A.CORP_CD
			     , (SELECT COM_CD_NM												
					  FROM TB_COM001												
					 WHERE GRP_CD = 'CO001'												
					   AND COM_CD = A.CORP_CD
					   AND USE_YN = 'Y') CORP_NM
			     , A.EMPNO
			     , A.HNGL_NM
			     , B.DEPT_CD
			     , B.ORGN_NM
			     , A.TTL_GBN_CD
			     , A.TTL_NM
			     , A.JOBRS_GBN_CD
			     , C.JOBRS_GBN_NM           
			  FROM TB_MHR002  A
			     , TB_MHR001 B                                                                
			     , OAS_APP.TB_OHR003 C	
			 WHERE A.HLDOFC_STAT_GBN_CD NOT IN ('H', 'T')                                                                             
			   AND A.ORGN_CD = B.ORGN_CD                                                                     
			   AND A.CORP_CD = B.CORP_CD                                                                          
			   AND A.CORP_CD = C.CORP_CD
			   AND A.EMPNO   = C.EMPNO
		]]>
			<if test="usrNm != null and usrNm != ''">
			   AND (A.EMPNO LIKE '%'|| #{usrNm} || '%' OR A.HNGL_NM LIKE '%'|| #{usrNm} || '%')
			</if>
		<![CDATA[
		  ORDER BY A.CORP_CD
		]]>
	</select>







	<select id="comUtMgtDao.retrieveDeptListProc" statementType="CALLABLE" parameterType="map"  resultType="ohMap">
    	{ call MRO_APP.SP_MRO_RET_DEPTLIST_CBO(
    	               #{usrId,mode=IN,jdbcType=VARCHAR}  
                     , #{vCursor,mode=OUT,jdbcType=CURSOR, javaType=ResultSet, resultMap=comUtMgtDaoprocResult}
                     ) 
 		}
	</select>






	<!-- 부서검색 조회(소모품발주) -->
	<select id="comUtMgtDao.retrieveDeptList" resultType="ohMap">
 		<![CDATA[
		${queryId}
		SELECT DEPT_CD, '('||DEPT_CD||') '||RVRT_DEPT_NM RVRT_DEPT_NM, MAX(USR_GBN) USR_GBN
		  FROM (
				SELECT DISTINCT L.DEPT_CD
						      , L.RVRT_DEPT_NM
						      
						      , CASE WHEN L.RVRT_DEPT_CTGR_CD = 'L' THEN '1'
						             WHEN M.BIZCND_GBN_CD IN('A', 'J', 'B') THEN '2'
						             WHEN M.BIZCND_GBN_CD IN('T') THEN ''
						             WHEN L.RVRT_DEPT_CTGR_CD = 'F' THEN '1'
				                     ELSE '1' 
			                     END USR_GBN
			                     
				              , M.SSTR_YN
				              , M.CLSTR_GBN_YN
				              , M.BUSIPL_STAT_CD
				  FROM (
				        SELECT DISTINCT DEPT_CD
				                 , B.RVRT_DEPT_NM
				                 , A.CORP_CD
				                 , B.RVRT_DEPT_CTGR_CD
				              FROM TB_MHR001 A, OAS_APP.TB_SYS203 B
				             WHERE A.ED_YN = 'N'
				               AND DECODE(A.CORP_CD, '4000', '1000', A.CORP_CD) = B.CORP_CD
				               AND A.DEPT_CD = B.RVRT_DEPT_CD
				            CONNECT BY PRIOR ORGN_CD = HRNK_ORGN_CD
				             START WITH (A.CORP_CD, A.ORGN_CD) IN
				                        (SELECT A.CORP_CD,
				                                A.ORGN_CD
				                           FROM (SELECT B.ORGN_CD, B.HRNK_ORGN_CD, B.CORP_CD, A.EMPNO
				                                   FROM TB_MHR002 A, TB_MHR001 B
				                                  WHERE A.CORP_CD = B.CORP_CD
				                                    AND A.ORGN_CD = B.ORGN_CD
				                                    AND A.HLDOFC_STAT_GBN_CD = 'C'
				                                    AND B.ED_YN = 'N'
				                                    AND A.EMPNO = #{usrId} /*{EMPNO}, PARAM, 필수*/
				                                    AND A.CORP_CD IS NOT NULL
				                                  UNION
				                                 SELECT B.ORGN_CD, B.HRNK_ORGN_CD, B.CORP_CD, A.EMPNO
				                                   FROM TB_MHR002 A, TB_MHR001 B, OAS_APP.TB_OHR002 C --겸직
				                                  WHERE A.CORP_CD = C.CORP_CD
												    AND A.EMPNO = C.EMPNO
												    AND B.CORP_CD = C.CORP_CD
												    AND B.ORGN_CD = C.ORGN_CD
												    AND A.HLDOFC_STAT_GBN_CD = 'C'
												    AND B.ED_YN = 'N'
				                                    AND A.EMPNO = #{usrId} /*{EMPNO}, PARAM, 필수*/
				                                    AND A.CORP_CD IS NOT NULL
				                                    AND TO_DATE(TO_CHAR(SYSDATE, 'YYYYMMDD'), 'YYYYMMDD') BETWEEN
				                                        C.EFTV_ST_DT AND C.EFTV_ED_DT
				                                ) A,
				                                TB_MHR001 C
				                          WHERE A.HRNK_ORGN_CD = C.ORGN_CD(+)
				                            AND A.CORP_CD = C.CORP_CD(+)
				                            AND A.EMPNO = #{usrId} /*{EMPNO}, PARAM, 필수*/
				                            
				                         )
				                         
				                
				         UNION ALL
				                         
				         SELECT
						       DISTINCT
						       CASE WHEN RVRT_DEPT_CD_APLY_DT < SYSDATE THEN OLD_RVRT_DEPT_CD ELSE NEW_RVRT_DEPT_CD END RVRT_DEPT_CD
						      ,B.RVRT_DEPT_NM
						      ,A.CORP_CD
				              ,B.RVRT_DEPT_CTGR_CD
						  FROM OAS_APP.TB_MBU001 A
						     , OAS_APP.TB_SYS203 B
						  WHERE (CASE WHEN RVRT_DEPT_CD_APLY_DT < SYSDATE THEN OLD_RVRT_DEPT_CD ELSE NEW_RVRT_DEPT_CD END)= B.RVRT_DEPT_CD
						    AND BUYCONN_EVDC_BUSIPL_CD IN
						     (
						     
				  					 SELECT B.STR_CD
	                                   FROM TB_MHR002 A, TB_MHR001 B
	                                  WHERE A.CORP_CD            = B.CORP_CD
	                                    AND A.ORGN_CD            = B.ORGN_CD
	                                    AND A.HLDOFC_STAT_GBN_CD = 'C'
	                                    AND B.ED_YN   = 'N'
	                                    AND B.CORP_CD = '4000'
	                                    AND A.EMPNO   = #{usrId} /*{EMPNO}, PARAM, 필수*/
	                                    AND A.CORP_CD IS NOT NULL
	                                    AND B.STR_CD  IS NOT NULL

	                                 UNION ALL

									SELECT STR_CD
									  FROM TB_MHR001
									 WHERE HRNK_ORGN_CD IN (
									        SELECT B.ORGN_CD
											  FROM TB_MHR002 A, TB_MHR001 B
											 WHERE A.CORP_CD            = B.CORP_CD
											   AND A.ORGN_CD            = B.ORGN_CD
											   AND A.HLDOFC_STAT_GBN_CD = 'C'
											   AND B.ED_YN = 'N'
											   AND A.EMPNO = #{usrId} /*{EMPNO}, PARAM, 필수*/
											   AND A.CORP_CD IS NOT NULL )
	                                   AND STR_CD IS NOT NULL
	                                   AND CORP_CD = '4000'
	                          )
	                       AND CLSTR_GBN_YN = 'N'  
	                       AND NEW_BUSIPL_STAT_CD <> 'D'       
				                         
				       ) L
				     , (
				        SELECT (CASE WHEN MBU.RVRT_DEPT_CD_APLY_DT <= TRUNC(SYSDATE) THEN MBU.NEW_RVRT_DEPT_CD
				                     ELSE MBU.OLD_RVRT_DEPT_CD
				                 END
				               ) DEPT_CD
				             , MBU.CORP_CD
			                 , MBU.SSTR_YN
			                 , MBU.CLSTR_GBN_YN
			                 , CASE WHEN MBU.BUSIPL_STAT_APLY_DT <= TRUNC(SYSDATE) THEN MBU.NEW_BUSIPL_STAT_CD
			                        ELSE MBU.OLD_BUSIPL_STAT_CD
			                    END BUSIPL_STAT_CD
			                 , MBU.BIZCND_GBN_CD
				          FROM OAS_APP.TB_MBU001 MBU
				       ) M
				 WHERE M.CORP_CD(+) = L.CORP_CD
				   AND M.DEPT_CD(+) = L.DEPT_CD
			   )
		 WHERE NVL(SSTR_YN, 'N') = 'N'
	       AND NVL(CLSTR_GBN_YN, 'N') = 'N'
	       AND NVL(BUSIPL_STAT_CD, 'I') = 'I'
	       AND USR_GBN IS NOT NULL
	     GROUP BY DEPT_CD, '('||DEPT_CD||') '||RVRT_DEPT_NM
	     ORDER BY DEPT_CD
		]]>
	</select>




	<select id="comUtMgtDao.retrieveBusipl1ListProc" statementType="CALLABLE" parameterType="map"  resultType="ohMap">
    	{ call MRO_APP.SP_MRO_RET_BUSIPL1LIST(
    	               #{deptCd,mode=IN,jdbcType=VARCHAR}  
                     , #{vCursor,mode=OUT,jdbcType=CURSOR, javaType=ResultSet, resultMap=comUtMgtDaoprocResult}
                     ) 
 		}
	</select>




	<!-- 사업장 조회1(소모품발주) -->
	<select id="comUtMgtDao.retrieveBusipl1List" resultType="ohMap">
 		<![CDATA[
		${queryId}
		SELECT DISTINCT '('||B.BUSIPL_CD||') '||
		              CASE
		                  WHEN B.BUSIPL_NM_APLY_DT <= TRUNC(SYSDATE) THEN
		                   B.NEW_BUSIPL_NM --T.RVRT_DEPT_NM
		                  ELSE
		                   B.OLD_BUSIPL_NM
		                END BUSIPL_NM,
		                B.BUSIPL_CD,
		                C.CLHA_CTR_CD,
		                (CASE
		                  WHEN B.RVRT_DEPT_CD_APLY_DT <= TRUNC(SYSDATE) THEN
		                   B.NEW_RVRT_DEPT_CD
		                  ELSE
		                   B.OLD_RVRT_DEPT_CD
		                END) DEPT_CD,
		                OAS_APP.FC_COM_GET_BUSIPLNM(C.CORP_CD, C.CLHA_CTR_CD, TRUNC(SYSDATE)) CLHA_CTR_NM, 
		                DECODE(A.CORP_CD,'4000','1000',A.CORP_CD) CORP_CD
           
             , B.BIZCND_GBN_CD
             , 1 RNUM
		  FROM TB_MHR001 A, OAS_APP.TB_MBU001 B, OAS_APP.TB_MBU005 C
		 WHERE A.ED_YN = 'N'
		   AND B.CLSTR_GBN_YN      = 'N'
		   AND NVL(B.SSTR_YN, 'N') = 'N'
		   AND DECODE(A.CORP_CD,'4000','1000',A.CORP_CD) = B.CORP_CD
		   AND NVL(B.BIZCND_GBN_CD, 'N') <> 'D'
		   AND A.DEPT_CD    = #{deptCd}
		   AND B.CORP_CD    = C.CORP_CD 
		   AND B.BUSIPL_CD  = C.BUSIPL_CD 
		   AND TRUNC(SYSDATE) BETWEEN C.APLY_ST_DT AND C.APLY_ED_DT
		   AND 'I' = (CASE WHEN B.BUSIPL_STAT_APLY_DT <= TO_DATE(TO_CHAR(SYSDATE, 'YYYYMMDD'), 'YYYYMMDD') THEN B.NEW_BUSIPL_STAT_CD
		                    ELSE B.OLD_BUSIPL_STAT_CD
		                END)
		                
		   AND A.DEPT_CD = (CASE WHEN B.RVRT_DEPT_CD_APLY_DT <= TRUNC(SYSDATE) THEN B.NEW_RVRT_DEPT_CD
				                 ELSE B.OLD_RVRT_DEPT_CD
				             END)
           AND B.BIZCND_GBN_CD IN (SELECT C.COM_CD
	                                 FROM TB_COM001 C --TB_FFB102                        
	                                WHERE C.GRP_CD = 'MRO06'
	                                  AND C.COM_CD = B.BIZCND_GBN_CD
	                                  AND C.USE_YN = 'Y'
	                               )
           AND MRO_APP.FC_GET_SUPPORT_DEPT_GUBUN(A.CORP_CD,#{deptCd}) <> 1

	                               
	                               
	     union all
	     select
	            BUSIPL_NM
	          , BUSIPL_CD
	          , CLHA_CTR_CD
	          , DEPT_CD
	          , CLHA_CTR_NM
	          , CORP_CD
	          , BIZCND_GBN_CD
	          , 2 RNUM
	       from
	         (
			    select
			          '(FA036) LS산전청주점(1공장)'	 BUSIPL_NM
			         ,'FA036'					BUSIPL_CD
			         ,'FC074'					CLHA_CTR_CD
			         ,'F02280'	       			DEPT_CD
			         ,'㈜아워홈 동서울영업소' 	CLHA_CTR_NM
			         ,'1000'	      			CORP_CD
			         ,'A'                       BIZCND_GBN_CD
			         ,to_date('2017-12-31')     END_DATE
			         ,'부서코드가 잘못매핑되어 발주된 내역을 보여주기 위해 12월 31일까지만 사용.'   ETC
			      from dual
	          )
	      where DEPT_CD = #{deptCd}
	        and END_DATE > sysdate    
	    order by RNUM , BUSIPL_CD
		]]>
	</select>



	<select id="comUtMgtDao.retrieveBusipl2ListProc" statementType="CALLABLE" parameterType="map"  resultType="ohMap">
    	{ call MRO_APP.SP_MRO_RET_BUSIPL2LIST(
    	               #{corpCd,mode=IN,jdbcType=VARCHAR}  
    	             , #{busipl_cd,mode=IN,jdbcType=VARCHAR}  
                     , #{vCursor,mode=OUT,jdbcType=CURSOR, javaType=ResultSet, resultMap=comUtMgtDaoprocResult}
                     ) 
 		}
	</select>



	<!-- 사업장 조회2(소모품발주) -->
	<select id="comUtMgtDao.retrieveBusipl2List" resultType="ohMap">
 		<![CDATA[
		${queryId}
		SELECT A.BUSIPL_CD
		     , '('||A.BUSIPL_CD||') '||A.NEW_BUSIPL_NM AS BUSIPL_NM
		     , B.CLHA_CTR_CD
		     , OAS_APP.FC_COM_GET_BUSIPLNM(B.CORP_CD, B.CLHA_CTR_CD, TRUNC(SYSDATE)) CLHA_CTR_NM
		     , A.CORP_CD
             , A.BIZCND_GBN_CD
		  FROM OAS_APP.TB_MBU001 A, OAS_APP.TB_MBU005 B
		 WHERE A.BIZCND_GBN_CD = 'X'
		   AND 'I' = (CASE
		         WHEN A.BUSIPL_STAT_APLY_DT <=
		              TO_DATE(TO_CHAR(SYSDATE, 'YYYYMMDD'), 'YYYYMMDD') THEN
		          A.NEW_BUSIPL_STAT_CD
		         ELSE
		          A.OLD_BUSIPL_STAT_CD
		       END)
		   AND A.CORP_CD = #{corpCd}
		   AND ( ''||#{busipl_cd} = '' or ''||#{busipl_cd} is null or A.BUSIPL_CD = #{busipl_cd} )
		   AND A.CORP_CD = B.CORP_CD
		   AND A.BUSIPL_CD = B.BUSIPL_CD
		   AND TO_DATE(TO_CHAR(SYSDATE, 'YYYYMMDD'), 'YYYYMMDD') BETWEEN
		       B.APLY_ST_DT AND B.APLY_ED_DT
		 ORDER BY A.BUSIPL_CD ASC
		]]>
	</select>

	<!-- 입고가능요일 조회(메인) -->
	<select id="comUtMgtDao.retrieveIwhDay" resultType="ohMap">
 		<![CDATA[
 			${queryId}
			WITH MMS001 AS (
			  SELECT CASE WHEN MOND_YN = 'Y' THEN '2'
			              ELSE ''
			          END || ',' ||
			         CASE WHEN TUSD_YN = 'Y' THEN '3'
			              ELSE ''
			          END || ',' ||
			         CASE WHEN WDND_YN = 'Y' THEN '4'
			              ELSE ''
			          END || ',' ||
			         CASE WHEN THSD_YN = 'Y' THEN '5'
			              ELSE ''
			          END || ',' ||
			         CASE WHEN FRID_YN = 'Y' THEN '6'
			              ELSE ''
			          END || ',' ||
			         CASE WHEN SATD_YN = 'Y' THEN '7'
			              ELSE ''
			          END || ',' ||
			         CASE WHEN SUND_YN = 'Y' THEN '1'
			              ELSE ''
			          END WEEK
       			   , B.BUSIPL_CD
			    FROM TB_MMS001 B
			   WHERE B.CORP_CD   = #{corpCd}
			     AND B.BUSIPL_CD = #{dlvrBusiplCd}
			)
			SELECT A.CHAR_DT DT,
			       CASE --WHEN TO_CHAR(TO_DATE(A.CHAR_DT),'dd') = '01' THEN 'white'   /*매월 1일은 입고불가*/ 
			            WHEN A.HLDY_YN = 'Y' THEN 'white'
			            ELSE DECODE(REGEXP_COUNT(B.WEEK, A.DT), 1, 'red', 'white')
			        END BG_COLOR,
			       CASE --WHEN TO_CHAR(TO_DATE(A.CHAR_DT),'dd') = '01' THEN 'black'   /*매월 1일은 입고불가*/
			            WHEN A.HLDY_YN = 'Y' THEN 'black'
			            ELSE DECODE(REGEXP_COUNT(B.WEEK, A.DT), 1, 'white', 'black')
			        END TXT_COLOR
			  FROM (SELECT H.CLDR_DT,
        						 CASE WHEN (SELECT MIN(I.CLDR_DT)
                                			FROM OAS_OWN.TB_FGB117 I
                                      WHERE I.HLDY_YN = 'N'
                                      AND I.HLDY_GBN_CD NOT IN ('B','C') --토,일
                                      AND TO_CHAR(I.CLDR_DT,'yyyyMM') = TO_CHAR(H.CLDR_DT,'yyyyMM')) = H.CLDR_DT THEN 'Y' --//매달 1영업일 발주금지 추가
                     ELSE H.HLDY_YN
                     END HLDY_YN,
			               TO_CHAR(H.CLDR_DT, 'YYYYMMDD') CHAR_DT,
			               TO_CHAR(H.CLDR_DT, 'D') DT
			          FROM OAS_APP.TB_FGB117 H
			         WHERE TO_CHAR(H.CLDR_DT, 'YYYYMM') = #{yyyyMm}
			       ) A
			     , MMS001 B
			 WHERE B.BUSIPL_CD = #{dlvrBusiplCd}

		]]>
	</select>



</mapper>
