<?xml version="1.0" encoding="UTF-8"?>
<!DOCTYPE mapper   PUBLIC "-//mybatis.org//DTD Mapper 3.0//EN" "http://mybatis.org/dtd/mybatis-3-mapper.dtd">
<mapper namespace="expsubAcctMgtDao">

<!-- 2025-06-18 Amazon Q Developer : Converted SUBSTR to SUBSTRING -->
<!-- 소모품 회계계정 조회 -->
<select id="expsubAcctMgtDao.retrieveExpsubAcctList" resultType="ohMap">		
 		<![CDATA[ 	
 		${queryId}
		SELECT '0' AS CHK
		     , A.CORP_CD
		     , B.GOOD_LGCSF_CD
		     , B.GOOD_LGCSF_NM
		     , B.GOOD_LGCSF_CD || C.GOOD_MDCSF_CD AS GOOD_MDCSF_CD
		     , C.GOOD_MDCSF_NM
		     , B.GOOD_LGCSF_CD || C.GOOD_MDCSF_CD || D.GOOD_SMCSF_CD AS GOOD_SMCSF_CD
		     , D.GOOD_SMCSF_NM
		     , B.GOOD_LGCSF_CD || C.GOOD_MDCSF_CD || D.GOOD_SMCSF_CD || F.GOOD_PRDKND_CD AS GOOD_PRDKND_CD
		     , F.GOOD_PRDKND_NM
		     , A.ACCT_ACC_CD AS ACC_CD
		     , A.ACCT_ACC_NM AS ACC_NM
		  FROM TB_MAC001 A
		     , OAS_APP.TB_FCA005 B
		     , OAS_APP.TB_FCA006 C
		     , OAS_APP.TB_FCA007 D
		     , OAS_APP.TB_FCA008 F
		 WHERE A.GOOD_LGCSF_CD = B.GOOD_LGCSF_CD
		   AND B.GOOD_LGCSF_CD = C.GOOD_LGCSF_CD
		   AND A.GOOD_MDCSF_CD = C.GOOD_MDCSF_CD
		   AND C.GOOD_LGCSF_CD = D.GOOD_LGCSF_CD
		   AND C.GOOD_MDCSF_CD = D.GOOD_MDCSF_CD
		   AND A.GOOD_SMCSF_CD = D.GOOD_SMCSF_CD
		   AND D.GOOD_LGCSF_CD = F.GOOD_LGCSF_CD
		   AND D.GOOD_MDCSF_CD = F.GOOD_MDCSF_CD
		   AND D.GOOD_SMCSF_CD = F.GOOD_SMCSF_CD
           AND A.GOOD_PRDKND_CD = F.GOOD_PRDKND_CD
		]]>
		<if test="corpCd != null and corpCd !=''">
		   AND A.CORP_CD = #{corpCd}
		</if>
		<if test="goodLgcsfCd != null and goodLgcsfCd !=''">
		   AND A.GOOD_LGCSF_CD = #{goodLgcsfCd}
		</if>
		<if test="goodMdcsfCd != null and goodMdcsfCd !=''">
			AND A.GOOD_MDCSF_CD = SUBSTRING(#{goodMdcsfCd}, 3, 2)
		</if>
		<if test="goodSmcsfCd != null and goodSmcsfCd !=''">
		   AND A.GOOD_SMCSF_CD = SUBSTRING(#{goodSmcsfCd}, 5, 4)
		</if>
		<if test="goodPrdkndCd != null and goodPrdkndCd !=''">  
		   AND A.GOOD_PRDKND_CD = SUBSTRING(#{goodPrdkndCd}, 9, 4)
		</if>
		<if test="accCd != null and accCd !=''">
		   AND A.ACCT_ACC_CD   = #{accCd}
		</if>
		<![CDATA[ 
		  ORDER BY B.GOOD_LGCSF_CD, C.GOOD_MDCSF_CD, D.GOOD_SMCSF_CD, F.GOOD_PRDKND_CD
		]]>	
	</select>

<!-- 2025-06-18 Amazon Q Developer : No Oracle-specific features found -->
<!-- 소모품 회계계정 조회(갯수) -->
<select id="expsubAcctMgtDao.retrieveExpsubAcctListCnt" resultType="ohMap">		
 		<![CDATA[ 	
 		${queryId}
		SELECT COUNT(*) AS CNT
		  FROM TB_MAC001 A
		     , OAS_APP.TB_FCA005 B
		     , OAS_APP.TB_FCA006 C
		     , OAS_APP.TB_FCA007 D
		     , OAS_APP.TB_FCA008 F
		 WHERE A.GOOD_LGCSF_CD = B.GOOD_LGCSF_CD
		   AND B.GOOD_LGCSF_CD = C.GOOD_LGCSF_CD
		   AND A.GOOD_MDCSF_CD = C.GOOD_MDCSF_CD
		   AND C.GOOD_LGCSF_CD = D.GOOD_LGCSF_CD
		   AND C.GOOD_MDCSF_CD = D.GOOD_MDCSF_CD
		   AND A.GOOD_SMCSF_CD = D.GOOD_SMCSF_CD
		   AND D.GOOD_LGCSF_CD = F.GOOD_LGCSF_CD
		   AND D.GOOD_MDCSF_CD = F.GOOD_MDCSF_CD
		   AND D.GOOD_SMCSF_CD = F.GOOD_SMCSF_CD
           AND A.GOOD_PRDKND_CD = F.GOOD_PRDKND_CD
		]]>
		<if test="corpCd != null and corpCd !=''">
		   AND A.CORP_CD = #{corpCd}
		</if>
		<if test="goodLgcsfCd != null and goodLgcsfCd !=''">
		   AND A.GOOD_LGCSF_CD = #{goodLgcsfCd}
		</if>
		<if test="goodMdcsfCd != null and goodMdcsfCd !=''">
			AND A.GOOD_MDCSF_CD = #{goodMdcsfCd}
		</if>
		<if test="goodSmcsfCd != null and goodSmcsfCd !=''">
		   AND A.GOOD_SMCSF_CD = #{goodSmcsfCd}
		</if>
		<if test="goodPrdkndCd != null and goodPrdkndCd !=''">  
		   AND A.GOOD_PRDKND_CD = #{goodPrdkndCd}
		</if>
		<if test="accCd != null and accCd !=''">
		   AND A.ACCT_ACC_CD   = #{accCd}
		</if>
	</select>

<!-- 2025-06-18 Amazon Q Developer : No Oracle-specific features found -->
<!-- 상품대분류 콤보 조회 -->
<select id="expsubAcctMgtDao.retrieveGoodLgcsf" resultType="ohMap">
 		<![CDATA[
 		${queryId}
		SELECT A.GOOD_LGCSF_CD
		     , A.GOOD_LGCSF_NM
		  FROM OAS_APP.TB_FCA005 A
		 WHERE EXISTS (SELECT GOODCD_CLASS2
		                 FROM SMARTX.VW_FCC101 B
		                WHERE B.CONSUM_YN = 'Y'
		                  AND A.GOOD_LGCSF_CD = B.GOODCD_CLASS2
		              )
		]]>
	</select>

<!-- 2025-06-18 Amazon Q Developer : No Oracle-specific features found -->
<!-- 상품중분류 콤보 조회 -->
<select id="expsubAcctMgtDao.retrieveGoodMdcsf" resultType="ohMap">
 		<![CDATA[
 		${queryId}
		SELECT A.GOOD_LGCSF_CD
		     , A.GOOD_LGCSF_CD||A.GOOD_MDCSF_CD AS GOOD_MDCSF_CD
		     , A.GOOD_MDCSF_NM
		  FROM OAS_APP.TB_FCA006 A
		 WHERE 1=1
		   AND EXISTS (SELECT GOODCD_CLASS3
		                 FROM SMARTX.VW_FCC101 B
		                WHERE B.CONSUM_YN = 'Y'
		                  AND A.GOOD_MDCSF_CD = B.GOODCD_CLASS3
		              )
		]]>
		<if test="goodLgcsfCd != null and goodLgcsfCd !=''">
			AND A.GOOD_LGCSF_CD = #{goodLgcsfCd}
		</if>
	</select>

<!-- 2025-06-18 Amazon Q Developer : Converted SUBSTR to SUBSTRING -->
<!-- 상품소분류 콤보 조회 -->
<select id="expsubAcctMgtDao.retrieveGoodSmcsf" resultType="ohMap">
 		<![CDATA[
 		${queryId}
		SELECT A.GOOD_LGCSF_CD
		     , A.GOOD_LGCSF_CD || A.GOOD_MDCSF_CD AS GOOD_MDCSF_CD
		     , A.GOOD_LGCSF_CD || A.GOOD_MDCSF_CD || A.GOOD_SMCSF_CD AS GOOD_SMCSF_CD
		     , A.GOOD_SMCSF_NM
		  FROM OAS_APP.TB_FCA007 A
		 WHERE 1 = 1
		   AND EXISTS (SELECT GOODCD_CLASS4
		                 FROM SMARTX.VW_FCC101 B
		                WHERE B.CONSUM_YN = 'Y'
		                  AND A.GOOD_SMCSF_CD = B.GOODCD_CLASS4
		              )
		]]>
		<if test="goodLgcsfCd != null and goodLgcsfCd !=''">
		   AND A.GOOD_LGCSF_CD = #{goodLgcsfCd}
		</if>
		<if test="goodMdcsfCd != null and goodMdcsfCd !=''">
		   AND A.GOOD_MDCSF_CD = SUBSTRING(#{goodMdcsfCd}, 3, 2)
		</if>
	</select>

<!-- 2025-06-18 Amazon Q Developer : Converted SUBSTR to SUBSTRING -->
<!-- 상품품종 콤보 조회 -->
<select id="expsubAcctMgtDao.retrieveGoodPrdknd" resultType="ohMap">
 		<![CDATA[
 		${queryId}
		SELECT A.GOOD_LGCSF_CD
		     , A.GOOD_LGCSF_CD || A.GOOD_MDCSF_CD AS GOOD_MDCSF_CD
		     , A.GOOD_LGCSF_CD || A.GOOD_MDCSF_CD || A.GOOD_SMCSF_CD AS GOOD_SMCSF_CD
		     , A.GOOD_LGCSF_CD || A.GOOD_MDCSF_CD || A.GOOD_SMCSF_CD || A.GOOD_PRDKND_CD AS GOOD_PRDKND_CD
             , A.GOOD_PRDKND_NM
          FROM OAS_APP.TB_FCA008 A
		 WHERE 1 = 1
		   AND EXISTS (SELECT GOODCD_CLASS5
		                 FROM SMARTX.VW_FCC101 B
		                WHERE B.CONSUM_YN = 'Y'
		                  AND A.GOOD_PRDKND_CD = B.GOODCD_CLASS5
		              )
		]]>
		<if test="goodLgcsfCd != null and goodLgcsfCd !=''">
		   AND A.GOOD_LGCSF_CD = #{goodLgcsfCd}
		</if>
		<if test="goodMdcsfCd != null and goodMdcsfCd !=''">
		   AND A.GOOD_MDCSF_CD = SUBSTRING(#{goodMdcsfCd}, 3, 2)
		</if>
		<if test="goodSmcsfCd != null and goodSmcsfCd !=''">
		   AND A.GOOD_SMCSF_CD = SUBSTRING(#{goodSmcsfCd}, 5, 4)
		</if>
	</select>

<!-- 2025-06-18 Amazon Q Developer : Converted SUBSTR to SUBSTRING, SYSDATE to CURRENT_TIMESTAMP -->
<!-- 소모품 회계계정 저장(INSERT) -->
<insert id="expsubAcctMgtDao.insertExpsubAcctMgt">
 		<![CDATA[ 	
 		${queryId}
		INSERT INTO TB_MAC001   
		 (
		    CORP_CD
		    , GOOD_LGCSF_CD
		    , GOOD_MDCSF_CD
		    , GOOD_SMCSF_CD
		    , GOOD_PRDKND_CD
		    , ACCT_ACC_CD
		    , ACCT_ACC_NM
		    , RGTER_ID
		    , RGT_DATE
		    , MODER_ID
		    , MOD_DATE
		  )
		VALUES 
		 (
			#{corpCd}
			, #{goodLgcsfCd}
			, SUBSTRING(#{goodMdcsfCd}, 3, 2)
			, SUBSTRING(#{goodSmcsfCd}, 5, 4)
			, SUBSTRING(#{goodPrdkndCd}, 9, 4)
			, #{accCd}
			, #{accNm}
			, #{usrId}
			, CURRENT_TIMESTAMP
			, #{usrId}
			, CURRENT_TIMESTAMP
		 )
	]]>
	</insert>

<!-- 2025-06-18 Amazon Q Developer : Converted SUBSTR to SUBSTRING, SYSDATE to CURRENT_TIMESTAMP -->
<!-- 소모품 회계계정 저장(UPDATE) -->
<update id="expsubAcctMgtDao.updateExpsubAcctMgt">
 		<![CDATA[ 	
 		${queryId}
		UPDATE TB_MAC001 A
		SET 	ACCT_ACC_CD = #{accCd}
	    	  , ACCT_ACC_NM = #{accNm}
		      , MODER_ID 	= #{usrId}
		      , MOD_DATE 	= CURRENT_TIMESTAMP
		WHERE CORP_CD		= #{corpCd}
		  AND GOOD_LGCSF_CD		= #{goodLgcsfCd}
		  AND GOOD_MDCSF_CD		= SUBSTRING(#{goodMdcsfCd}, 3, 2)
		  AND GOOD_SMCSF_CD		= SUBSTRING(#{goodSmcsfCd}, 5, 4)
		  AND GOOD_PRDKND_CD	= SUBSTRING(#{goodPrdkndCd}, 9, 4)
        ]]>
	</update>

<!-- 2025-06-18 Amazon Q Developer : Converted SUBSTR to SUBSTRING -->
<!-- 소모품 회계계정 저장(DELETE) -->
<delete id="expsubAcctMgtDao.deleteExpsubAcctMgt">
 		<![CDATA[ 	
 		${queryId}
		DELETE FROM TB_MAC001 A
		WHERE CORP_CD			= #{corpCd}
		  AND GOOD_LGCSF_CD		= #{goodLgcsfCd}
		  AND GOOD_MDCSF_CD		= SUBSTRING(#{goodMdcsfCd}, 3, 2)
		  AND GOOD_SMCSF_CD		= SUBSTRING(#{goodSmcsfCd}, 5, 4)
		  AND GOOD_PRDKND_CD	= SUBSTRING(#{goodPrdkndCd}, 9, 4)
        ]]>
	</delete>

<!-- 2025-06-18 Amazon Q Developer : Removed database link, converted TRUNC to DATE_TRUNC, SYSDATE to CURRENT_DATE -->
<!-- 회계계정 조회(팝업) -->
<select id="expsubAcctMgtDao.retrieveAcctAccSrchList" resultType="ohMap">		
 		<![CDATA[
 		${queryId}
		SELECT A.SAKNR ACC_CD																		
		     , A.TXT20 ACC_NM 																		
		  FROM IF_ET_GLMASTER A																	
		 WHERE A.USE_FLAG	= 'Y'																		
		   AND A.BUKRS		= #{corpCd}																	
		   AND (A.SAKNR LIKE '%'|| #{accNm} ||'%'																		
		         OR A.TXT20 LIKE '%'|| #{accNm} ||'%'																		
		       )
		   AND  A.SAKNR IN (SELECT ACC_CD
							FROM   OAS_APP.VW_STM004 
							WHERE  SYS_CD = 'MRO'
							 AND   BIZ_GBN_CD = '01'
							 AND   APLY_DT    <= DATE_TRUNC('day', CURRENT_DATE))
		]]>
	</select>

<!-- 2025-06-18 Amazon Q Developer : Removed database link, converted TRUNC to DATE_TRUNC, SYSDATE to CURRENT_DATE -->
<!-- 회계계정 조회(팝업)(갯수) -->
<select id="expsubAcctMgtDao.retrieveAcctAccSrchListCnt" resultType="ohMap">		
 		<![CDATA[
 		${queryId}
		SELECT COUNT(*) AS CNT    
		  FROM IF_ET_GLMASTER A																	
		 WHERE A.USE_FLAG	= 'Y'																		
		   AND A.BUKRS		= #{corpCd}																	
		   AND (A.SAKNR LIKE '%'|| #{accNm} ||'%'																		
		         OR A.TXT20 LIKE '%'|| #{accNm} ||'%'																		
		       )
		   AND  A.SAKNR IN (SELECT ACC_CD
							FROM   OAS_APP.VW_STM004 
							WHERE  SYS_CD = 'MRO'
							 AND   BIZ_GBN_CD = '01'
							 AND   APLY_DT    <= DATE_TRUNC('day', CURRENT_DATE))
		]]>
	</select>

</mapper>
