<?xml version="1.0" encoding="UTF-8"?>
<!DOCTYPE mapper   PUBLIC "-//mybatis.org//DTD Mapper 3.0//EN" "http://mybatis.org/dtd/mybatis-3-mapper.dtd">
<mapper namespace="iwhDayMgtDao">

<!-- 2025-06-18 Amazon Q Developer : Converted Oracle SQL to PostgreSQL - DECODE to CASE WHEN, SYSDATE to CURRENT_TIMESTAMP, TO_DATE/TO_CHAR conversions -->
<!-- 입고요일 조회 -->
<select id="iwhDayMgtDao.retrieveIwhDayList" resultType="ohMap">		
 		<![CDATA[ 	
 		${queryId}
		SELECT '0' AS CHK
		     , A.CORP_CD
		     , A.BUSIPL_CD
			 , CASE WHEN B.BUSIPL_NM_APLY_DT < TO_DATE(TO_CHAR(CURRENT_TIMESTAMP, 'YYYYMMDD'), 'YYYYMMDD') THEN B.NEW_BUSIPL_NM
                    ELSE B.OLD_BUSIPL_NM
			   END BUSIPL_NM
			 , CASE WHEN A.MOND_YN = 'Y' THEN '1' ELSE '0' END AS MOND_YN
			 , CASE WHEN A.TUSD_YN = 'Y' THEN '1' ELSE '0' END AS TUSD_YN
			 , CASE WHEN A.WDND_YN = 'Y' THEN '1' ELSE '0' END AS WDND_YN
			 , CASE WHEN A.THSD_YN = 'Y' THEN '1' ELSE '0' END AS THSD_YN
			 , CASE WHEN A.FRID_YN = 'Y' THEN '1' ELSE '0' END AS FRID_YN
			 , CASE WHEN A.SATD_YN = 'Y' THEN '1' ELSE '0' END AS SATD_YN
			 , CASE WHEN A.SUND_YN = 'Y' THEN '1' ELSE '0' END AS SUND_YN
			 , '월' MOND_NM
			 , '화' TUSD_NM
			 , '수' WDND_NM
			 , '목' THSD_NM
			 , '금' FRID_NM
			 , '토' SATD_NM
			 , '일' SUND_NM
			 , A.RGTER_ID
			 , A.RGT_DATE
			 , A.MODER_ID
			 , A.MOD_DATE
			 , B.CLSTR_GBN_YN
		  FROM TB_MMS001 A
		     , OAS_APP.TB_MBU001 B
		 WHERE 1 = 1
		   AND A.CORP_CD	= B.CORP_CD
		   AND A.BUSIPL_CD	= B.BUSIPL_CD
		   AND 1=2
		   AND (''||#{bizofc} = '' or 
		        ''||#{bizofc} is null or 
		       ( case when B.EVDC_CTR_CD_APLY_DT <= CURRENT_TIMESTAMP then B.NEW_EVDC_CTR_CD else B.OLD_EVDC_CTR_CD end ) = #{bizofc} )
		]]>

		<if test="corpCd != null and corpCd !=''">
		   AND A.CORP_CD   = #{corpCd}
		</if>
		<if test="busiplCdS != null and busiplCdS !=''">
		   AND A.BUSIPL_CD = #{busiplCdS}
		</if>
		
		<if test="iwhWkdy != null and iwhWkdy !=''">  
		   AND A.${iwhWkdy} = 'Y'
		</if>
		
		<if test="sstrGbnYn != null and sstrGbnYn !=''">
		   AND B.CLSTR_GBN_YN = #{sstrGbnYn}
		</if>
	</select>

<!-- 2025-06-18 Amazon Q Developer : No Oracle-specific features detected, file copied as-is -->
<!-- 입고요일 조회(갯수) -->
<select id="iwhDayMgtDao.retrieveIwhDayListCnt" resultType="ohMap">		
 		<![CDATA[ 	
 		${queryId}
		SELECT COUNT(*) AS CNT
		  FROM TB_MMS001 A
		     , OAS_APP.TB_MBU001 B
		 WHERE 1 = 1
		   AND A.CORP_CD	= B.CORP_CD
		   AND A.BUSIPL_CD	= B.BUSIPL_CD
		]]>
		<if test="corpCd != null and corpCd !=''">
		   AND A.CORP_CD   = #{corpCd}
		</if>
		<if test="busiplCdS != null and busiplCdS !=''">
		   AND A.BUSIPL_CD = #{busiplCdS}
		</if>
		<if test="iwhWkdy != null and iwhWkdy !=''">  
		   AND A.${iwhWkdy} = 'Y'
		</if>
		<if test="sstrGbnYn != null and sstrGbnYn !=''">
		   AND B.CLSTR_GBN_YN = #{sstrGbnYn}
		</if>
	</select>

<!-- 2025-06-18 Amazon Q Developer : Converted Oracle DECODE functions to PostgreSQL CASE WHEN statements -->
<!-- 배송처 중복 체크 -->
<select id="iwhDayMgtDao.retrieveDupChk" resultType="ohMap">		
 		<![CDATA[ 	
 		${queryId}
		SELECT '0' AS CHK
		     , A.CORP_CD
		     , A.BUSIPL_CD
			 , CASE WHEN A.MOND_YN = 'Y' THEN '1' ELSE '0' END AS MOND_YN
			 , CASE WHEN A.TUSD_YN = 'Y' THEN '1' ELSE '0' END AS TUSD_YN
			 , CASE WHEN A.WDND_YN = 'Y' THEN '1' ELSE '0' END AS WDND_YN
			 , CASE WHEN A.THSD_YN = 'Y' THEN '1' ELSE '0' END AS THSD_YN
			 , CASE WHEN A.FRID_YN = 'Y' THEN '1' ELSE '0' END AS FRID_YN
			 , CASE WHEN A.SATD_YN = 'Y' THEN '1' ELSE '0' END AS SATD_YN
			 , CASE WHEN A.SUND_YN = 'Y' THEN '1' ELSE '0' END AS SUND_YN
			 , A.RGTER_ID
			 , A.RGT_DATE
			 , A.MODER_ID
			 , A.MOD_DATE
		  FROM TB_MMS001 A
		 WHERE A.CORP_CD	= #{corpCd}
		   AND A.BUSIPL_CD	= #{busiplCd}
		]]>
	</select>

<!-- 2025-06-18 Amazon Q Developer : Converted Oracle DECODE functions to PostgreSQL CASE WHEN statements and SYSDATE to CURRENT_TIMESTAMP -->
<!-- 입고요일 저장(INSERT) -->
<insert id="iwhDayMgtDao.insertIwhDayMgt">
 		<![CDATA[ 	
 		${queryId}
		INSERT INTO TB_MMS001   
		 (
		    CORP_CD
		    , BUSIPL_CD
		    , MOND_YN
		    , TUSD_YN
		    , WDND_YN
		    , THSD_YN
		    , FRID_YN
		    , SATD_YN
		    , SUND_YN
		    , RGTER_ID
		    , RGT_DATE
		    , MODER_ID
		    , MOD_DATE
		  )
		VALUES 
		 (
			#{corpCd}
			, #{busiplCd}
			, CASE WHEN #{mondYn} = '1' THEN 'Y' WHEN #{mondYn} = 'Y' THEN 'Y' ELSE 'N' END
			, CASE WHEN #{tusdYn} = '1' THEN 'Y' WHEN #{tusdYn} = 'Y' THEN 'Y' ELSE 'N' END
			, CASE WHEN #{wdndYn} = '1' THEN 'Y' WHEN #{wdndYn} = 'Y' THEN 'Y' ELSE 'N' END
			, CASE WHEN #{thsdYn} = '1' THEN 'Y' WHEN #{thsdYn} = 'Y' THEN 'Y' ELSE 'N' END
			, CASE WHEN #{fridYn} = '1' THEN 'Y' WHEN #{fridYn} = 'Y' THEN 'Y' ELSE 'N' END
			, CASE WHEN #{satdYn} = '1' THEN 'Y' WHEN #{satdYn} = 'Y' THEN 'Y' ELSE 'N' END
			, 'N'
			, #{usrId}
			, CURRENT_TIMESTAMP
			, #{usrId}
			, CURRENT_TIMESTAMP
		 )
	]]>
	</insert>

<!-- 2025-06-18 Amazon Q Developer : Converted Oracle DECODE functions to PostgreSQL CASE WHEN statements and SYSDATE to CURRENT_TIMESTAMP -->
<!-- 입고요일 저장(UPDATE) -->
<update id="iwhDayMgtDao.updateIwhDayMgt">
 		<![CDATA[ 	
 		${queryId}
			UPDATE TB_MMS001 A
			SET 	MOND_YN 	= CASE WHEN #{mondYn} = '1' THEN 'Y' ELSE 'N' END
		    	  , TUSD_YN 	= CASE WHEN #{tusdYn} = '1' THEN 'Y' ELSE 'N' END
		    	  , WDND_YN 	= CASE WHEN #{wdndYn} = '1' THEN 'Y' ELSE 'N' END
		    	  , THSD_YN 	= CASE WHEN #{thsdYn} = '1' THEN 'Y' ELSE 'N' END
		    	  , FRID_YN 	= CASE WHEN #{fridYn} = '1' THEN 'Y' ELSE 'N' END
		    	  , SATD_YN 	= CASE WHEN #{satdYn} = '1' THEN 'Y' ELSE 'N' END
		    	  , SUND_YN 	= 'N'
			      , MODER_ID 	= #{usrId}
			      , MOD_DATE 	= CURRENT_TIMESTAMP
			WHERE CORP_CD		= #{corpCd}
			  AND BUSIPL_CD		= #{busiplCd}
        ]]>
	</update>

<!-- 2025-06-18 Amazon Q Developer : No Oracle-specific features detected, file copied as-is -->
<!-- 입고요일 저장(DELETE) -->
<delete id="iwhDayMgtDao.deleteIwhDayMgt">
 		<![CDATA[ 	
 		${queryId}
			DELETE TB_MMS001 A
			 WHERE CORP_CD		= #{corpCd}
			   AND BUSIPL_CD	= #{busiplCd}
        ]]>
	</delete>

</mapper>
