<?xml version="1.0" encoding="UTF-8"?>
<!DOCTYPE mapper   PUBLIC "-//mybatis.org//DTD Mapper 3.0//EN" "http://mybatis.org/dtd/mybatis-3-mapper.dtd">

<mapper namespace="iwhDayMgtDao">
	
	<!-- 입고요일 조회 -->
	<select id="iwhDayMgtDao.retrieveIwhDayList" resultType="ohMap">		
 		<![CDATA[ 	
 		${queryId}
		SELECT '0' AS CHK
		     , A.CORP_CD
		     , A.BUSIPL_CD
			 , CASE WHEN B.BUSIPL_NM_APLY_DT < TO_DATE(TO_CHAR(SYSDATE, 'YYYYMMDD'), 'YYYYMMDD') THEN B.NEW_BUSIPL_NM
                    ELSE B.OLD_BUSIPL_NM
			   END BUSIPL_NM
			 , DECODE(A.MOND_YN, 'Y', '1', '0') AS MOND_YN
			 , DECODE(A.TUSD_YN, 'Y', '1', '0') AS TUSD_YN
			 , DECODE(A.WDND_YN, 'Y', '1', '0') AS WDND_YN
			 , DECODE(A.THSD_YN, 'Y', '1', '0') AS THSD_YN
			 , DECODE(A.FRID_YN, 'Y', '1', '0') AS FRID_YN
			 , DECODE(A.SATD_YN, 'Y', '1', '0') AS SATD_YN
			 , DECODE(A.SUND_YN, 'Y', '1', '0') AS SUND_YN
			 , '월' MOND_NM
			 , '화' TUSD_NM
			 , '수' WDND_NM
			 , '목' THSD_NM
			 , '금' FRID_NM
			 , '토' SATD_NM
			 , '일' SUND_NM
			 , A.RGTER_ID
			 , A.RGT_DATE
			 , A.MODER_ID
			 , A.MOD_DATE
			 , B.CLSTR_GBN_YN
		  FROM TB_MMS001 A
		     , OAS_APP.TB_MBU001 B
		 WHERE 1 = 1
		   AND A.CORP_CD	= B.CORP_CD
		   AND A.BUSIPL_CD	= B.BUSIPL_CD
		   AND 1=2
		   AND (''||#{bizofc} = '' or 
		        ''||#{bizofc} is null or 
		       ( case when B.EVDC_CTR_CD_APLY_DT <= sysdate then B.NEW_EVDC_CTR_CD else B.OLD_EVDC_CTR_CD end ) = #{bizofc} )
		]]>

		<if test="corpCd != null and corpCd !=''">
		   AND A.CORP_CD   = #{corpCd}
		</if>
		<if test="busiplCdS != null and busiplCdS !=''">
		   AND A.BUSIPL_CD = #{busiplCdS}
		</if>
		
		<if test="iwhWkdy != null and iwhWkdy !=''">  
		   AND A.${iwhWkdy} = 'Y'
		</if>
		
		<if test="sstrGbnYn != null and sstrGbnYn !=''">
		   AND B.CLSTR_GBN_YN = #{sstrGbnYn}
		</if>
	</select>
	
	<!-- 입고요일 조회(갯수) -->
	<select id="iwhDayMgtDao.retrieveIwhDayListCnt" resultType="ohMap">		
 		<![CDATA[ 	
 		${queryId}
		SELECT COUNT(*) AS CNT
		  FROM TB_MMS001 A
		     , OAS_APP.TB_MBU001 B
		 WHERE 1 = 1
		   AND A.CORP_CD	= B.CORP_CD
		   AND A.BUSIPL_CD	= B.BUSIPL_CD
		]]>
		<if test="corpCd != null and corpCd !=''">
		   AND A.CORP_CD   = #{corpCd}
		</if>
		<if test="busiplCdS != null and busiplCdS !=''">
		   AND A.BUSIPL_CD = #{busiplCdS}
		</if>
		<if test="iwhWkdy != null and iwhWkdy !=''">  
		   AND A.${iwhWkdy} = 'Y'
		</if>
		<if test="sstrGbnYn != null and sstrGbnYn !=''">
		   AND B.CLSTR_GBN_YN = #{sstrGbnYn}
		</if>
	</select>
	
	<!-- 배송처 중복 체크 -->
	<select id="iwhDayMgtDao.retrieveDupChk" resultType="ohMap">		
 		<![CDATA[ 	
 		${queryId}
		SELECT '0' AS CHK
		     , A.CORP_CD
		     , A.BUSIPL_CD
			 , DECODE(A.MOND_YN, 'Y', '1', '0') AS MOND_YN
			 , DECODE(A.TUSD_YN, 'Y', '1', '0') AS TUSD_YN
			 , DECODE(A.WDND_YN, 'Y', '1', '0') AS WDND_YN
			 , DECODE(A.THSD_YN, 'Y', '1', '0') AS THSD_YN
			 , DECODE(A.FRID_YN, 'Y', '1', '0') AS FRID_YN
			 , DECODE(A.SATD_YN, 'Y', '1', '0') AS SATD_YN
			 , DECODE(A.SUND_YN, 'Y', '1', '0') AS SUND_YN
			 , A.RGTER_ID
			 , A.RGT_DATE
			 , A.MODER_ID
			 , A.MOD_DATE
		  FROM TB_MMS001 A
		 WHERE A.CORP_CD	= #{corpCd}
		   AND A.BUSIPL_CD	= #{busiplCd}
		]]>
	</select>
	
	<!-- 입고요일 저장(INSERT) -->
	<insert id="iwhDayMgtDao.insertIwhDayMgt">
 		<![CDATA[ 	
 		${queryId}
		INSERT INTO TB_MMS001   
		 (
		    CORP_CD
		    , BUSIPL_CD
		    , MOND_YN
		    , TUSD_YN
		    , WDND_YN
		    , THSD_YN
		    , FRID_YN
		    , SATD_YN
		    , SUND_YN
		    , RGTER_ID
		    , RGT_DATE
		    , MODER_ID
		    , MOD_DATE
		  )
		VALUES 
		 (
			#{corpCd}
			, #{busiplCd}
			, DECODE(#{mondYn}, '1', 'Y', 'Y', 'Y', 'N')
			, DECODE(#{tusdYn}, '1', 'Y', 'Y', 'Y', 'N')
			, DECODE(#{wdndYn}, '1', 'Y', 'Y', 'Y', 'N')
			, DECODE(#{thsdYn}, '1', 'Y', 'Y', 'Y', 'N')
			, DECODE(#{fridYn}, '1', 'Y', 'Y', 'Y', 'N')
			, DECODE(#{satdYn}, '1', 'Y', 'Y', 'Y', 'N')
			, 'N'
			, #{usrId}
			, SYSDATE
			, #{usrId}
			, SYSDATE
		 )
	]]>
	</insert>

	<!-- 입고요일 저장(UPDATE) -->
	<update id="iwhDayMgtDao.updateIwhDayMgt">
 		<![CDATA[ 	
 		${queryId}
			UPDATE TB_MMS001 A
			SET 	MOND_YN 	= DECODE(#{mondYn}, '1', 'Y', 'N')
		    	  , TUSD_YN 	= DECODE(#{tusdYn}, '1', 'Y', 'N')
		    	  , WDND_YN 	= DECODE(#{wdndYn}, '1', 'Y', 'N')
		    	  , THSD_YN 	= DECODE(#{thsdYn}, '1', 'Y', 'N')
		    	  , FRID_YN 	= DECODE(#{fridYn}, '1', 'Y', 'N')
		    	  , SATD_YN 	= DECODE(#{satdYn}, '1', 'Y', 'N')
		    	  , SUND_YN 	= 'N'
			      , MODER_ID 	= #{usrId}
			      , MOD_DATE 	= SYSDATE
			WHERE CORP_CD		= #{corpCd}
			  AND BUSIPL_CD		= #{busiplCd}
        ]]>
	</update>
	
	<!-- 입고요일 저장(DELETE) -->
	<delete id="iwhDayMgtDao.deleteIwhDayMgt">
 		<![CDATA[ 	
 		${queryId}
			DELETE TB_MMS001 A
			 WHERE CORP_CD		= #{corpCd}
			   AND BUSIPL_CD	= #{busiplCd}
        ]]>
	</delete>
	
</mapper>
