<?xml version="1.0" encoding="UTF-8"?>
<!DOCTYPE mapper   PUBLIC "-//mybatis.org//DTD Mapper 3.0//EN" "http://mybatis.org/dtd/mybatis-3-mapper.dtd">

<mapper namespace="recommGoodMgtDao">

	<!-- 추천상품 조회 -->
	<select id="recommGoodMgtDao.retrieveRecommGoodList" resultType="ohMap">		
 		<![CDATA[ 	
 		${queryId}
		SELECT '0' AS CHK
			 , A.GOOD_GBN_CD
			 , A.GOOD_CD
			 , B.GOODNM GOOD_NM
			 , B.GOODSZ GOOD_SZ_INFO
			 , A.CORP_CD
			 , DECODE(A.SCRN_EXPRS_YN, 'Y', '1', '0') AS SCRN_EXPRS_YN
			 , A.RGTER_ID
			 , A.RGT_DATE
			 , A.MODER_ID
			 , A.MOD_DATE
		  FROM TB_MMS004 A
		     , SMARTX.VW_FCC101 B
		 WHERE A.GOOD_CD		= B.GOODCD
		   AND A.GOOD_GBN_CD 	= '4'
		   AND B.CONSUM_YN		= 'Y'
		]]>

		<if test="corpCd != null and corpCd !=''">
		   AND A.CORP_CD   = #{corpCd}
		</if>
		<if test="goodCd != null and goodCd !=''">
			AND A.GOOD_CD = #{goodCd}
		</if>
		 ORDER BY A.MOD_DATE DESC

	</select>
	
	<!-- 추천상품 조회(갯수) -->
	<select id="recommGoodMgtDao.retrieveRecommGoodListCnt" resultType="ohMap">		
 		<![CDATA[ 	
 		${queryId}
		SELECT COUNT(*) AS CNT
		  FROM TB_MMS004 A
		     , SMARTX.VW_FCC101 B
		 WHERE A.GOOD_CD		= B.GOODCD
		   AND A.GOOD_GBN_CD 	= '4'
		   AND B.CONSUM_YN		= 'Y'
		]]>

		<if test="corpCd != null and corpCd !=''">
		   AND A.CORP_CD   = #{corpCd}
		</if>
		<if test="goodCd != null and goodCd !=''">
			AND A.GOOD_CD = #{goodCd}
		</if>

	</select>
	
	<!-- 상품 중복 체크 -->
	<select id="recommGoodMgtDao.retrieveDupChk" resultType="ohMap">		
 		<![CDATA[ 	
 		${queryId}
		SELECT A.GOOD_CD
		  FROM TB_MMS004 A
		 WHERE A.CORP_CD	= #{corpCd}
		   AND A.GOOD_CD	= #{goodCd}
		]]>

	</select>
	
	<!-- 추천상품 저장(등록) -->
	<insert id="recommGoodMgtDao.insertRecommGoodMgt">
 		<![CDATA[ 	
 		${queryId}
		INSERT INTO TB_MMS004   
		 (
			GOOD_GBN_CD
			, GOOD_CD
			, CORP_CD
			, SCRN_EXPRS_YN
			, RGTER_ID
			, RGT_DATE
			, MODER_ID
			, MOD_DATE
		  )
		VALUES 
		 (
			'4'
			, #{goodCd}
			, #{corpCd}
			, DECODE(#{scrnExprsYn}, '1', 'Y', 'N')
			, #{usrId}
			, SYSDATE
			, #{usrId}
			, SYSDATE
		 )
	]]>
	</insert>

	<!-- 추천상품 저장(수정) -->
	<update id="recommGoodMgtDao.updateRecommGoodMgt">
 		<![CDATA[ 	
 		${queryId}
		UPDATE TB_MMS004 A
		   SET SCRN_EXPRS_YN = DECODE(#{scrnExprsYn}, '1', 'Y', 'N')
		     , MODER_ID 	= #{usrId}
		     , MOD_DATE 	= SYSDATE
		 WHERE CORP_CD		= #{corpCd}
		   AND GOOD_CD		= #{goodCd}
        ]]>
	</update>

	<!-- 추천상품 저장(삭제) -->
	<delete id="recommGoodMgtDao.deleteRecommGoodMgt">
 		<![CDATA[ 	
 		${queryId}
			DELETE TB_MMS004 A
			WHERE CORP_CD		= #{corpCd}
			  AND GOOD_CD		= #{goodCd}
        ]]>
	</delete>
	
</mapper>
