Path,FileName,Message
/Users/changik/workspace/sample-oracle-modernization-accelerator/ourhome-itsm/02.Application/Transform/mapper/classes/sqlmap/pilot,BoardDao_sqlMap.xml,Success
/Users/changik/workspace/sample-oracle-modernization-accelerator/ourhome-itsm/02.Application/Transform/mapper/classes/sqlmap/pilot,TestDao_sqlMap.xml,Success
/Users/changik/workspace/sample-oracle-modernization-accelerator/ourhome-itsm/02.Application/Transform/mapper/classes/sqlmap/pilot/code,CodeDao_sqlMap.xml,Success
/Users/changik/workspace/sample-oracle-modernization-accelerator/ourhome-itsm/02.Application/Transform/mapper/classes/sqlmap/mro/mst/notice,FaqDao_sqlMap.xml,Success
/Users/changik/workspace/sample-oracle-modernization-accelerator/ourhome-itsm/02.Application/Transform/mapper/classes/sqlmap/mro/mst/com01,RecommGoodMgtDao_sqlMap.xml,Success
/Users/changik/workspace/sample-oracle-modernization-accelerator/ourhome-itsm/02.Application/Transform/mapper/classes/sqlmap/mro/mst/com01,ComCdMgtDao_sqlMap.xml,Success
/Users/changik/workspace/sample-oracle-modernization-accelerator/ourhome-itsm/02.Application/Transform/mapper/classes/sqlmap/mro/mst/com01,ExpsubAcctMgtDao_sqlMap.xml,Success
/Users/changik/workspace/sample-oracle-modernization-accelerator/ourhome-itsm/02.Application/Transform/mapper/classes/sqlmap/mro/mst/com01,ClhaCtrCdSrchDao_sqlMap.xml,Success
/Users/changik/workspace/sample-oracle-modernization-accelerator/ourhome-itsm/02.Application/Transform/mapper/classes/sqlmap/mro/mst/com01,ComUtMgtDao_sqlMap.xml,Success
/Users/changik/workspace/sample-oracle-modernization-accelerator/ourhome-itsm/02.Application/Transform/mapper/classes/sqlmap/mro/mst/com01,IwhDayMgtDao_sqlMap.xml,Success
/Users/changik/workspace/sample-oracle-modernization-accelerator/ourhome-itsm/02.Application/Transform/mapper/classes/sqlmap/mro/mst/com01,HldyMgtDao_sqlMap.xml,Success
/Users/changik/workspace/sample-oracle-modernization-accelerator/ourhome-itsm/02.Application/Transform/mapper/classes/sqlmap/mro/rpt/rpt01,PopByprodBuyAmtMgtDao_sqlMap.xml,Success
/Users/changik/workspace/sample-oracle-modernization-accelerator/ourhome-itsm/02.Application/Transform/mapper/classes/sqlmap/mro/rpt/rpt01,BybzplBuyAmtMgtDao_sqlMap.xml,Success
/Users/changik/workspace/sample-oracle-modernization-accelerator/ourhome-itsm/02.Application/Transform/mapper/classes/sqlmap/mro/rpt/rpt01,ByprodBuyAmtMgtDao_sqlMap.xml,Success
/Users/changik/workspace/sample-oracle-modernization-accelerator/ourhome-itsm/02.Application/Transform/mapper/classes/sqlmap/mro/sys/sys01,PgmUseLogInqryDao_sqlMap.xml,Success
/Users/changik/workspace/sample-oracle-modernization-accelerator/ourhome-itsm/02.Application/Transform/mapper/classes/sqlmap/mro/sys/sys01,MenuMgtDao_sqlMap.xml,Success
/Users/changik/workspace/sample-oracle-modernization-accelerator/ourhome-itsm/02.Application/Transform/mapper/classes/sqlmap/mro/sys/sys01,PgmMgtDao_sqlMap.xml,Success
/Users/changik/workspace/sample-oracle-modernization-accelerator/ourhome-itsm/02.Application/Transform/mapper/classes/sqlmap/mro/sys/sys01,PgmSrchDao_sqlMap.xml,Success
/Users/changik/workspace/sample-oracle-modernization-accelerator/ourhome-itsm/02.Application/Transform/mapper/classes/sqlmap/mro/sys/sys03,TypeByExeOrdStddMgtDao_sqlMap.xml,Success
/Users/changik/workspace/sample-oracle-modernization-accelerator/ourhome-itsm/02.Application/Transform/mapper/classes/sqlmap/mro/sys/sys02,UsrAuthGrntHistInqryDao_sqlMap.xml,Success
/Users/changik/workspace/sample-oracle-modernization-accelerator/ourhome-itsm/02.Application/Transform/mapper/classes/sqlmap/mro/sys/sys02,UsrCorpAuthMgtDao_sqlMap.xml,Success
/Users/changik/workspace/sample-oracle-modernization-accelerator/ourhome-itsm/02.Application/Transform/mapper/classes/sqlmap/mro/sys/sys02,AuthSrchDao_sqlMap.xml,Success
/Users/changik/workspace/sample-oracle-modernization-accelerator/ourhome-itsm/02.Application/Transform/mapper/classes/sqlmap/mro/sys/sys02,UsrSprtlyBtnAuthYnDao_sqlMap.xml,Success
/Users/changik/workspace/sample-oracle-modernization-accelerator/ourhome-itsm/02.Application/Transform/mapper/classes/sqlmap/mro/sys/sys02,AuthMenuMgtDao_sqlMap.xml,Success
/Users/changik/workspace/sample-oracle-modernization-accelerator/ourhome-itsm/02.Application/Transform/mapper/classes/sqlmap/mro/sys/sys02,SprtlyBtnAuthYnDao_sqlMap.xml,Success
/Users/changik/workspace/sample-oracle-modernization-accelerator/ourhome-itsm/02.Application/Transform/mapper/classes/sqlmap/mro/sys/sys02,UsrMgtDao_sqlMap.xml,Success
/Users/changik/workspace/sample-oracle-modernization-accelerator/ourhome-itsm/02.Application/Transform/mapper/classes/sqlmap/mro/sys/sys02,UsrBldgAuthMgtDao_sqlMap.xml,Success
/Users/changik/workspace/sample-oracle-modernization-accelerator/ourhome-itsm/02.Application/Transform/mapper/classes/sqlmap/mro/sys/sys02,CloseAccDrdlvrGoodMgtDao_sqlMap.xml,Success
/Users/changik/workspace/sample-oracle-modernization-accelerator/ourhome-itsm/02.Application/Transform/mapper/classes/sqlmap/mro/sys/sys02,HrEmpSrchDao_sqlMap.xml,Success
/Users/changik/workspace/sample-oracle-modernization-accelerator/ourhome-itsm/02.Application/Transform/mapper/classes/sqlmap/mro/sys/sys02,UsrSprtlyMenuMgtDao_sqlMap.xml,Success
/Users/changik/workspace/sample-oracle-modernization-accelerator/ourhome-itsm/02.Application/Transform/mapper/classes/sqlmap/mro/sys/sys02,AuthCopyDao_sqlMap.xml,Success
/Users/changik/workspace/sample-oracle-modernization-accelerator/ourhome-itsm/02.Application/Transform/mapper/classes/sqlmap/mro/sys/sys02,UsrAuthMgtDao_sqlMap.xml,Success
/Users/changik/workspace/sample-oracle-modernization-accelerator/ourhome-itsm/02.Application/Transform/mapper/classes/sqlmap/mro/ord/ord01,aprvlOrdrgMgtDao_sqlMap.xml,Success
/Users/changik/workspace/sample-oracle-modernization-accelerator/ourhome-itsm/02.Application/Transform/mapper/classes/sqlmap/mro/ord/ord01,ExpsubOrdrgMgtDao_sqlMap.xml,Success
/Users/changik/workspace/sample-oracle-modernization-accelerator/ourhome-itsm/02.Application/Transform/mapper/classes/sqlmap/mro/ord/ord02,DivClaRqstRgtDao_sqlMap.xml,Success
/Users/changik/workspace/sample-oracle-modernization-accelerator/ourhome-itsm/02.Application/Transform/mapper/classes/sqlmap/mro/ord/ord05,PosPpMonSubulMgtDao_sqlMap.xml,Success
/Users/changik/workspace/sample-oracle-modernization-accelerator/ourhome-itsm/02.Application/Transform/mapper/classes/sqlmap/mro/ord/ord05,PosPpTrfctrRqstMgtDao_sqlMap.xml,Success
/Users/changik/workspace/sample-oracle-modernization-accelerator/ourhome-itsm/02.Application/Transform/mapper/classes/sqlmap/mro/ord/ord05,PosPpTrfctAprvMgtDao_sqlMap.xml,Success
/Users/changik/workspace/sample-oracle-modernization-accelerator/ourhome-itsm/02.Application/Transform/mapper/classes/sqlmap/mro/ord/ord05,PosPpOrdrgMgtDao_sqlMap.xml,Success
/Users/changik/workspace/sample-oracle-modernization-accelerator/ourhome-itsm/02.Application/Transform/mapper/classes/sqlmap/mro/ord/ord04,RegnLawDocMgtDao_sqlMap.xml,Success
/Users/changik/workspace/sample-oracle-modernization-accelerator/ourhome-itsm/02.Application/Transform/mapper/classes/sqlmap/mro/ord/ord04,RcvsndRqstMgtDao_sqlMap.xml,Success
/Users/changik/workspace/sample-oracle-modernization-accelerator/ourhome-itsm/02.Application/Transform/mapper/classes/sqlmap/mro/ord/ord03,PopMstrRgtMgtDao_sqlMap.xml,Success
/Users/changik/workspace/sample-oracle-modernization-accelerator/ourhome-itsm/02.Application/Transform/mapper/classes/sqlmap/mro/ord/ord03,PopCloseMgtDao_sqlMap.xml,Success
/Users/changik/workspace/sample-oracle-modernization-accelerator/ourhome-itsm/02.Application/Transform/mapper/classes/sqlmap/mro/ord/ord03,PopOrdrgMgtDao_sqlMap.xml,Success
/Users/changik/workspace/sample-oracle-modernization-accelerator/ourhome-itsm/02.Application/Transform/mapper/classes/sqlmap/mro/ord/ord03,PopSntcRgtMgtDao_sqlMap.xml,Success
/Users/changik/workspace/sample-oracle-modernization-accelerator/ourhome-itsm/02.Application/Transform/mapper/classes/sqlmap/mro/com,MroComDao_sqlMap.xml,Success
/Users/changik/workspace/sample-oracle-modernization-accelerator/ourhome-itsm/02.Application/Transform/mapper/classes/sqlmap/itsm/csr,CsrMonthBackupRsltDao_sqlMap.xml,Success
/Users/changik/workspace/sample-oracle-modernization-accelerator/ourhome-itsm/02.Application/Transform/mapper/classes/sqlmap/itsm/csr,CsrTestSearchDao_sqlMap.xml,Success
/Users/changik/workspace/sample-oracle-modernization-accelerator/ourhome-itsm/02.Application/Transform/mapper/classes/sqlmap/itsm/csr,CsrSystemOprtnPrstsDao_sqlMap.xml,Success
/Users/changik/workspace/sample-oracle-modernization-accelerator/ourhome-itsm/02.Application/Transform/mapper/classes/sqlmap/itsm/csr,CsrSlaEvalDao_sqlMap.xml,Success
/Users/changik/workspace/sample-oracle-modernization-accelerator/ourhome-itsm/02.Application/Transform/mapper/classes/sqlmap/itsm/csr,CsrDistributeSearchDao_sqlMap.xml,Success
/Users/changik/workspace/sample-oracle-modernization-accelerator/ourhome-itsm/02.Application/Transform/mapper/classes/sqlmap/itsm/csr,AuthReqMgtDao_sqlMap.xml,Success
/Users/changik/workspace/sample-oracle-modernization-accelerator/ourhome-itsm/02.Application/Transform/mapper/classes/sqlmap/itsm/csr,CsrReqAdmMgtDao_sqlMap.xml,Success
/Users/changik/workspace/sample-oracle-modernization-accelerator/ourhome-itsm/02.Application/Transform/mapper/classes/sqlmap/itsm/csr,CsrMainDao_sqlMap.xml,Success
/Users/changik/workspace/sample-oracle-modernization-accelerator/ourhome-itsm/02.Application/Transform/mapper/classes/sqlmap/itsm/csr,CsrRptDao_sqlMap.xml,Success
/Users/changik/workspace/sample-oracle-modernization-accelerator/ourhome-itsm/02.Application/Transform/mapper/classes/sqlmap/itsm/csr,ProjectMgtDao_sqlMap.xml,Success
/Users/changik/workspace/sample-oracle-modernization-accelerator/ourhome-itsm/02.Application/Transform/mapper/classes/sqlmap/itsm/csr,CsrQuatMntrgRegDao_sqlMap.xml,Success
/Users/changik/workspace/sample-oracle-modernization-accelerator/ourhome-itsm/02.Application/Transform/mapper/classes/sqlmap/itsm/csr,CsrBatchJobDayRptDao_sqlMap.xml,Success
/Users/changik/workspace/sample-oracle-modernization-accelerator/ourhome-itsm/02.Application/Transform/mapper/classes/sqlmap/itsm/csr,CsrBatchJobRegDao_sqlMap.xml,Success
/Users/changik/workspace/sample-oracle-modernization-accelerator/ourhome-itsm/02.Application/Transform/mapper/classes/sqlmap/itsm/csr,StndWorkHourMgtDao_sqlMap.xml,Success
/Users/changik/workspace/sample-oracle-modernization-accelerator/ourhome-itsm/02.Application/Transform/mapper/classes/sqlmap/itsm/csr,CsrObsPrcsRsltRptgDao_sqlMap.xml,Success
/Users/changik/workspace/sample-oracle-modernization-accelerator/ourhome-itsm/02.Application/Transform/mapper/classes/sqlmap/itsm/csr,CsrTestRegDao_sqlMap.xml,Success
/Users/changik/workspace/sample-oracle-modernization-accelerator/ourhome-itsm/02.Application/Transform/mapper/classes/sqlmap/itsm/csr,CsrCommonDao_sqlMap.xml,Success
/Users/changik/workspace/sample-oracle-modernization-accelerator/ourhome-itsm/02.Application/Transform/mapper/classes/sqlmap/itsm/csr,NoticeDao_sqlMap.xml,Success
/Users/changik/workspace/sample-oracle-modernization-accelerator/ourhome-itsm/02.Application/Transform/mapper/classes/sqlmap/itsm/csr,CsrBatchJobMstMngDao_sqlMap.xml,Success
/Users/changik/workspace/sample-oracle-modernization-accelerator/ourhome-itsm/02.Application/Transform/mapper/classes/sqlmap/itsm/csr,CsrConfMgtDao_sqlMap.xml,Success
/Users/changik/workspace/sample-oracle-modernization-accelerator/ourhome-itsm/02.Application/Transform/mapper/classes/sqlmap/itsm/csr,CsrRcvMgtDao_sqlMap.xml,Success
/Users/changik/workspace/sample-oracle-modernization-accelerator/ourhome-itsm/02.Application/Transform/mapper/classes/sqlmap/itsm/csr,CsrObsPrcsSearchDao_sqlMap.xml,Success
/Users/changik/workspace/sample-oracle-modernization-accelerator/ourhome-itsm/02.Application/Transform/mapper/classes/sqlmap/itsm/csr,CsrTestResultRegDao_sqlMap.xml,Success
/Users/changik/workspace/sample-oracle-modernization-accelerator/ourhome-itsm/02.Application/Transform/mapper/classes/sqlmap/itsm/csr,SystemOperMgtDao_sqlMap.xml,Success
/Users/changik/workspace/sample-oracle-modernization-accelerator/ourhome-itsm/02.Application/Transform/mapper/classes/sqlmap/itsm/csr,CsrUsrEvalDao_sqlMap.xml,Success
/Users/changik/workspace/sample-oracle-modernization-accelerator/ourhome-itsm/02.Application/Transform/mapper/classes/sqlmap/itsm/csr,TemplateMgtDao_sqlMap.xml,Success
/Users/changik/workspace/sample-oracle-modernization-accelerator/ourhome-itsm/02.Application/Transform/mapper/classes/sqlmap/itsm/csr,CsrSearchDao_sqlMap.xml,Success
/Users/changik/workspace/sample-oracle-modernization-accelerator/ourhome-itsm/02.Application/Transform/mapper/classes/sqlmap/itsm/csr,CsrQuatMntrgSearchDao_sqlMap.xml,Success
/Users/changik/workspace/sample-oracle-modernization-accelerator/ourhome-itsm/02.Application/Transform/mapper/classes/sqlmap/itsm/csr,CsrApiDao_sqlMap.xml,Success
/Users/changik/workspace/sample-oracle-modernization-accelerator/ourhome-itsm/02.Application/Transform/mapper/classes/sqlmap/itsm/csr,CsrMasterMgtDao_sqlMap.xml,Success
/Users/changik/workspace/sample-oracle-modernization-accelerator/ourhome-itsm/02.Application/Transform/mapper/classes/sqlmap/itsm/csr,CsrMailDao_sqlMap.xml,Success
/Users/changik/workspace/sample-oracle-modernization-accelerator/ourhome-itsm/02.Application/Transform/mapper/classes/sqlmap/itsm/csr,CsrReqMgtDao_sqlMap.xml,Success
/Users/changik/workspace/sample-oracle-modernization-accelerator/ourhome-itsm/02.Application/Transform/mapper/classes/sqlmap/itsm/comm/apr,ApproveDao_sqlMap.xml,Success
/Users/changik/workspace/sample-oracle-modernization-accelerator/ourhome-itsm/02.Application/Transform/mapper/classes/sqlmap/itsm/comm/apr,ElecApprMgtDao_sqlMap.xml,Success
/Users/changik/workspace/sample-oracle-modernization-accelerator/ourhome-itsm/02.Application/Transform/mapper/classes/sqlmap/itsm/sys/sys02,UsrSrch2Dao_sqlMap.xml,Success
/Users/changik/workspace/sample-oracle-modernization-accelerator/ourhome-itsm/02.Application/Transform/mapper/classes/sqlmap/itsm/sys/sys02,SysRspbrSrchDao_sqlMap.xml,Success
/Users/changik/workspace/sample-oracle-modernization-accelerator/ourhome-itsm/02.Application/Transform/mapper/classes/sqlmap/itsm/sys/sys02,SysRspbrSrch2Dao_sqlMap.xml,Success
/Users/changik/workspace/sample-oracle-modernization-accelerator/ourhome-itsm/02.Application/Transform/mapper/classes/sqlmap/itsm/sys/sys02,CsrNoSrchDao_sqlMap.xml,Success
/Users/changik/workspace/sample-oracle-modernization-accelerator/ourhome-itsm/02.Application/Transform/mapper/classes/sqlmap/itsm/sys/sys02,UsrSrchDao_sqlMap.xml,Success
/Users/changik/workspace/sample-oracle-modernization-accelerator/ourhome-itsm/02.Application/Transform/mapper/classes/sqlmap/itsm/sys/sys02,SysAplyRspberSrchDao_sqlMap.xml,Success
/Users/changik/workspace/sample-oracle-modernization-accelerator/ourhome-itsm/02.Application/Transform/mapper/classes/sqlmap/itsm/pcm,PcmPcRetErMgtDao_sqlMap.xml,Success
/Users/changik/workspace/sample-oracle-modernization-accelerator/ourhome-itsm/02.Application/Transform/mapper/classes/sqlmap/itsm/pcm,PcmDelvrEntprzMstrDao_sqlMap.xml,Success
/Users/changik/workspace/sample-oracle-modernization-accelerator/ourhome-itsm/02.Application/Transform/mapper/classes/sqlmap/itsm/pcm,PcmPcAsstDisuseMgtDao_sqlMap.xml,Success
/Users/changik/workspace/sample-oracle-modernization-accelerator/ourhome-itsm/02.Application/Transform/mapper/classes/sqlmap/itsm/pcm,PcmPcRcptCfmDao_sqlMap.xml,Success
/Users/changik/workspace/sample-oracle-modernization-accelerator/ourhome-itsm/02.Application/Transform/mapper/classes/sqlmap/itsm/pcm,PcmPcAsstTrfctrDao_sqlMap.xml,Success
/Users/changik/workspace/sample-oracle-modernization-accelerator/ourhome-itsm/02.Application/Transform/mapper/classes/sqlmap/itsm/pcm,PcmPcIdleAsstRgtDao_sqlMap.xml,Success
/Users/changik/workspace/sample-oracle-modernization-accelerator/ourhome-itsm/02.Application/Transform/mapper/classes/sqlmap/itsm/pcm,PcmPcAsstOrdrgDao_sqlMap.xml,Success
/Users/changik/workspace/sample-oracle-modernization-accelerator/ourhome-itsm/02.Application/Transform/mapper/classes/sqlmap/itsm/pcm,PcmPcSndngMgtDao_sqlMap.xml,Success
/Users/changik/workspace/sample-oracle-modernization-accelerator/ourhome-itsm/02.Application/Transform/mapper/classes/sqlmap/itsm/pcm,PcmPcAsstDisuseDao_sqlMap.xml,Success
/Users/changik/workspace/sample-oracle-modernization-accelerator/ourhome-itsm/02.Application/Transform/mapper/classes/sqlmap/itsm/pcm,PcmPcAsstMgtPrstsDao_sqlMap.xml,Success
/Users/changik/workspace/sample-oracle-modernization-accelerator/ourhome-itsm/02.Application/Transform/mapper/classes/sqlmap/itsm/pcm,PcmPcDelvrMgtDao_sqlMap.xml,Success
/Users/changik/workspace/sample-oracle-modernization-accelerator/ourhome-itsm/02.Application/Transform/mapper/classes/sqlmap/itsm/pcm,PcmComDao_sqlMap.xml,Success
/Users/changik/workspace/sample-oracle-modernization-accelerator/ourhome-itsm/02.Application/Transform/mapper/classes/sqlmap/itsm/pcm,PcmGoodMstrDao_sqlMap.xml,Success
/Users/changik/workspace/sample-oracle-modernization-accelerator/ourhome-itsm/02.Application/Transform/mapper/classes/sqlmap/itsm/pcm,PcmPcReprRqstDao_sqlMap.xml,Success
/Users/changik/workspace/sample-oracle-modernization-accelerator/ourhome-itsm/02.Application/Transform/mapper/classes/sqlmap/itsm/pcm,PcmPcAsstRgtPrstsDao_sqlMap.xml,Success
/Users/changik/workspace/sample-oracle-modernization-accelerator/ourhome-itsm/02.Application/Transform/mapper/classes/sqlmap/itsm/pcm,PcmPcIdleAsstAplDao_sqlMap.xml,Success
/Users/changik/workspace/sample-oracle-modernization-accelerator/ourhome-itsm/02.Application/Transform/mapper/classes/sqlmap/itsm/isec,IsecMailSearchDao_sqlMap.xml,Success
/Users/changik/workspace/sample-oracle-modernization-accelerator/ourhome-itsm/02.Application/Transform/mapper/classes/sqlmap/com,FileDao_sqlMap.xml,Success
/Users/changik/workspace/sample-oracle-modernization-accelerator/ourhome-itsm/02.Application/Transform/mapper/classes/sqlmap/com,LoginDao_sqlMap.xml,Success
/Users/changik/workspace/sample-oracle-modernization-accelerator/ourhome-itsm/02.Application/Transform/mapper/classes/sqlmap/com,AccessLoggingDao_sqlMap.xml,Success
/Users/changik/workspace/sample-oracle-modernization-accelerator/ourhome-itsm/02.Application/Transform/mapper/classes/sqlmap/com,MessageDao_sqlMap.xml,Success
/Users/changik/workspace/sample-oracle-modernization-accelerator/ourhome-itsm/02.Application/Transform/mapper/classes/sqlmap/com,ComCodeDao_sqlMap.xml,Success
/Users/changik/workspace/sample-oracle-modernization-accelerator/ourhome-itsm/02.Application/Transform/mapper/classes/sqlmap/com,FavoritesDao_sqlMap.xml,Success
/Users/changik/workspace/sample-oracle-modernization-accelerator/ourhome-itsm/02.Application/Transform/mapper/classes/sqlmap/com,FileMgtDao_sqlMap.xml,Success
