<?xml version="1.0" encoding="UTF-8"?>
<!DOCTYPE mapper   PUBLIC "-//mybatis.org//DTD Mapper 3.0//EN" "http://mybatis.org/dtd/mybatis-3-mapper.dtd">

<mapper namespace="typeByExeOrdStddMgtDao">


	<select id="typeByExeOrdStddMgtDao.retrieveTypeByExeOrdStddMgtList" resultType="ohMap">		
 		<![CDATA[
 		${queryId}
 			SELECT '0' AS CHK
			      ,A.EXE_ORD_CRT_STDD_CD    /* 실행주문생성기준코드  */
			      ,A.EXE_ORD_CRT_STDD_NM    /* 실행주문생성기준명    */
			      ,A.ORD_TYPE_CD            /* 주문유형코드          */
			      ,A.DIST_TYPE_CD           /* 물류유형코드          */
			      ,DECODE(A.INL_ORD_CRT_YN,'Y',1,0) AS INL_ORD_CRT_YN        /* 내부주문생성여부      */
			      ,DECODE(A.SAL_ORD_CRT_YN,'Y',1,0) AS SAL_ORD_CRT_YN       /* 판매주문생성여부      */
			      ,DECODE(A.PUR_ORD_CRT_YN,'Y',1,0) AS PUR_ORD_CRT_YN        /* 구매주문생성여부      */
			      ,DECODE(A.XFER_1_CRT_YN,'Y',1,0) AS XFER_1_CRT_YN          /* 적송1생성여부         */
			      ,DECODE(A.XFER_2_CRT_YN,'Y',1,0) AS XFER_2_CRT_YN          /* 적송2생성여부         */
			      ,DECODE(A.XFER_3_CRT_YN,'Y',1,0) AS XFER_3_CRT_YN          /* 적송3생성여부         */
			      ,DECODE(A.XFER_4_CRT_YN,'Y',1,0) AS XFER_4_CRT_YN          /* 적송4생성여부         */
			      ,DECODE(A.CLHA_ORD_CRT_YN,'Y',1,0) AS CLHA_ORD_CRT_YN        /* 출하주문생성여부      */
			      ,DECODE(A.FNL_CNFM_ORD_CRT_YN,'Y',1,0) AS FNL_CNFM_ORD_CRT_YN  /* 최종확정주문생성여부  */
			      ,TO_CHAR(A.APLY_DT,'YYYYMMDD') AS APLY_DT                /* 적용일자              */
			      ,DECODE(A.USE_YN,'Y',1,0) AS USE_YN				  /* 사용여부 */
			      ,B.EMP_NM                 /* 수정자                */
			      ,TO_CHAR(A.MOD_DATE, 'YYYY-MM-DD HH:mm:SS') AS MOD_DATE     /* 수정일시              */
			  FROM TB_ORM001 A
			      ,TB_OHR001 B
			 WHERE A.ORD_TYPE_CD LIKE #{ordTypeCd}||'%'
			   AND A.DIST_TYPE_CD LIKE #{distTypeCd}||'%'
			   AND B.EMPNO (+)= A.MODER_ID
			   AND A.CORP_CD = #{corpCd}
		]]>
		<if test="useYn != null and useYn !=''">
		
		   	   AND A.USE_YN = #{useYn} 
		
		</if>
		<![CDATA[
 			 ORDER BY A.EXE_ORD_CRT_STDD_CD
		
		]]>
		
	</select>

	<select id="typeByExeOrdStddMgtDao.retrieveExeOrdCrtStddCd" resultType="ohMap">		
 		<![CDATA[
 		${queryId}
			SELECT LPAD(NVL(TO_NUMBER(MAX(EXE_ORD_CRT_STDD_CD)),0)+1, 3, '0') AS EXE_ORD_CRT_STDD_CD
			  FROM TB_ORM001

		]]>

	</select>

	 <insert id="typeByExeOrdStddMgtDao.insertTypeByExeOrdStddMgt">   		
        <![CDATA[
        ${queryId}
		  	INSERT INTO TB_ORM001
				   (EXE_ORD_CRT_STDD_CD    /* 실행주문생성기준코드  */
			       ,EXE_ORD_CRT_STDD_NM    /* 실행주문생성기준명    */
			       ,ORD_TYPE_CD            /* 주문유형코드          */
			       ,DIST_TYPE_CD          /* 물류유형코드          */
			       ,INL_ORD_CRT_YN         /* 내부주문생성여부      */
			       ,SAL_ORD_CRT_YN         /* 판매주문생성여부      */
			       ,PUR_ORD_CRT_YN         /* 구매주문생성여부      */
			       ,XFER_1_CRT_YN          /* 적송1생성여부         */
			       ,XFER_2_CRT_YN          /* 적송2생성여부         */
			       ,XFER_3_CRT_YN          /* 적송3생성여부         */
			       ,XFER_4_CRT_YN          /* 적송4생성여부         */
			       ,CLHA_ORD_CRT_YN        /* 출하주문생성여부      */
			       ,FNL_CNFM_ORD_CRT_YN  /* 최종확정주문생성여부  */
			       ,APLY_DT                 /* 적용일자              */
			       ,USE_YN                 /* 사용여부              */
			       ,CORP_CD					/* 회사구분              */
			       ,RGTER_ID               /* 등록자ID              */
			       ,RGT_DATE               /* 등록일시              */
			       ,MODER_ID               /* 수정자ID              */
			       ,MOD_DATE               /* 수정일시              */
				   )
			VALUES 
				   (#{exeOrdCrtStddCd}   /* 실행주문생성기준코드  */
				   ,#{exeOrdCrtStddNm}   /* 실행주문생성기준명    */
				   ,#{ordTypeCd}           /* 주문유형코드          */
				   ,#{distTypeCd}         /* 물류유형코드          */
				   ,DECODE(#{inlOrdCrtYn},1,'Y','N')        /* 내부주문생성여부      */
				   ,DECODE(#{salOrdCrtYn},1,'Y','N')        /* 판매주문생성여부      */
				   ,DECODE(#{purOrdCrtYn},1,'Y','N')        /* 구매주문생성여부      */
				   ,DECODE(#{xfer1CrtYn},1,'Y','N')         /* 적송1생성여부         */
				   ,DECODE(#{xfer2CrtYn},1,'Y','N')         /* 적송2생성여부         */
				   ,DECODE(#{xfer3CrtYn},1,'Y','N')         /* 적송3생성여부         */
				   ,DECODE(#{xfer4CrtYn},1,'Y','N')         /* 적송4생성여부         */
				   ,DECODE(#{clhaOrdCrtYn},1,'Y','N')       /* 출하주문생성여부      */
				   ,DECODE(#{fnlCnfmOrdCrtYn},1,'Y','N') /* 최종확정주문생성여부  */
				   ,TO_DATE(#{aplyDt},'YYYYMMDD')                 /* 적용일자              */
				   ,DECODE(#{useYn},1,'Y','N')                 /* 사용여부              */
				   ,#{corpCd}         /* 회사구분         */
				   ,#{usrId}           /* 등록자ID              */
				   ,SYSDATE                /* 등록일시              */
				   ,#{usrId}           /* 수정자ID              */
				   ,SYSDATE                /* 수정일시              */
				   )

        ]]>
    </insert>          
      

    <update id="typeByExeOrdStddMgtDao.updateTypeByExeOrdStddMgt">   		
        <![CDATA[
        ${queryId}
			UPDATE TB_ORM001 
			   SET EXE_ORD_CRT_STDD_NM    = #{exeOrdCrtStddNm}     /* 실행주문생성기준명    */
			       ,ORD_TYPE_CD            = #{ordTypeCd}            /* 주문유형코드          */
			       ,DIST_TYPE_CD           = #{distTypeCd}        /* 물류유형코드          */
			       ,INL_ORD_CRT_YN         = DECODE(#{inlOrdCrtYn},1,'Y','N')        /* 내부주문생성여부      */
			       ,SAL_ORD_CRT_YN         = DECODE(#{salOrdCrtYn},1,'Y','N')        /* 판매주문생성여부      */
			       ,PUR_ORD_CRT_YN         = DECODE(#{purOrdCrtYn},1,'Y','N')        /* 구매주문생성여부      */
			       ,XFER_1_CRT_YN          = DECODE(#{xfer1CrtYn},1,'Y','N')        /* 적송1생성여부         */
			       ,XFER_2_CRT_YN          = DECODE(#{xfer2CrtYn},1,'Y','N')         /* 적송2생성여부         */
			       ,XFER_3_CRT_YN          = DECODE(#{xfer3CrtYn},1,'Y','N')         /* 적송3생성여부         */
			       ,XFER_4_CRT_YN          = DECODE(#{xfer4CrtYn},1,'Y','N')        /* 적송4생성여부         */
			       ,CLHA_ORD_CRT_YN        = DECODE(#{clhaOrdCrtYn},1,'Y','N')       /* 출하주문생성여부      */
			       ,FNL_CNFM_ORD_CRT_YN    = DECODE(#{fnlCnfmOrdCrtYn},1,'Y','N') /* 최종확정주문생성여부  */
			       ,APLY_DT                = #{aplyDt}               /* 최종확정주문생성여부  */
			       ,USE_YN                 = DECODE(#{useYn},1,'Y','N')               /* 사용여부  */
			       ,CORP_CD                = #{corpCd}               /* 회사구분  */	
			       ,MODER_ID               = #{usrId}           /* 수정자ID              */
			       ,MOD_DATE               = SYSDATE                /* 수정일시              */			       
			 WHERE EXE_ORD_CRT_STDD_CD = #{exeOrdCrtStddCd}              /* 실행주문생성기준코드  */
  
        ]]>
    </update> 
    
     <update id="typeByExeOrdStddMgtDao.updateTypeByExeOrdStddMgtUseYn">   		
        <![CDATA[
        ${queryId}
			UPDATE TB_ORM001 
			   SET USE_YN                 = #{useYn}               /* 사용여부  */
			       ,MODER_ID               = #{usrId}           /* 수정자ID              */
			       ,MOD_DATE               = SYSDATE                /* 수정일시              */			       
			 WHERE EXE_ORD_CRT_STDD_CD = #{exeOrdCrtStddCd}              /* 실행주문생성기준코드  */
  
        ]]>
    </update> 
    

	<delete id="typeByExeOrdStddMgtDao.deleteTypeByExeOrdStddMgt">   		
        <![CDATA[
        ${queryId}
			DELETE 
			  FROM TB_ORM001 
			 WHERE EXE_ORD_CRT_STDD_CD = #{exeOrdCrtStddCd}

        ]]>
    </delete> 
    
    
    <insert id="typeByExeOrdStddMgtDao.insertTypeByExeOrdStddMgtHis">   		
        <![CDATA[
        ${queryId}
		  	INSERT INTO TB_ORM001_H
				   (HAPN_DATE 			   /* 발생일시  */				   
				   ,EXE_ORD_CRT_STDD_CD    /* 실행주문생성기준코드  */
				   ,SEQ					   /* 차수  */
			       ,EXE_ORD_CRT_STDD_NM    /* 실행주문생성기준명    */
			       ,ORD_TYPE_CD            /* 주문유형코드          */
			       ,DIST_TYPE_CD          /* 물류유형코드          */
			       ,INL_ORD_CRT_YN         /* 내부주문생성여부      */
			       ,SAL_ORD_CRT_YN         /* 판매주문생성여부      */
			       ,PUR_ORD_CRT_YN         /* 구매주문생성여부      */
			       ,XFER_1_CRT_YN          /* 적송1생성여부         */
			       ,XFER_2_CRT_YN          /* 적송2생성여부         */
			       ,XFER_3_CRT_YN          /* 적송3생성여부         */
			       ,XFER_4_CRT_YN          /* 적송4생성여부         */
			       ,CLHA_ORD_CRT_YN        /* 출하주문생성여부      */
			       ,FNL_CNFM_ORD_CRT_YN  /* 최종확정주문생성여부  */
			       ,APLY_DT                 /* 적용일자              */
			       ,USE_YN                 /* 사용여부              */
			       ,CORP_CD					/* 회사구분              */
			       ,RGTER_ID               /* 등록자ID              */
			       ,RGT_DATE               /* 등록일시              */
			       ,MODER_ID               /* 수정자ID              */
			       ,MOD_DATE               /* 수정일시              */
				   )
			VALUES 
				   (SYSDATE                /* 발생일시              */
				   ,#{exeOrdCrtStddCd}   /* 실행주문생성기준코드  */
				   ,(SELECT NVL(TO_NUMBER(MAX(SEQ)),0)+1 FROM TB_ORM001_H WHERE HAPN_DATE = sysdate AND EXE_ORD_CRT_STDD_CD = #{exeOrdCrtStddCd} AND CORP_CD = #{corpCd})
				   ,#{exeOrdCrtStddNm}   /* 실행주문생성기준명    */
				   ,#{ordTypeCd}           /* 주문유형코드          */
				   ,#{distTypeCd}         /* 물류유형코드          */
				   ,DECODE(#{inlOrdCrtYn},1,'Y','N')        /* 내부주문생성여부      */
				   ,DECODE(#{salOrdCrtYn},1,'Y','N')        /* 판매주문생성여부      */
				   ,DECODE(#{purOrdCrtYn},1,'Y','N')        /* 구매주문생성여부      */
				   ,DECODE(#{xfer1CrtYn},1,'Y','N')         /* 적송1생성여부         */
				   ,DECODE(#{xfer2CrtYn},1,'Y','N')         /* 적송2생성여부         */
				   ,DECODE(#{xfer3CrtYn},1,'Y','N')         /* 적송3생성여부         */
				   ,DECODE(#{xfer4CrtYn},1,'Y','N')         /* 적송4생성여부         */
				   ,DECODE(#{clhaOrdCrtYn},1,'Y','N')       /* 출하주문생성여부      */
				   ,DECODE(#{fnlCnfmOrdCrtYn},1,'Y','N') /* 최종확정주문생성여부  */
				   ,TO_DATE(#{aplyDt},'YYYYMMDD')                 /* 적용일자              */
				   ,DECODE(#{useYn},1,'Y','N')                 /* 사용여부              */
				   ,#{corpCd}         /* 회사구분         */
				   ,#{usrId}           /* 등록자ID              */
				   ,SYSDATE                /* 등록일시              */
				   ,#{usrId}           /* 수정자ID              */
				   ,SYSDATE                /* 수정일시              */
				   )

        ]]>
    </insert>
      
</mapper>
