<?xml version="1.0" encoding="UTF-8"?>
<!DOCTYPE mapper   PUBLIC "-//mybatis.org//DTD Mapper 3.0//EN" "http://mybatis.org/dtd/mybatis-3-mapper.dtd">
<mapper namespace="typeByExeOrdStddMgtDao">

<!-- 2025-06-18 Amazon Q Developer : Converted Oracle SQL to PostgreSQL - DECODE to CASE, TO_CHAR formatting, Oracle outer join to LEFT JOIN -->

<select id="typeByExeOrdStddMgtDao.retrieveTypeByExeOrdStddMgtList" resultType="ohMap">		
 		<![CDATA[
 		${queryId}
 			SELECT '0' AS CHK
			      ,A.EXE_ORD_CRT_STDD_CD    /* 실행주문생성기준코드  */
			      ,A.EXE_ORD_CRT_STDD_NM    /* 실행주문생성기준명    */
			      ,A.ORD_TYPE_CD            /* 주문유형코드          */
			      ,A.DIST_TYPE_CD           /* 물류유형코드          */
			      ,CASE WHEN A.INL_ORD_CRT_YN='Y' THEN 1 ELSE 0 END AS INL_ORD_CRT_YN        /* 내부주문생성여부      */
			      ,CASE WHEN A.SAL_ORD_CRT_YN='Y' THEN 1 ELSE 0 END AS SAL_ORD_CRT_YN       /* 판매주문생성여부      */
			      ,CASE WHEN A.PUR_ORD_CRT_YN='Y' THEN 1 ELSE 0 END AS PUR_ORD_CRT_YN        /* 구매주문생성여부      */
			      ,CASE WHEN A.XFER_1_CRT_YN='Y' THEN 1 ELSE 0 END AS XFER_1_CRT_YN          /* 적송1생성여부         */
			      ,CASE WHEN A.XFER_2_CRT_YN='Y' THEN 1 ELSE 0 END AS XFER_2_CRT_YN          /* 적송2생성여부         */
			      ,CASE WHEN A.XFER_3_CRT_YN='Y' THEN 1 ELSE 0 END AS XFER_3_CRT_YN          /* 적송3생성여부         */
			      ,CASE WHEN A.XFER_4_CRT_YN='Y' THEN 1 ELSE 0 END AS XFER_4_CRT_YN          /* 적송4생성여부         */
			      ,CASE WHEN A.CLHA_ORD_CRT_YN='Y' THEN 1 ELSE 0 END AS CLHA_ORD_CRT_YN        /* 출하주문생성여부      */
			      ,CASE WHEN A.FNL_CNFM_ORD_CRT_YN='Y' THEN 1 ELSE 0 END AS FNL_CNFM_ORD_CRT_YN  /* 최종확정주문생성여부  */
			      ,TO_CHAR(A.APLY_DT,'YYYYMMDD') AS APLY_DT                /* 적용일자              */
			      ,CASE WHEN A.USE_YN='Y' THEN 1 ELSE 0 END AS USE_YN				  /* 사용여부 */
			      ,B.EMP_NM                 /* 수정자                */
			      ,TO_CHAR(A.MOD_DATE, 'YYYY-MM-DD HH24:MI:SS') AS MOD_DATE     /* 수정일시              */
			  FROM TB_ORM001 A
			  LEFT JOIN TB_OHR001 B ON B.EMPNO = A.MODER_ID
			 WHERE A.ORD_TYPE_CD LIKE #{ordTypeCd}||'%'
			   AND A.DIST_TYPE_CD LIKE #{distTypeCd}||'%'
			   AND A.CORP_CD = #{corpCd}
		]]>
		<if test="useYn != null and useYn !=''">
		
		   	   AND A.USE_YN = #{useYn} 
		
		</if>
		<![CDATA[
 			 ORDER BY A.EXE_ORD_CRT_STDD_CD
		
		]]>
		
	</select>

<!-- 2025-06-18 Amazon Q Developer : Converted Oracle SQL to PostgreSQL - NVL to COALESCE, LPAD function -->

<select id="typeByExeOrdStddMgtDao.retrieveExeOrdCrtStddCd" resultType="ohMap">		
 		<![CDATA[
 		${queryId}
			SELECT LPAD((COALESCE(MAX(EXE_ORD_CRT_STDD_CD::INTEGER),0)+1)::TEXT, 3, '0') AS EXE_ORD_CRT_STDD_CD
			  FROM TB_ORM001

		]]>

	</select>

<!-- 2025-06-18 Amazon Q Developer : Converted Oracle SQL to PostgreSQL - DECODE to CASE, TO_DATE formatting, SYSDATE to CURRENT_TIMESTAMP -->

<insert id="typeByExeOrdStddMgtDao.insertTypeByExeOrdStddMgt">   		
        <![CDATA[
        ${queryId}
		  	INSERT INTO TB_ORM001
				   (EXE_ORD_CRT_STDD_CD    /* 실행주문생성기준코드  */
			       ,EXE_ORD_CRT_STDD_NM    /* 실행주문생성기준명    */
			       ,ORD_TYPE_CD            /* 주문유형코드          */
			       ,DIST_TYPE_CD          /* 물류유형코드          */
			       ,INL_ORD_CRT_YN         /* 내부주문생성여부      */
			       ,SAL_ORD_CRT_YN         /* 판매주문생성여부      */
			       ,PUR_ORD_CRT_YN         /* 구매주문생성여부      */
			       ,XFER_1_CRT_YN          /* 적송1생성여부         */
			       ,XFER_2_CRT_YN          /* 적송2생성여부         */
			       ,XFER_3_CRT_YN          /* 적송3생성여부         */
			       ,XFER_4_CRT_YN          /* 적송4생성여부         */
			       ,CLHA_ORD_CRT_YN        /* 출하주문생성여부      */
			       ,FNL_CNFM_ORD_CRT_YN  /* 최종확정주문생성여부  */
			       ,APLY_DT                 /* 적용일자              */
			       ,USE_YN                 /* 사용여부              */
			       ,CORP_CD					/* 회사구분              */
			       ,RGTER_ID               /* 등록자ID              */
			       ,RGT_DATE               /* 등록일시              */
			       ,MODER_ID               /* 수정자ID              */
			       ,MOD_DATE               /* 수정일시              */
				   )
			VALUES 
				   (#{exeOrdCrtStddCd}   /* 실행주문생성기준코드  */
				   ,#{exeOrdCrtStddNm}   /* 실행주문생성기준명    */
				   ,#{ordTypeCd}           /* 주문유형코드          */
				   ,#{distTypeCd}         /* 물류유형코드          */
				   ,CASE WHEN #{inlOrdCrtYn}=1 THEN 'Y' ELSE 'N' END        /* 내부주문생성여부      */
				   ,CASE WHEN #{salOrdCrtYn}=1 THEN 'Y' ELSE 'N' END        /* 판매주문생성여부      */
				   ,CASE WHEN #{purOrdCrtYn}=1 THEN 'Y' ELSE 'N' END        /* 구매주문생성여부      */
				   ,CASE WHEN #{xfer1CrtYn}=1 THEN 'Y' ELSE 'N' END         /* 적송1생성여부         */
				   ,CASE WHEN #{xfer2CrtYn}=1 THEN 'Y' ELSE 'N' END         /* 적송2생성여부         */
				   ,CASE WHEN #{xfer3CrtYn}=1 THEN 'Y' ELSE 'N' END         /* 적송3생성여부         */
				   ,CASE WHEN #{xfer4CrtYn}=1 THEN 'Y' ELSE 'N' END         /* 적송4생성여부         */
				   ,CASE WHEN #{clhaOrdCrtYn}=1 THEN 'Y' ELSE 'N' END       /* 출하주문생성여부      */
				   ,CASE WHEN #{fnlCnfmOrdCrtYn}=1 THEN 'Y' ELSE 'N' END /* 최종확정주문생성여부  */
				   ,TO_DATE(#{aplyDt},'YYYYMMDD')                 /* 적용일자              */
				   ,CASE WHEN #{useYn}=1 THEN 'Y' ELSE 'N' END                 /* 사용여부              */
				   ,#{corpCd}         /* 회사구분         */
				   ,#{usrId}           /* 등록자ID              */
				   ,CURRENT_TIMESTAMP                /* 등록일시              */
				   ,#{usrId}           /* 수정자ID              */
				   ,CURRENT_TIMESTAMP                /* 수정일시              */
				   )

        ]]>
    </insert>

<!-- 2025-06-18 Amazon Q Developer : Converted Oracle SQL to PostgreSQL - DECODE to CASE, SYSDATE to CURRENT_TIMESTAMP -->

<update id="typeByExeOrdStddMgtDao.updateTypeByExeOrdStddMgt">   		
        <![CDATA[
        ${queryId}
			UPDATE TB_ORM001 
			   SET EXE_ORD_CRT_STDD_NM    = #{exeOrdCrtStddNm}     /* 실행주문생성기준명    */
			       ,ORD_TYPE_CD            = #{ordTypeCd}            /* 주문유형코드          */
			       ,DIST_TYPE_CD           = #{distTypeCd}        /* 물류유형코드          */
			       ,INL_ORD_CRT_YN         = CASE WHEN #{inlOrdCrtYn}=1 THEN 'Y' ELSE 'N' END        /* 내부주문생성여부      */
			       ,SAL_ORD_CRT_YN         = CASE WHEN #{salOrdCrtYn}=1 THEN 'Y' ELSE 'N' END        /* 판매주문생성여부      */
			       ,PUR_ORD_CRT_YN         = CASE WHEN #{purOrdCrtYn}=1 THEN 'Y' ELSE 'N' END        /* 구매주문생성여부      */
			       ,XFER_1_CRT_YN          = CASE WHEN #{xfer1CrtYn}=1 THEN 'Y' ELSE 'N' END        /* 적송1생성여부         */
			       ,XFER_2_CRT_YN          = CASE WHEN #{xfer2CrtYn}=1 THEN 'Y' ELSE 'N' END         /* 적송2생성여부         */
			       ,XFER_3_CRT_YN          = CASE WHEN #{xfer3CrtYn}=1 THEN 'Y' ELSE 'N' END         /* 적송3생성여부         */
			       ,XFER_4_CRT_YN          = CASE WHEN #{xfer4CrtYn}=1 THEN 'Y' ELSE 'N' END        /* 적송4생성여부         */
			       ,CLHA_ORD_CRT_YN        = CASE WHEN #{clhaOrdCrtYn}=1 THEN 'Y' ELSE 'N' END       /* 출하주문생성여부      */
			       ,FNL_CNFM_ORD_CRT_YN    = CASE WHEN #{fnlCnfmOrdCrtYn}=1 THEN 'Y' ELSE 'N' END /* 최종확정주문생성여부  */
			       ,APLY_DT                = #{aplyDt}               /* 최종확정주문생성여부  */
			       ,USE_YN                 = CASE WHEN #{useYn}=1 THEN 'Y' ELSE 'N' END               /* 사용여부  */
			       ,CORP_CD                = #{corpCd}               /* 회사구분  */	
			       ,MODER_ID               = #{usrId}           /* 수정자ID              */
			       ,MOD_DATE               = CURRENT_TIMESTAMP                /* 수정일시              */			       
			 WHERE EXE_ORD_CRT_STDD_CD = #{exeOrdCrtStddCd}              /* 실행주문생성기준코드  */
  
        ]]>
    </update>

<!-- 2025-06-18 Amazon Q Developer : Converted Oracle SQL to PostgreSQL - SYSDATE to CURRENT_TIMESTAMP -->

<update id="typeByExeOrdStddMgtDao.updateTypeByExeOrdStddMgtUseYn">   		
        <![CDATA[
        ${queryId}
			UPDATE TB_ORM001 
			   SET USE_YN                 = #{useYn}               /* 사용여부  */
			       ,MODER_ID               = #{usrId}           /* 수정자ID              */
			       ,MOD_DATE               = CURRENT_TIMESTAMP                /* 수정일시              */			       
			 WHERE EXE_ORD_CRT_STDD_CD = #{exeOrdCrtStddCd}              /* 실행주문생성기준코드  */
  
        ]]>
    </update>

<!-- 2025-06-18 Amazon Q Developer : No conversion needed - Standard DELETE query -->

<delete id="typeByExeOrdStddMgtDao.deleteTypeByExeOrdStddMgt">   		
        <![CDATA[
        ${queryId}
			DELETE 
			  FROM TB_ORM001 
			 WHERE EXE_ORD_CRT_STDD_CD = #{exeOrdCrtStddCd}

        ]]>
    </delete>

<!-- 2025-06-18 Amazon Q Developer : Converted Oracle SQL to PostgreSQL - SYSDATE to CURRENT_TIMESTAMP, DECODE to CASE, TO_DATE formatting, NVL to COALESCE -->

<insert id="typeByExeOrdStddMgtDao.insertTypeByExeOrdStddMgtHis">   		
        <![CDATA[
        ${queryId}
		  	INSERT INTO TB_ORM001_H
				   (HAPN_DATE 			   /* 발생일시  */				   
				   ,EXE_ORD_CRT_STDD_CD    /* 실행주문생성기준코드  */
				   ,SEQ					   /* 차수  */
			       ,EXE_ORD_CRT_STDD_NM    /* 실행주문생성기준명    */
			       ,ORD_TYPE_CD            /* 주문유형코드          */
			       ,DIST_TYPE_CD          /* 물류유형코드          */
			       ,INL_ORD_CRT_YN         /* 내부주문생성여부      */
			       ,SAL_ORD_CRT_YN         /* 판매주문생성여부      */
			       ,PUR_ORD_CRT_YN         /* 구매주문생성여부      */
			       ,XFER_1_CRT_YN          /* 적송1생성여부         */
			       ,XFER_2_CRT_YN          /* 적송2생성여부         */
			       ,XFER_3_CRT_YN          /* 적송3생성여부         */
			       ,XFER_4_CRT_YN          /* 적송4생성여부         */
			       ,CLHA_ORD_CRT_YN        /* 출하주문생성여부      */
			       ,FNL_CNFM_ORD_CRT_YN  /* 최종확정주문생성여부  */
			       ,APLY_DT                 /* 적용일자              */
			       ,USE_YN                 /* 사용여부              */
			       ,CORP_CD					/* 회사구분              */
			       ,RGTER_ID               /* 등록자ID              */
			       ,RGT_DATE               /* 등록일시              */
			       ,MODER_ID               /* 수정자ID              */
			       ,MOD_DATE               /* 수정일시              */
				   )
			VALUES 
				   (CURRENT_TIMESTAMP                /* 발생일시              */
				   ,#{exeOrdCrtStddCd}   /* 실행주문생성기준코드  */
				   ,(SELECT COALESCE(MAX(SEQ::INTEGER),0)+1 FROM TB_ORM001_H WHERE DATE_TRUNC('day', HAPN_DATE) = DATE_TRUNC('day', CURRENT_TIMESTAMP) AND EXE_ORD_CRT_STDD_CD = #{exeOrdCrtStddCd} AND CORP_CD = #{corpCd})
				   ,#{exeOrdCrtStddNm}   /* 실행주문생성기준명    */
				   ,#{ordTypeCd}           /* 주문유형코드          */
				   ,#{distTypeCd}         /* 물류유형코드          */
				   ,CASE WHEN #{inlOrdCrtYn}=1 THEN 'Y' ELSE 'N' END        /* 내부주문생성여부      */
				   ,CASE WHEN #{salOrdCrtYn}=1 THEN 'Y' ELSE 'N' END        /* 판매주문생성여부      */
				   ,CASE WHEN #{purOrdCrtYn}=1 THEN 'Y' ELSE 'N' END        /* 구매주문생성여부      */
				   ,CASE WHEN #{xfer1CrtYn}=1 THEN 'Y' ELSE 'N' END         /* 적송1생성여부         */
				   ,CASE WHEN #{xfer2CrtYn}=1 THEN 'Y' ELSE 'N' END         /* 적송2생성여부         */
				   ,CASE WHEN #{xfer3CrtYn}=1 THEN 'Y' ELSE 'N' END         /* 적송3생성여부         */
				   ,CASE WHEN #{xfer4CrtYn}=1 THEN 'Y' ELSE 'N' END         /* 적송4생성여부         */
				   ,CASE WHEN #{clhaOrdCrtYn}=1 THEN 'Y' ELSE 'N' END       /* 출하주문생성여부      */
				   ,CASE WHEN #{fnlCnfmOrdCrtYn}=1 THEN 'Y' ELSE 'N' END /* 최종확정주문생성여부  */
				   ,TO_DATE(#{aplyDt},'YYYYMMDD')                 /* 적용일자              */
				   ,CASE WHEN #{useYn}=1 THEN 'Y' ELSE 'N' END                 /* 사용여부              */
				   ,#{corpCd}         /* 회사구분         */
				   ,#{usrId}           /* 등록자ID              */
				   ,CURRENT_TIMESTAMP                /* 등록일시              */
				   ,#{usrId}           /* 수정자ID              */
				   ,CURRENT_TIMESTAMP                /* 수정일시              */
				   )

        ]]>
    </insert>

</mapper>
