<?xml version="1.0" encoding="UTF-8"?>
<!DOCTYPE mapper   PUBLIC "-//mybatis.org//DTD Mapper 3.0//EN" "http://mybatis.org/dtd/mybatis-3-mapper.dtd">
<mapper namespace="csrNoSrchDao">

	<!-- 2025-06-18 Amazon Q Developer : Converted Oracle TRUNC function to PostgreSQL date casting -->
<select id="csrNoSrchDao.retrieveCsrNoSrch" resultType="ohMap">
		
 		<![CDATA[
 		${queryId}
 		${pazingFr}
			SELECT A.CSR_NO        AS CSR_NO 
			     , A.REQ_EMPNO     AS REQ_EMPNO 
			     , B.KOR_USR_NM    AS KOR_USR_NM 
			     , A.TITLE         AS TITLE	
			     , A.REQ_DT        AS REQ_DT
			     , COUNT(*) OVER() AS TOTAL_CNT
			  FROM ITSM_INF.IF_ITSM_TB_ITR001_S A
			     , OAS_APP.VW_OHR003 B
			 WHERE 1=1
			   AND A.CORP_CD = B.CORP_CD
			   AND A.REQ_EMPNO = B.EMPNO
			   AND A.BIZ_TYPE = 'BT1180'
			   AND A.BIZ_SYS_CD = 'S00005'
			   AND A.STAT_CD >= 700
			   AND A.COMPLETE_YN <> 'Y'
		]]>
			  <if test="stDate != null and stDate != ''">
			   AND A.REQ_DT::date BETWEEN TO_DATE(#{stDate}, 'YYYYMMDD') AND  TO_DATE(#{edDate}, 'YYYYMMDD')
			  </if>
		<![CDATA[	
		]]> 
			  <if test="csrNo != null and csrNo != ''">
			   AND (A.CSR_NO LIKE '%'||TRIM(#{csrNo})||'%' OR UPPER(A.CSR_NO) LIKE '%'||UPPER(TRIM(#{csrNo}))||'%')
			  </if>
		<![CDATA[				   
		]]> 
			  <if test="usrId != null and usrId != ''">
			   AND (B.EMPNO LIKE '%'|| TRIM(#{usrId}) || '%' OR B.KOR_USR_NM LIKE '%'|| TRIM(#{usrId}) || '%')
			  </if>
		<![CDATA[	
		ORDER BY A.REQ_DT, A.CSR_NO
 		${pazingTo}
		]]>
	</select>

</mapper>
