<?xml version="1.0" encoding="UTF-8"?>
<!DOCTYPE mapper   PUBLIC "-//mybatis.org//DTD Mapper 3.0//EN" "http://mybatis.org/dtd/mybatis-3-mapper.dtd">

<mapper namespace="sysRspbrSrchDao">

	<select id="sysRspbrSrchDao.retrieveSysRspbrSrch" resultType="ohMap">
		
 		<![CDATA[
 		${queryId}
			SELECT A.USR_ID
				  ,A.CORP_CD
				  ,C.COM_CD_NM AS CORP_NM
				  ,A.USR_NM
				  ,A.EMPNO
				  ,A.USE_ST_DATE
				  ,A.USE_ED_DATE
				  ,A.SYS_USE_STP_PARG_DATE
				  ,A.FNL_LOGIN_DATE
				  ,A.LOGIN_IP
				  ,A.USE_YN
				  ,A.RGT_DATE
				  ,A.MOD_DATE
				  ,'' AS ttl_nm
                  ,A.ORGN_CD
				  ,A.ORGN_NM 
                  , D.ORGN_NM_3||' '||D.ORGN_NM_4||' '||D.ORGN_NM ORGN_DESC
                  ,A.CO_TELNO  CO_TELNO
                  ,A.EMAIL
                  ,FC_GET_EMPNO_TO_DEPT(A.EMPNO, 'C' )     AS DEPT_CD  /* 20191122 김신성 */
                  ,FC_GET_EMPNO_TO_DEPT(A.EMPNO, 'N' )     AS DEPT_NM  /* 20191122 김신성 */
	 	     FROM TB_USR001 A
		     ,    TB_USR002 B       
		     ,    TB_COM001 C
		     ,    OAS_APP.VW_OHR006 D
		    WHERE 1=1 
		      AND  A.USR_ID    = B.USR_ID
		      AND  A.CORP_CD  = C.COM_CD(+)   
		      AND  A.CORP_CD  = D.CORP_CD(+)
		      AND  A.ORGN_CD  = D.ORGN_CD(+)
		      AND  B.AUTH_ID   = 'G020'
		      AND  C.GRP_CD(+) = 'CO001'  
		      AND  C.USE_YN(+) = 'Y'    
		]]>
			<if test="usrNm != null and usrNm != ''">
			   AND (A.USR_ID LIKE '%'|| #{usrNm} || '%' OR A.USR_NM LIKE '%'|| #{usrNm} || '%')
			</if>
			<if test="orgnCd != null and orgnCd != ''">
			   AND D.ORGN_CD = #{orgnCd}
			</if>
			<if test="allYn == null or allYn == ''">
			  AND SYSDATE BETWEEN A.USE_ST_DATE AND A.USE_ED_DATE +(1-1/(24*60*60))
			  AND A.USE_YN  = 'Y'
			</if>
		<![CDATA[
 			ORDER BY A.USR_NM
		]]>
	</select>

</mapper>
