<?xml version="1.0" encoding="UTF-8"?>
<!DOCTYPE mapper   PUBLIC "-//mybatis.org//DTD Mapper 3.0//EN" "http://mybatis.org/dtd/mybatis-3-mapper.dtd">
<mapper namespace="usrSrchDao">

<!-- 2025-06-18 Amazon Q Developer : Converted Oracle outer join syntax (+) to explicit LEFT OUTER JOIN, SYSDATE to CURRENT_TIMESTAMP, DECODE to CASE WHEN -->

<select id="usrSrchDao.retrieveUserSrch" resultType="ohMap">
		
 		<![CDATA[
 		${queryId}					
			SELECT A.USR_ID
				  ,A.CORP_CD
				  ,C.COM_CD_NM AS CORP_NM
				  ,A.USR_NM
				  ,A.EMPNO
				  ,A.USE_ST_DATE
				  ,A.USE_ED_DATE
				  ,A.SYS_USE_STP_PARG_DATE
				  ,A.FNL_LOGIN_DATE
				  ,A.LOGIN_IP
				  ,A.USE_YN
				  ,A.RGT_DATE
				  ,A.MOD_DATE
				  ,'' AS ttl_nm
                  ,A.ORGN_CD
				  ,A.ORGN_NM 
                  , D.ORGN_NM_3||' '||D.ORGN_NM_4||' '||D.ORGN_NM ORGN_DESC
                  ,A.CO_TELNO  CO_TELNO
                  ,A.EMAIL
                  ,FC_GET_EMPNO_TO_DEPT(A.EMPNO, 'C' )     AS DEPT_CD  /* 20191122 김신성 */
                  ,FC_GET_EMPNO_TO_DEPT(A.EMPNO, 'N' )     AS DEPT_NM  /* 20191122 김신성 */
			  FROM TB_USR001 A 
			  LEFT OUTER JOIN TB_COM001 C ON A.CORP_CD = C.COM_CD AND C.GRP_CD = 'CO001' AND C.USE_YN = 'Y'
              LEFT OUTER JOIN OAS_APP.VW_OHR006 D ON A.CORP_CD = D.CORP_CD AND A.ORGN_CD = D.ORGN_CD
			 WHERE 1=1 
			    
		]]>
			<if test="usrNm != null and usrNm != ''">
			   AND (A.USR_ID LIKE '%'|| #{usrNm} || '%' OR A.USR_NM LIKE '%'|| #{usrNm} || '%')
			</if>
			<if test="orgnCd != null and orgnCd != ''">
			   AND D.ORGN_CD = #{orgnCd}
			</if>
			<if test="allYn == null or allYn == ''">
			  AND CURRENT_TIMESTAMP BETWEEN A.USE_ST_DATE AND A.USE_ED_DATE + INTERVAL '1 day' - INTERVAL '1 second'
			  AND A.USE_YN  = 'Y'
			  AND (''||#{corpCd} = '' or ''||#{corpCd} is null or A.CORP_CD = #{corpCd} )
			</if>
			<if test="loginId != null and loginId != '' and authId != null and authId != ''">
              AND CASE WHEN FN_CHK_USER_AUTH_YN('A001',#{loginId} ) = 'Y' THEN 'Y'
                       ELSE A.EMPNO 
                  END = 
                  CASE WHEN FN_CHK_USER_AUTH_YN('A001',#{loginId} ) = 'Y' THEN FN_CHK_USER_AUTH_YN(#{authId},A.EMPNO )
                       ELSE #{loginId}
                  END                     
			</if>
			<if test="authId != null and authId != '' and (loginId == null or loginId == '')">
              AND FN_CHK_USER_AUTH_YN(#{authId},A.EMPNO ) = 'Y'
			</if>
			<if test="apprLineId != null and apprLineId != ''">
			<![CDATA[
              AND A.USR_ID IN ( SELECT ORGN_MNGR_EMPNO  EMPNO
                                FROM OAS_APP.VW_OHR007 C
                                   , OAS_APP.VW_OHR003 D  
                               WHERE C.CORP_CD            = D.CORP_CD
                                 AND C.ORGN_MNGR_EMPNO    = D.EMPNO
                                 AND D.HLDOFC_STAT_GBN_CD = 'C'
                                 AND C.ORGN_CD IN ( SELECT O.ORGN_CD 
                                                      FROM OAS_APP.VW_OHR004 O 
                                                     WHERE C.CORP_CD = O.CORP_CD
                                                       AND O.DIV_CD IN ( SELECT N.DIV_CD 
                                                                           FROM OAS_APP.VW_OHR004 N 
                                                                          WHERE O.CORP_CD = N.CORP_CD 
                                                                            AND N.ORGN_CD = ( SELECT M.ORGN_CD 
                                                                                                FROM OAS_APP.VW_OHR003 M
                                                                                               WHERE A.CORP_CD  = M.CORP_CD
                                                                                                 AND M.EMPNO    = #{apprLineId}
                                                                                             )
                                                                       )
                                                  )
                               )
              --소속사업부가 MCP인경우 소속부서,상위부서,차장위부서의 직책자를 조회한다. 23.12.18 YJH             
              AND (( 'Y' = ( SELECT CASE WHEN B.DIV_CD = '01990' THEN 'Y' ELSE 'N' END
                               FROM OAS_APP.VW_OHR004 B
                                  , OAS_APP.VW_OHR003 C 
                              WHERE B.CORP_CD = C.CORP_CD
                                AND B.ORGN_CD = C.ORGN_CD
                                AND C.EMPNO   = #{apprLineId}
                           )
				    AND A.ORGN_CD IN ( SELECT N.ORGN_CD
                                         FROM OAS_APP.VW_OHR003 N
                                        WHERE #{corpCd} = N.CORP_CD
                                          AND N.EMPNO   = #{apprLineId}  --소속부서
                                        UNION ALL
                                       SELECT N.HRNK_ORGN_CD
                                         FROM OAS_APP.VW_OHR004 N
                                        WHERE #{corpCd} = N.CORP_CD
                                          AND N.ORGN_CD = ( SELECT X.ORGN_CD
                                                              FROM OAS_APP.VW_OHR003 X
                                                             WHERE A.CORP_CD  = X.CORP_CD
                                                               AND X.EMPNO    = #{apprLineId}
                                                          ) --상위부서
                                        UNION ALL
                                       SELECT O.HRNK_ORGN_CD
                                         FROM OAS_APP.VW_OHR004 O
                                        WHERE A.CORP_CD = O.CORP_CD
                                          AND O.ORGN_CD IN ( SELECT N.HRNK_ORGN_CD
                                                               FROM OAS_APP.VW_OHR004 N
                                                              WHERE #{corpCd} = N.CORP_CD
                                                                AND N.ORGN_CD = ( SELECT X.ORGN_CD
                                                                                    FROM OAS_APP.VW_OHR003 X
                                                                                   WHERE N.CORP_CD  = X.CORP_CD
                                                                                     AND X.EMPNO    = #{apprLineId}
                                                                                ) 
                                                           )--차상위부서
                                     )
                   -- 소속사업부가 MCP가 아닌경우 사업부 내 모든 직책자를 조회한다 23.12.18 YJH                  
                   ) OR (( SELECT CASE WHEN B.DIV_CD = '01990' THEN 'Y' ELSE 'N' END
                             FROM OAS_APP.VW_OHR004 B
                                , OAS_APP.VW_OHR003 C 
                            WHERE B.CORP_CD = C.CORP_CD
                              AND B.ORGN_CD = C.ORGN_CD
                              AND C.EMPNO   = #{apprLineId}) <> 'Y'
                        )
                  )                                               
             ]]>                                                                              
			</if>
			
		<![CDATA[
 			ORDER BY A.USR_NM
		]]>
	</select>

<!-- 2025-06-18 Amazon Q Developer : No Oracle-specific conversions needed - standard SQL syntax -->

<select id="usrSrchDao.retrieveHrUserSrch" resultType="ohMap">
		
 		<![CDATA[
 		${queryId}
            SELECT b.ORGN_CD
                  ,b.ORGN_NM
                  ,a.EMPNO   AS USR_ID
                  ,a.KOR_USR_NM AS USR_NM
              FROM OAS_APP.VW_OHR003 a
                   LEFT OUTER JOIN OAS_APP.VW_OHR004 b 
                                ON a.CORP_CD = b.CORP_CD AND a.ORGN_CD = b.ORGN_CD
             WHERE 1=1                    
		]]>
			<if test="usrNm != null and usrNm != ''">
			   AND (A.EMPNO LIKE '%'|| #{usrNm} || '%' OR A.KOR_USR_NM LIKE '%'|| #{usrNm} || '%')
			</if>
			<if test="orgnCd != null and orgnCd != ''">
			   AND b.ORGN_CD = #{orgnCd}
			</if>
		<![CDATA[
 			ORDER BY A.KOR_USR_NM
		]]>
	</select>

<!-- 2025-06-18 Amazon Q Developer : No Oracle-specific conversions needed - standard SQL syntax -->

<select id="usrSrchDao.retrieveDeptSrch" resultType="ohMap">
		
 		<![CDATA[
 		${queryId}
            SELECT A.ORGN_CD
                  ,A.ORGN_NM
                  ,A.DIV_CD
                  ,A.DIV_NM 
              FROM OAS_APP.VW_OHR004 A
             WHERE 1=1
               AND A.CORP_CD = '1000'
		]]>
			<if test="deptNm != null and deptNm != ''">
			   AND (A.ORGN_CD LIKE '%'|| #{deptNm} || '%' OR A.ORGN_NM LIKE '%'|| #{deptNm} || '%')
			</if>
		<![CDATA[
             GROUP BY A.ORGN_CD
                     ,A.ORGN_NM
                     ,A.DIV_CD
                     ,A.DIV_NM
 			 ORDER BY A.ORGN_CD
		]]>
	</select>

</mapper>
