<?xml version="1.0" encoding="UTF-8"?>
<!DOCTYPE mapper   PUBLIC "-//mybatis.org//DTD Mapper 3.0//EN" "http://mybatis.org/dtd/mybatis-3-mapper.dtd">
<mapper namespace="authReqMgtDao">

<!-- 2025-06-18 Amazon Q Developer : Converted CLOB to TEXT for PostgreSQL compatibility -->
<resultMap id="clobMap" type="ohMap" >
    <result property="chk"           column="CHK"            jdbcType="VARCHAR" javaType="java.lang.String"/>
    <result property="reqDt"         column="reqDt"          jdbcType="VARCHAR" javaType="java.lang.String"/>
    <result property="reqCont"       column="REQ_CONT"       jdbcType="TEXT"    javaType="java.lang.String"/>
    <result property="bizType"       column="BIZ_TYPE"       jdbcType="VARCHAR" javaType="java.lang.String"/>
    <result property="bizTypeNm"     column="BIZ_TYPE_NM"    jdbcType="VARCHAR" javaType="java.lang.String"/>
    <result property="biCd"          column="BI_CD"          jdbcType="VARCHAR" javaType="java.lang.String"/>
    <result property="bizSysCd"      column="BIZ_SYS_CD"     jdbcType="VARCHAR" javaType="java.lang.String"/>
    <result property="bizSysCdNm"    column="BIZ_SYS_CD_NM"  jdbcType="VARCHAR" javaType="java.lang.String"/>
    <result property="title"         column="TITLE"          jdbcType="VARCHAR" javaType="java.lang.String"/>
    <result property="atchFileId"    column="ATCH_FILE_ID"   jdbcType="VARCHAR" javaType="java.lang.String"/> 
    <result property="rgterNm"       column="RGTER_NM"       jdbcType="VARCHAR" javaType="java.lang.String"/>
    <result property="corpCd"        column="CORP_CD"        jdbcType="VARCHAR" javaType="java.lang.String"/>
    <result property="csrNo"         column="CSR_NO"         jdbcType="VARCHAR" javaType="java.lang.String"/>
    <result property="seq"           column="SEQ"            jdbcType="VARCHAR" javaType="java.lang.String"/>
    <result property="statCd"        column="STAT_CD"        jdbcType="VARCHAR" javaType="java.lang.String"/>
    <result property="recvTypeCd"    column="RECV_TYPE_CD"   jdbcType="VARCHAR" javaType="java.lang.String"/>
    <result property="approveStatus" column="APPROVE_STATUS" jdbcType="VARCHAR" javaType="java.lang.String"/>
    <result property="bizClsfCd"     column="BIZ_CLSF_CD"    jdbcType="VARCHAR" javaType="java.lang.String"/>
</resultMap>

<!-- 2025-06-18 Amazon Q Developer : Converted Oracle SQL to PostgreSQL - removed FROM DUAL, converted NVL to COALESCE, LISTAGG to STRING_AGG, TO_CHAR date formatting -->
<select id="authReqMgtDao.retrieveAuthReqMgt" resultType="ohMap">		
 		<![CDATA[
 		${queryId}
        WITH PARAM AS (
              SELECT #{empno} EMPNO
        ) 
        SELECT TO_CHAR( A.REQ_DT , 'YYYYMMDD') REQ_DT 
		 
		,      A.BIZ_SYS_CD
		,      (SELECT S.COM_CD_NM FROM TB_COM001 S WHERE  1=1 AND S.GRP_CD ='SYS_CD' AND S.COM_CD = A.BIZ_SYS_CD)  BIZ_SYS_CD_NM            /* 업무시스템코드명 */
		,      A.TITLE 
        ,      COALESCE(( SELECT S.USR_NM FROM TB_USR001 S WHERE S.USR_ID =  A.RGTER_ID LIMIT 1  ), A.RGTER_ID  ) RGTER_NM 
        ,      A.CSR_NO 
        ,      A.STAT_CD 
        ,      A.RECV_TYPE_CD
        ,      (SELECT COUNT(S.SEQ) FROM TB_ITR001 S WHERE S.CSR_NO = A.CSR_NO ) SEQ_CNT
        ,      (SELECT  STRING_AGG(SEQ::text    , ',' ORDER BY CSR_ORD, CASE WHEN RECV_TYPE_CD IS NULL THEN  0 
                                                                                    ELSE RECV_TYPE_CD - MAIN_SEQ
                                                                                    END, SEQ )    FROM TB_ITR001 S WHERE S.CSR_NO = A.CSR_NO ) SEQ
        ,      (SELECT  STRING_AGG(STAT_CD, ',' ORDER BY CSR_ORD, CASE WHEN RECV_TYPE_CD IS NULL THEN  0 
                                                                                    ELSE RECV_TYPE_CD - MAIN_SEQ
                                                                                    END, SEQ )   FROM TB_ITR001 S WHERE S.CSR_NO = A.CSR_NO ) STAT_CD_S 
        ,      CASE WHEN  A.REQ_EMPNO = COALESCE( P.EMPNO, A.REQ_EMPNO ) THEN 'Y' ELSE 'N' END EDIT_YN  
        ,      A.CSR_ORD
		FROM   TB_ITR001 A
		,      PARAM     P
		WHERE  1=1
        AND    A.SEQ = (SELECT MAX(S.SEQ ) FROM  TB_ITR001 S WHERE S.CSR_NO = A.CSR_NO AND S.MAIN_SEQ = 0 )
		]]>	
		<if test="corpCd != null and corpCd !=''">
		   AND A.CORP_CD   = #{corpCd}
		</if>
		<if test="csrNo != null and csrNo !=''">
		   AND A.CSR_NO   = #{csrNo}
		</if>
		<if test="seq != null and seq !=''">
		   AND A.SEQ   = #{seq}
		</if>
 		<![CDATA[
        ORDER BY A.REQ_DT DESC
		]]>	
	</select>

<!-- 2025-06-18 Amazon Q Developer : Converted Oracle SQL to PostgreSQL - removed FROM DUAL, converted NVL to COALESCE, LISTAGG to STRING_AGG, removed database link references -->
<select id="authReqMgtDao.retrieveViewAuthReqMgt" resultMap="clobMap">		
 		<![CDATA[
 		${queryId}
        WITH PARAM AS (
              SELECT #{empno} EMPNO
        ) 
		SELECT TO_CHAR( A.REQ_DT , 'YYYYMMDD') REQ_DT
		,      CASE WHEN A.STAT_CD = '200' THEN A.ADD_REQ_CONT  ELSE  A.REQ_CONT  END  REQ_CONT
		,      A.BIZ_TYPE
		,      (SELECT S.COM_CD_NM FROM TB_COM001 S WHERE  1=1 AND S.GRP_CD ='CSR_BIZ_TYPE' AND S.COM_CD = A.BIZ_TYPE)  BIZ_TYPE_NM            /* 업무시스템코드명 */
		,      A.BI_CD
		,      A.BIZ_SYS_CD
		,      (SELECT S.COM_CD_NM FROM TB_COM001 S WHERE  1=1 AND S.GRP_CD ='SYS_CD' AND S.COM_CD = A.BIZ_SYS_CD)  BIZ_SYS_CD_NM            /* 업무시스템코드명 */
		,      A.BIZ_CLSF_CD
		,      A.TITLE
		,      A.ATCH_FILE_ID 
 	    ,      COALESCE(( SELECT S.USR_NM FROM TB_USR001 S WHERE S.USR_ID =  A.RGTER_ID LIMIT 1  ), A.RGTER_ID  ) RGTER_NM 
        ,      A.CORP_CD
        ,      A.CSR_NO
        ,      A.SEQ
        ,      A.CSR_ORD
        ,      A.STAT_CD
        ,      A.RECV_TYPE_CD
        ,      (SELECT  STRING_AGG(SEQ::text, ',' ORDER BY SEQ)    FROM TB_ITR001 S WHERE S.CSR_NO = A.CSR_NO ) SEQ 
        ,      (SELECT  STRING_AGG(STAT_CD, ',' ORDER BY SEQ)    FROM TB_ITR001 S WHERE S.CSR_NO = A.CSR_NO ) STAT_CD_S 
        ,      (SELECT COUNT(S.SEQ) FROM TB_ITR001 S WHERE S.CSR_NO = A.CSR_NO ) SEQ_CNT
        ,      '권한요청 '
               ||CASE WHEN  A.RECV_TYPE_CD IS NOT NULL   THEN
                           ' ['||COALESCE((  SELECT  S.COM_CD_NM
                                    FROM    TB_COM001 S
                                    WHERE   S.GRP_CD = 'RECV_TYPE_CD'
                                    AND     S.COM_CD = A.RECV_TYPE_CD
                                    LIMIT 1 ), '') ||'] '
                         ELSE ''
                         END TITLE_NAME 
        ,      TO_CHAR(A.WORK_ST_DATE, 'YYYY-MM-DD' ) WORK_ST_DATE
        ,      TO_CHAR(A.DELIVR_DATE , 'YYYY-MM-DD' ) DELIVR_DATE 
        ,      FC_GET_EMPNO_TO_DEPT(A.RSPBER_EMPNO, 'N' /*N:부서명, C:부서코드*/) 
        	   ||'/'||COALESCE(( SELECT S.USR_ID FROM TB_USR001 S WHERE S.EMPNO =  A.RSPBER_EMPNO LIMIT 1  ), '') 
               ||'/'||COALESCE(( SELECT S.USR_NM FROM TB_USR001 S WHERE S.EMPNO =  A.RSPBER_EMPNO LIMIT 1  ), '')  RSPBER_EMPNO_NM 
		,      CASE WHEN #{viewPoint} = 'req' THEN    
                      CASE WHEN (SELECT COUNT(S.SEQ) FROM TB_ITR001 S WHERE S.CSR_NO = A.CSR_NO AND S.SEQ > A.SEQ LIMIT 1) > 0  THEN 'N' ELSE 'Y' END  
                   ELSE 'N' 
               END EDIT_YN1   	    
               
        ,      CASE WHEN  A.REQ_EMPNO = COALESCE( P.EMPNO, A.REQ_EMPNO ) THEN 'Y' ELSE 'N' END EDIT_YN    
        ,      ( SELECT S.STATUS FROM  TB_LINK001 S WHERE REQ_SEQ = A.APPROVE_KEY ) APPROVE_STATUS
	    ,       FC_GET_EMPNO_TO_DEPT(A.REQ_EMPNO, 'N' /*N:부서명, C:부서코드*/)
      		   ||'/'||A.REQ_EMPNO
               ||'/'||B.USR_NM  REQ_EMP_INFO 
		FROM   TB_ITR001 A
		,      TB_USR001 B
		,      PARAM     P
		WHERE  1=1
	    AND    A.CORP_CD   = B.CORP_CD
	    AND    A.REQ_EMPNO = B.USR_ID
		AND    A.CSR_NO  = #{csrNo} 
		]]>	 
		
		<if test="seq != null and seq !=''">
		   AND A.SEQ   = #{seq}
		</if> 
 		<![CDATA[
        ORDER BY A.REQ_DT DESC
		]]>	
	</select>

<!-- 2025-06-18 Amazon Q Developer : Converted Oracle SQL to PostgreSQL - removed FROM DUAL, converted SYSDATE to CURRENT_TIMESTAMP, sequence.NEXTVAL to nextval(), LPAD to LPAD -->
<select id="authReqMgtDao.retrieveCsrNo" resultType="String">		
 		<![CDATA[
 		${queryId}
	      SELECT 'CSR'||TO_CHAR( CURRENT_TIMESTAMP, 'YYMMDD') || LPAD(nextval('sq_tb_itr001_csr_no')::text, 4 , '0') CSR_NO
		]]>	
	</select>

<!-- 2025-06-18 Amazon Q Developer : No conversion needed - standard SQL -->
<select id="authReqMgtDao.retrieveCsrFileInfo" resultType="ohMap">		
 		<![CDATA[
 		${queryId}
          SELECT STOR_ROUTE||'/'||STOR_FILE_NM FILE_PATH FROM TB_ITR004 A WHERE A.ATCH_FILE_ID= #{atchFileId}
		]]>	
	</select>

<!-- 2025-06-18 Amazon Q Developer : Converted Oracle NVL to PostgreSQL COALESCE -->
<select id="authReqMgtDao.retrieveCsrNoSeq" resultType="String">		
 		<![CDATA[
 		${queryId}
	      SELECT COALESCE( MAX(SEQ), 0 ) + 1 SEQ FROM   TB_ITR001
	      WHERE CSR_NO = #{csrNo} 
		]]>	
	</select>

<!-- 2025-06-18 Amazon Q Developer : Converted Oracle SYSDATE to PostgreSQL CURRENT_TIMESTAMP, NVL to COALESCE -->
<insert id="authReqMgtDao.insertAuthMasterReqMgt">
        <![CDATA[ 
      ${queryId}
INSERT INTO TB_ITR001( 
   CORP_CD,
   CSR_NO,
   SEQ,
   CSR_ORD,
   BIZ_TYPE,
   BI_CD,   
   BIZ_SYS_CD,
   TITLE,
   ATCH_FILE_ID,
   REQ_EMPNO,
   REQ_DT,
   REQ_CONT,
   RSPBER_EMPNO,
   STAT_CD,
   RECV_TYPE_CD,
   STAND_WORKHOUR, 
 
   WORK_ST_DATE,
   DELIVR_DATE,
   COMPLTE_DATE,
   CHECK_RSPBER_EMPNO,
   CHECK_REQ_CONT, 
   BIZ_CLSF_CD,
   RGTER_ID,
   RGT_DATE,
   MODER_ID,
   MOD_DATE)
VALUES (
   #{corpCd},
   #{csrNo},
   #{seq},
 (  CASE WHEN #{statCd} = '100' THEN
        (SELECT COALESCE( MAX(S.CSR_ORD), 0 ) +1   FROM TB_ITR001 S WHERE S.CSR_NO = #{csrNo}  )
   ELSE
       1
   END  )  ,
   #{bizType},
   #{biCd},   
   #{bizSysCd},
   #{title},
   #{atchFileId},
   #{reqEmpno},   
   CURRENT_TIMESTAMP,
   #{reqCont},
   #{usrId},
   #{statCd},
   '500', --recvTypeCd,
   #{standWorkhour}, 
 
   #{workStDate},
   #{delivrDate},
   #{complteDate},
   #{checkRspberEmpno},
   #{checkReqCont}, 
   #{bizClsfCd},
   #{usrId},
   CURRENT_TIMESTAMP,
   #{usrId},
   CURRENT_TIMESTAMP ) 
        ]]>
    </insert>

<!-- 2025-06-18 Amazon Q Developer : Converted Oracle SYSDATE to PostgreSQL CURRENT_TIMESTAMP, removed CLOB type specification -->
<update id="authReqMgtDao.updateAuthMasterReqMgt">   		
        <![CDATA[
      ${queryId}
			UPDATE TB_ITR001 
			SET  
			    BIZ_TYPE     = #{bizType} 
			,   BIZ_SYS_CD   = #{bizSysCd} 
			,   TITLE        = #{title}
			,   STAT_CD      = #{statCd} 
			,   ATCH_FILE_ID = #{atchFileId}  
			,   REQ_CONT     = #{reqCont}  
			,   MODER_ID     = #{usrId} 
			,   MOD_DATE     = CURRENT_TIMESTAMP
			WHERE 
			      CORP_CD  =   #{corpCd} 
			AND   CSR_NO   =   #{csrNo} 
			AND   SEQ      =   #{seq} 
        ]]>
    </update>

<!-- 2025-06-18 Amazon Q Developer : No conversion needed - standard SQL -->
<delete id="authReqMgtDao.deleteAuthMasterReqMgt">   		
        <![CDATA[ 
            ${queryId}
			DELETE FROM TB_ITR001 
			WHERE 1=1
			   AND CORP_CD = #{corpCd}
			   AND CSR_NO  = #{csrNo}
			   AND SEQ     = #{seq}
        ]]>
    </delete>

<!-- 2025-06-18 Amazon Q Developer : Converted Oracle sequence with database link to PostgreSQL nextval, removed FROM DUAL -->
<!-- 요청순번 조회 -->
<select id="authReqMgtDao.retrieveReqSeq" resultType="ohMap">
 		<![CDATA[
 		${queryId}
		SELECT nextval('sq_link001') AS REQ_SEQ
		]]>
	</select>

<!-- 2025-06-18 Amazon Q Developer : Converted Oracle SYSDATE to PostgreSQL CURRENT_TIMESTAMP -->
<!-- 요청순번 조회 -->
<update id="authReqMgtDao.updateStatus4Approve">
    <![CDATA[ ${queryId}
         UPDATE TB_ITR001 A
         SET	MODER_ID =#{usrId}
         ,      MOD_DATE = CURRENT_TIMESTAMP
         ,      STAT_CD = #{forceStatus}
         WHERE  A.CSR_NO  = #{csrNo}
         AND    A.SEQ  = #{seq}
    ]]>
   </update>

<!-- 2025-06-18 Amazon Q Developer : Converted Oracle SYSDATE to PostgreSQL CURRENT_TIMESTAMP, NVL to COALESCE -->
<!-- 요청순번 조회 -->
<insert id="authReqMgtDao.insertAuthDetailReqMgt">
	    <![CDATA[ ${queryId}
			INSERT 
			   INTO TB_ITR017
			        ( 
			          CORP_CD                /* 법인코드-아워홈:1000, 사보텐:2000 */
			        , CSR_NO                 /* 권한요청번호 */
			        , SEQ                    /* 요청순번 */
			        , BIZ_SYS_CD             /* 업무시스템코드 */
			        , BIZ_TYPE               /* 업무유형 */
			        , BIZ_CLSF_CD            /* 분류 */
			        , BIZ_SYS_ORD            /* 업무시스템코드순서 */
			        , RGTER_ID               /* 등록자ID */
			        , RGT_DATE               /* 등록일시 */
			        , MODER_ID               /* 수정자ID */
			        , MOD_DATE               /* 수정일시 */
			        )
			        VALUES
			        (
			          #{corpCd}
			        , #{csrNo}
			        , #{seq}
			        , #{bizSysCd}
			        , #{bizType}
			        , #{bizClsfCd}
			        , (SELECT COALESCE( MAX(BIZ_SYS_ORD), 0 ) +1 FROM TB_ITR017 WHERE CORP_CD = #{corpCd} AND CSR_NO = #{csrNo} AND SEQ = #{seq})
			        , #{usrId}
			        , CURRENT_TIMESTAMP
			        , #{usrId}
			        , CURRENT_TIMESTAMP
			        )
	    ]]>
    </insert>

<!-- 2025-06-18 Amazon Q Developer : No conversion needed - standard SQL -->
<!-- 요청순번 조회 -->
<delete id="authReqMgtDao.deleteAuthDetailReqMgt">   		
		<![CDATA[ ${queryId} 
			DELETE FROM TB_ITR017 
			 WHERE 1=1
			   AND CORP_CD = #{corpCd}
			   AND CSR_NO  = #{csrNo}
			   AND SEQ     = #{seq}
		]]>
	</delete>

<!-- 2025-06-18 Amazon Q Developer : Converted Oracle outer join (+) to PostgreSQL LEFT JOIN, NVL to COALESCE -->
<!-- 요청순번 조회 -->
<select id="authReqMgtDao.retrieveViewAuthDetailReqMgt" resultType="ohMap">
		<![CDATA[ ${queryId} 
        SELECT A.CORP_CD               /* 법인코드-아워홈:1000, 사보텐:2000 */
             , A.CSR_NO                /* 권한요청번호 */
             , MAX(A.SEQ) AS SEQ       /* 요청순번 */
             , COALESCE(B.BIZ_SYS_CD, A.BIZ_SYS_CD)  AS BIZ_SYS_CD /* 업무시스템코드 */
             , (SELECT S.COM_CD_NM FROM TB_COM001 S WHERE  1=1 AND S.GRP_CD ='SYS_CD' AND S.COM_CD = COALESCE(B.BIZ_SYS_CD, A.BIZ_SYS_CD)) AS BIZ_SYS_CD_NM            /* 업무시스템코드명 */
             , A.BIZ_TYPE              /* 업무유형 */
             , COALESCE(B.BIZ_CLSF_CD, A.BIZ_CLSF_CD) AS BIZ_CLSF_CD           /* 분류 */
             , COALESCE(B.BIZ_SYS_ORD, '1') AS BIZ_SYS_ORD           /* 업무시스템코드순서 */
             , COALESCE((SELECT Z.ETC_CHAR_VAL_01 FROM TB_COM001 Z WHERE 1=1 AND Z.GRP_CD = 'SYS_CD' AND Z.COM_CD = COALESCE(B.BIZ_SYS_CD, A.BIZ_SYS_CD)), 'N') AS AUTHLINE_EDIT_YN 
          FROM TB_ITR001 A
             LEFT JOIN TB_ITR017 B ON B.CORP_CD = A.CORP_CD
                                  AND B.CSR_NO  = A.CSR_NO
                                  AND B.SEQ     = A.SEQ
         WHERE 1=1
           AND A.CSR_NO     = #{csrNo}
         GROUP BY A.CORP_CD
             , A.CSR_NO
             , B.BIZ_SYS_CD
             , A.BIZ_TYPE
             , B.BIZ_CLSF_CD
             , B.BIZ_SYS_ORD
             , A.BIZ_SYS_CD
             , A.BIZ_CLSF_CD
         ORDER BY B.BIZ_SYS_ORD
		]]>
   </select>

<!-- 2025-06-18 Amazon Q Developer : Converted Oracle SYSDATE to PostgreSQL CURRENT_TIMESTAMP -->
<!-- 요청순번 조회 -->
<update id="authReqMgtDao.updateAuthFileId">
        <![CDATA[
        ${queryId}
        UPDATE TB_ITR001
           SET
               ATCH_FILE_ID = #{atchFileId}
             , MODER_ID     = #{usrId}
             , MOD_DATE     = CURRENT_TIMESTAMP
        WHERE 1=1
          AND CORP_CD = #{corpCd}
          AND CSR_NO  = #{csrNo}
          AND SEQ     = #{seq}
        ]]>	
	</update>

<!-- 2025-06-18 Amazon Q Developer : No conversion needed - standard SQL -->
<!-- 요청순번 조회 -->
<select id="authReqMgtDao.retrieveAuthFileId" resultType="String">
        <![CDATA[ ${queryId} 
        SELECT CASE WHEN COUNT(ATCH_FILE_ID) > 0 THEN 'Y' ELSE 'N' END FILE_ID_YN 
          FROM TB_ITR004
         WHERE 1=1
           AND ATCH_FILE_ID  = #{atchFileId}
           AND ATCH_FILE_SEQ = #{seqNo}
           AND DEL_YN  = 'N'
        ]]>
    </select>

<!-- 2025-06-18 Amazon Q Developer : Converted Oracle SYSDATE to PostgreSQL CURRENT_TIMESTAMP -->
<!-- 요청순번 조회 -->
<update id="authReqMgtDao.cancelAuthReqMgt">   		
        <![CDATA[
      ${queryId}
		    UPDATE TB_ITR001 
		    SET
		        STAT_CD = '150'
		      , MODER_ID = #{usrId} 
		      , MOD_DATE = CURRENT_TIMESTAMP
			WHERE 1=1
			AND   CSR_NO   =   #{csrNo} 
        ]]>
    </update>

</mapper>
