<?xml version="1.0" encoding="UTF-8"?>
<!DOCTYPE mapper   PUBLIC "-//mybatis.org//DTD Mapper 3.0//EN" "http://mybatis.org/dtd/mybatis-3-mapper.dtd">

<mapper namespace="csrApiDao"> 
 <resultMap id="clobMap" type="ohMap" >
	<result property="corpCd"          column="CORP_CD"            jdbcType="VARCHAR" javaType="java.lang.String"/>
	<result property="csrNo"           column="CSR_NO"             jdbcType="VARCHAR" javaType="java.lang.String"/>
	<result property="bizSysCd"        column="BIZ_SYS_CD"         jdbcType="VARCHAR" javaType="java.lang.String"/>
	<result property="reqEmpno"        column="REQ_EMPNO"          jdbcType="VARCHAR" javaType="java.lang.String"/>
	<result property="reqEmpnoNm"      column="REQ_EMPNO_NM"       jdbcType="VARCHAR" javaType="java.lang.String"/>
	<result property="title"           column="TITLE"              jdbcType="VARCHAR" javaType="java.lang.String"/>
	<result property="workLevel"       column="WORK_LEVEL"         jdbcType="VARCHAR" javaType="java.lang.String"/>
	<result property="workLevelNm"     column="WORK_LEVEL_NM"      jdbcType="VARCHAR" javaType="java.lang.String"/>
	<result property="testType"        column="TEST_TYPE"          jdbcType="VARCHAR" javaType="java.lang.String"/>
	<result property="testTypeNm"      column="TEST_TYPE_NM"       jdbcType="VARCHAR" javaType="java.lang.String"/>
	<result property="testId"          column="TEST_ID"            jdbcType="VARCHAR" javaType="java.lang.String"/>
	<result property="testNm"          column="TEST_NM"            jdbcType="VARCHAR" javaType="java.lang.String"/>
	<result property="testPrfmEmpno"   column="TEST_PRFM_EMPNO"    jdbcType="VARCHAR" javaType="java.lang.String"/>
	<result property="testPrfmEmpnoNm" column="TEST_PRFM_EMPNO_NM" jdbcType="VARCHAR" javaType="java.lang.String"/>
	<result property="sutblYn"         column="SUTBL_YN"           jdbcType="VARCHAR" javaType="java.lang.String"/>
	<result property="statCd"          column="STAT_CD"            jdbcType="VARCHAR" javaType="java.lang.String"/>
	<result property="statCdNm"        column="STAT_CD_NM"         jdbcType="VARCHAR" javaType="java.lang.String"/>
	<result property="testCaseNo"      column="TEST_CASE_NO"       jdbcType="VARCHAR" javaType="java.lang.String"/>
	<result property="testCnts"        column="TEST_CNTS"          jdbcType="CLOB"    javaType="java.lang.String"/>
	<result property="testExpctRslt"   column="TEST_EXPCT_RSLT"    jdbcType="CLOB"    javaType="java.lang.String"/>
	<result property="nonSutblCnts"    column="NON_SUTBL_CNTS"     jdbcType="CLOB"    javaType="java.lang.String"/>
	<result property="testInputCnts"   column="TEST_INPUT_CNTS"    jdbcType="CLOB"    javaType="java.lang.String"/>
	<result property="comCd"           column="COM_CD"             jdbcType="VARCHAR" javaType="java.lang.String"/>
	<result property="comCdNm"         column="COM_CD_NM"          jdbcType="VARCHAR" javaType="java.lang.String"/>
</resultMap>

<resultMap id="apiMap" type="ohMap" >
	<result property="RELCODE"     column="RELCODE"          jdbcType="VARCHAR" javaType="java.lang.String"/>
	<result property="INTFACEID"   column="INTFACEID"        jdbcType="VARCHAR" javaType="java.lang.String"/>
	<result property="ISID"        column="ISID"             jdbcType="VARCHAR" javaType="java.lang.String"/>
	<result property="SYSCODE"     column="SYSCODE"          jdbcType="VARCHAR" javaType="java.lang.String"/>
	<result property="JOBCODE"     column="JOBCODE"          jdbcType="VARCHAR" javaType="java.lang.String"/>
	<result property="TITLE"       column="TITLE"            jdbcType="VARCHAR" javaType="java.lang.String"/>
	<result property="DETAIL"      column="DETAIL"           jdbcType="VARCHAR" javaType="java.lang.String"/>
	<result property="REQUSERID"   column="REQUSERID"        jdbcType="VARCHAR" javaType="java.lang.String"/>
	<result property="REQUSERNAME" column="REQUSERNAME"      jdbcType="VARCHAR" javaType="java.lang.String"/>
	<result property="REGUSID"     column="REGUSID"          jdbcType="VARCHAR" javaType="java.lang.String"/>
	<result property="REGUSERNAME" column="REGUSERNAME"      jdbcType="VARCHAR" javaType="java.lang.String"/>
</resultMap>
    <!-- ############################################################ ITMS - 형상관리 인터페이스 수신 -->
    <update id="csrApiDao.updateDevCompleteITSM02">
        <![CDATA[
        ${queryId}
        /* 개발완료-(형상관리->ITSM) */
        MERGE INTO  ITSM_INF.IF_ITSM_TB_ITR060_R A USING
        (SELECT #{RELCODE}     AS RELCODE
              , #{RELCODESEQ} AS RELCODE_SEQ
              , #{INTFACEID}   AS INTFACEID
              , #{ISID}        AS ISID
         FROM DUAL    ) B
         ON (     A.RELCODE     = B.RELCODE
              AND A.RELCODE_SEQ = B.RELCODE_SEQ
              AND A.INTFACEID   = B.INTFACEID
              AND A.ISID        = B.ISID
            )
         WHEN MATCHED THEN
            UPDATE
               SET PROCUSERID   = #{PROCUSERID}
                 , PROCUSERNAME = #{PROCUSERNAME}
                 , PROCENDDATE  = TO_DATE(#{PROCENDDATE},'YYYYMMDDHH24MISS')
                 , RGTER_ID     = #{empno}
                 , RGT_DATE     = SYSDATE
                 , MODER_ID     = #{empno}
                 , MOD_DATE     = SYSDATE
         WHEN NOT MATCHED THEN
            INSERT
                 ( RELCODE
                 , RELCODE_SEQ
                 , INTFACEID
                 , ISID
                 , PROCUSERID
                 , PROCUSERNAME
                 , PROCENDDATE
                 , RGTER_ID
                 , RGT_DATE
                 , MODER_ID
                 , MOD_DATE
                 )
            VALUES
                 ( #{RELCODE}
                 , #{RELCODESEQ}
                 , #{INTFACEID}
                 , #{ISID}
                 , #{PROCUSERID}
                 , #{PROCUSERNAME}
                 , TO_DATE(#{PROCENDDATE},'YYYYMMDDHH24MISS')
                 , #{empno}
                 , SYSDATE
                 , #{empno}
                 , SYSDATE
                 )

        ]]>
    </update>
    
    <!-- CSR 개발완료 -> 테스트 가능하도록 진행단계를 업데이트. -->
    <insert id="csrApiDao.updateCsrProgressStep">
        <![CDATA[
        ${queryId}
        /* CSR 진행단계(TEST) */
        UPDATE TB_ITR001
           SET PRGSG_STEP = #{prgsgStep}    /*진헹단계(T:테스트,R:재개발,D:배포완료,C:전체완료) */
        ]]>
        <choose>
            <when test='prgsgStep=="D"'>
             , STAT_CD = '900'
            </when>
        </choose>
        <![CDATA[
             , MODER_ID   = #{empno}
             , MOD_DATE   = SYSDATE
         WHERE CSR_NO = #{RELCODE}
           AND SEQ    = #{RELCODESEQ}
        ]]>
    </insert>
    
    <insert id="csrApiDao.updateProjectProgressStep">
        <![CDATA[
        ${queryId}
        /* 프로젝트 진행단계(TEST) */
        UPDATE TB_ITR040
           SET PRGSG_STEP = #{prgsgStep}    /*진헹단계(T:테스트,R:재개발,D:배포완료,C:전체완료) */
        ]]>
        <choose>
            <when test='prgsgStep=="D"'>
             , STAT_CD = '900'
            </when>
        </choose>
        <![CDATA[
             , MODER_ID   = #{empno}
             , MOD_DATE   = SYSDATE
         WHERE PJT_KEY = #{RELCODE}
        ]]>
    </insert>
    

    <update id="csrApiDao.updateDistributeComplateITSM04">
        <![CDATA[
        ${queryId}
        /* 단계완료-형상관리->ITSM */
       MERGE INTO  ITSM_INF.IF_ITSM_TB_ITR060_R A USING
        (SELECT #{RELCODE}     AS RELCODE
              , #{RELCODESEQ} AS RELCODE_SEQ
              , #{INTFACEID}   AS INTFACEID
              , #{ISID}        AS ISID
         FROM DUAL    ) B
         ON (     A.RELCODE     = B.RELCODE
              AND A.RELCODE_SEQ = B.RELCODE_SEQ
              AND A.INTFACEID   = B.INTFACEID
              AND A.ISID        = B.ISID
            )
         WHEN MATCHED THEN
            UPDATE
               SET PROCUSERID   = #{PROCUSERID}
                 , PROCUSERNAME = #{PROCUSERNAME}
                 , PROCENDDATE  = TO_DATE(#{PROCENDDATE},'YYYYMMDDHH24MISS')
                 , RGTER_ID     = #{empno}
                 , RGT_DATE     = SYSDATE
                 , MODER_ID     = #{empno}
                 , MOD_DATE     = SYSDATE
         WHEN NOT MATCHED THEN
            INSERT
                 ( RELCODE
                 , RELCODE_SEQ
                 , INTFACEID
                 , ISID
                 , PROCUSERID
                 , PROCUSERNAME
                 , PROCENDDATE
                 , RGTER_ID
                 , RGT_DATE
                 , MODER_ID
                 , MOD_DATE
                 )
            VALUES
                 ( #{RELCODE}
                 , #{RELCODESEQ}
                 , #{INTFACEID}
                 , #{ISID}
                 , #{PROCUSERID}
                 , #{PROCUSERNAME}
                 , TO_DATE(#{PROCENDDATE},'YYYYMMDDHH24MISS')
                 , #{empno}
                 , SYSDATE
                 , #{empno}
                 , SYSDATE
                 )
        ]]>
    </update>
    
    <update id="csrApiDao.updateReDistributeComplateITSM08">
        <![CDATA[
        ${queryId}
        /* 재배포반송-형상관리->ITSM */
       MERGE INTO  ITSM_INF.IF_ITSM_TB_ITR060_R A USING
        (SELECT #{RELCODE}     AS RELCODE
              , #{RELCODESEQ} AS RELCODE_SEQ
              , #{INTFACEID}   AS INTFACEID
              , #{ISID}        AS ISID
         FROM DUAL    ) B
         ON (     A.RELCODE     = B.RELCODE
              AND A.RELCODE_SEQ = B.RELCODE_SEQ
              AND A.INTFACEID   = B.INTFACEID
              AND A.ISID        = B.ISID
            )
         WHEN MATCHED THEN
            UPDATE
               SET PROCUSERID   = #{PROCUSERID}
                 , PROCUSERNAME = #{PROCUSERNAME}
                 , PROCENDDATE  = TO_DATE(#{PROCENDDATE},'YYYYMMDDHH24MISS')
                 , RGTER_ID     = #{empno}
                 , RGT_DATE     = SYSDATE
                 , MODER_ID     = #{empno}
                 , MOD_DATE     = SYSDATE
         WHEN NOT MATCHED THEN
            INSERT
                 ( RELCODE
                 , RELCODE_SEQ
                 , INTFACEID
                 , ISID
                 , PROCUSERID
                 , PROCUSERNAME
                 , PROCENDDATE
                 , RGTER_ID
                 , RGT_DATE
                 , MODER_ID
                 , MOD_DATE
                 )
            VALUES
                 ( #{RELCODE}
                 , #{RELCODESEQ}
                 , #{INTFACEID}
                 , #{ISID}
                 , #{PROCUSERID}
                 , #{PROCUSERNAME}
                 , TO_DATE(#{PROCENDDATE},'YYYYMMDDHH24MISS')
                 , #{empno}
                 , SYSDATE
                 , #{empno}
                 , SYSDATE
                 )
        ]]>
    </update>
    
    <!-- ############################################################ ITMS - 형상관리 인터페이스 송신시작 -->
    <select id="csrApiDao.selectInterFaceSendITSM01" resultMap="apiMap">
    <![CDATA[
        ${queryId}
        SELECT 'ITSM_01'                                                                        AS INTFACEID
             , BIZ_SYS_CD                                                                       AS SYSCODE
             , 'J001'                                                                           AS JOBCODE
             ,  A.CSR_NO||'-'||A.SEQ                                                            AS RELCODE
             , REPLACE(A.TITLE, '&', ',')                                                       AS TITLE
             , REPLACE(TO_CHAR(DBMS_LOB.SUBSTR(A.REQ_CONT, 4000)),'&',',')                      AS DETAIL
             , A.REQ_EMPNO                                                                      AS REQUSERID
             , (SELECT S.USR_NM FROM TB_USR001 S WHERE S.USR_ID = A.REQ_EMPNO AND ROWNUM =1)    AS REQUSERNAME
             , A.RSPBER_EMPNO                                                                   AS REGUSID     /* 접수-담당자 */
             , (SELECT S.USR_NM FROM TB_USR001 S WHERE S.USR_ID = A.RSPBER_EMPNO AND ROWNUM =1) AS REGUSERNAME
          FROM TB_ITR001 A
         WHERE A.CSR_NO = #{csrNo}
           AND A.SEQ    = #{seq}
         UNION ALL
        SELECT 'ITSM_01'                                                                         AS INTFACEID
             , 'NSS'                                                                             AS SYSCODE
             , 'J001'                                                                            AS JOBCODE
             , A.PJT_KEY                                                                         AS RELCODE
             , A.PJT_NAME                                                                        AS TITLE
             , TO_CHAR(DBMS_LOB.SUBSTR(A.PJT_SUMMRY, 4000))                                      AS DETAIL
             , A.REQ_EMPNO                                                                       AS REQUSERID
             , (SELECT S.USR_NM FROM TB_USR001 S WHERE S.USR_ID = A.REQ_EMPNO AND ROWNUM =1)     AS REQUSERNAME
             , A.IT_RESP_EMPNO                                                                   AS REGUSID      /* IT담당자 */
             , (SELECT S.USR_NM FROM TB_USR001 S WHERE S.USR_ID = A.IT_RESP_EMPNO AND ROWNUM =1) AS REGUSERNAME
          FROM TB_ITR040 A
         WHERE A.PJT_KEY = #{csrNo}
    ]]>
    </select>
    
    <update id="csrApiDao.insertInterFaceSendITSM01">
    <![CDATA[
        ${queryId}
        /* CSR등록 승인 : ITSM -> 형상관리인터페이스 ITSM_01 */
        MERGE INTO  ITSM_INF.IF_ITSM_TB_ITR060_S A USING
        (SELECT #{relcode}   AS RELCODE
              , #{relcodeseq}  AS RELCODESEQ
              , #{intfaceid} AS INTFACEID
              , #{isid}      AS ISID
         FROM DUAL    ) B
         ON (     A.RELCODE   = B.RELCODE
              AND A.RELCODE_SEQ = B.RELCODESEQ
              AND A.INTFACEID = B.INTFACEID
              AND A.ISID      = B.ISID
            )
         WHEN MATCHED THEN
            UPDATE
               SET SYSCODE     = #{syscode}
                 , JOBCODE     = #{jobcode}
                 , TITLE       = #{title}
                 , DETAIL      = #{detail}
                 , REQUSERID   = #{requserid}
                 , REQUSERNAME = #{requsername}
                 , REGUSID     = #{regusid}
                 , REGUSERNAME = #{regusername}
         WHEN NOT MATCHED THEN
            INSERT
                 ( RELCODE
                 , RELCODE_SEQ
                 , INTFACEID
                 , ISID
                 , SYSCODE
                 , JOBCODE
                 , TITLE
                 , DETAIL
                 , REQUSERID
                 , REQUSERNAME
                 , REGUSID
                 , REGUSERNAME
                 )
            VALUES
                 ( #{relcode}
                 , #{relcodeseq}
                 , #{intfaceid}
                 , #{isid}
                 , #{syscode}
                 , #{jobcode}
                 , #{title}
                 , #{detail}
                 , #{requserid}
                 , #{requsername}
                 , #{regusid}
                 , #{regusername}
                 )
    ]]>	
    </update>

    <select id="csrApiDao.selectInterFaceSendITSM03" resultType="ohMap">
    <![CDATA[
        ${queryId}
        SELECT 'ITSM_03'                                                                  AS INTFACEID 
             , NVL((SELECT MAX(Z.ISID) FROM ITSM_INF.IF_ITSM_TB_ITR060_S Z WHERE Z.RELCODE = A.CSR_NO AND Z.RELCODE_SEQ = A.SEQ AND Z.INTFACEID = 'ITSM_01'),1) AS ISID
             , BIZ_SYS_CD                                                                 AS SYSCODE
             , A.CSR_NO||'-'||A.SEQ                                                       AS RELCODE
             , #{sysAplyRspber}                                                           AS DEPUSERID
             , #{sysAplyRspberNm}                                                         AS DEPUSERNAME
             , TO_CHAR(SYSDATE,'YYYYMMDD')                                                AS DEPREQDATE
          FROM TB_ITR001 A
         WHERE A.CSR_NO    = #{csrNo}
           AND A.SEQ       = #{seq}
         UNION ALL
        SELECT 'ITSM_03'                                                                  AS INTFACEID 
             , NVL((SELECT MAX(Z.ISID) FROM ITSM_INF.IF_ITSM_TB_ITR060_S Z WHERE Z.RELCODE = A.PJT_KEY AND Z.INTFACEID = 'ITSM_01'),1) AS ISID
             , 'NSS'																	  AS SYSCODE
             , A.PJT_KEY                                                                  AS RELCODE
             , #{sysAplyRspber}                                                           AS DEPUSERID
             , #{sysAplyRspberNm}                                                         AS DEPUSERNAME
             , TO_CHAR(SYSDATE,'YYYYMMDD')                                                AS DEPREQDATE
          FROM TB_ITR040 A
         WHERE A.PJT_KEY   = #{csrNo}
    ]]>
    </select>
    
    <update id="csrApiDao.insertInterFaceSendITSM03">
    <![CDATA[
        ${queryId}
        /* CSR배포승인요청 : ITSM -> 형상관리인터페이스 ITSM_03 */
        MERGE INTO  ITSM_INF.IF_ITSM_TB_ITR060_S A USING
        (SELECT #{relcode}   AS RELCODE
              , #{relcodeseq} AS RELCODESEQ
              , #{INTFACEID} AS INTFACEID
              , #{ISID}      AS ISID
         FROM DUAL    ) B
         ON (     A.RELCODE   = B.RELCODE
              AND A.INTFACEID = B.INTFACEID
              AND A.ISID      = B.ISID
            )
         WHEN MATCHED THEN
            UPDATE
               SET DEPUSERID   = #{depuserid}
                 , DEPUSERNAME = #{depusername}
         WHEN NOT MATCHED THEN
            INSERT
                 ( RELCODE
                 , RELCODE_SEQ
                 , INTFACEID
                 , ISID
                 , DEPUSERID
                 , DEPUSERNAME
                 )
            VALUES
                 ( #{relcode}
                 , #{relcodeseq}
                 , #{intfaceid}
                 , #{isid}
                 , #{depuserid}
                 , #{depusername}
                 )
    ]]>	
    </update>

    <select id="csrApiDao.selectInterFaceSendITSM05" resultMap="apiMap">
    <![CDATA[
        ${queryId}
        SELECT 'ITSM_05'                                                                  AS INTFACEID 
             , NVL((SELECT MAX(Z.ISID) FROM ITSM_INF.IF_ITSM_TB_ITR060_S Z WHERE Z.RELCODE = A.CSR_NO AND Z.INTFACEID = 'ITSM_01'),1) AS ISID
             , A.CSR_NO||'-'||A.SEQ                                                       AS RELCODE
             , ''                                                                         AS DENDMSG
             , #{empno}                                                                   AS REJUSERID
             , (SELECT S.USR_NM FROM TB_USR001 S WHERE S.USR_ID = A.REQ_EMPNO AND ROWNUM =1)  AS REJUSERNAME
             , TO_CHAR(SYSDATE,'YYYYMMDD')                                                AS REJENDDATE
             , ''                                                                         AS PRJCODE
             , BIZ_SYS_CD                                                                 AS SYSCODE
          FROM TB_ITR001 A
         WHERE A.CSR_NO    = #{csrNo}
           AND A.SEQ       = #{seq}
         UNION ALL
        SELECT 'ITSM_05'                                                                  AS INTFACEID 
             , NVL((SELECT MAX(Z.ISID) FROM ITSM_INF.IF_ITSM_TB_ITR060_S Z WHERE Z.RELCODE = A.PJT_KEY AND Z.INTFACEID = 'ITSM_01'),1) AS ISID
             , A.PJT_KEY                                                                  AS RELCODE
             , ''																		  AS DENDMSG
             , #{sysAplyRspber}                                                           AS REJUSERID
             , #{sysAplyRspberNm}                                                         AS REJUSERNAME
             , TO_CHAR(SYSDATE,'YYYYMMDD')                                                AS REJENDDATE
             , ''																		  AS PRJCODE
             , 'NSS'																	  AS SYSCODE
          FROM TB_ITR040 A
         WHERE A.PJT_KEY   = #{csrNo}
    ]]>
    </select>
    
    <update id="csrApiDao.insertInterFaceSendITSM05">
    <![CDATA[
        ${queryId}
        /* CSR 반송 : ITSM -> 형상관리인터페이스 ITSM_05 */
        MERGE INTO  ITSM_INF.IF_ITSM_TB_ITR060_S A USING
        (SELECT #{relcode}   AS RELCODE
              , #{relcodeseq}  AS RELCODESEQ
              , #{intfaceid} AS INTFACEID
              , #{isid}      AS ISID
         FROM DUAL    ) B
         ON (     A.RELCODE   = B.RELCODE
              AND A.RELCODE_SEQ = B.RELCODESEQ
              AND A.INTFACEID = B.INTFACEID
              AND A.ISID      = B.ISID
            )
         WHEN MATCHED THEN
            UPDATE
               SET SYSCODE     = #{syscode}
                 , JOBCODE     = #{jobcode}
                 , TITLE       = #{title}
                 , DETAIL      = #{detail}
                 , REQUSERID   = #{requserid}
                 , REQUSERNAME = #{requsername}
                 , REGUSID     = #{regusid}
                 , REGUSERNAME = #{regusername}
         WHEN NOT MATCHED THEN
            INSERT
                 ( RELCODE
                 , RELCODE_SEQ
                 , INTFACEID
                 , ISID
                 , SYSCODE
                 , JOBCODE
                 , TITLE
                 , DETAIL
                 , REQUSERID
                 , REQUSERNAME
                 , REGUSID
                 , REGUSERNAME
                 )
            VALUES
                 ( #{relcode}
                 , #{relcodeseq}
                 , #{intfaceid}
                 , #{isid}
                 , #{syscode}
                 , #{jobcode}
                 , #{title}
                 , #{detail}
                 , #{requserid}
                 , #{requsername}
                 , #{regusid}
                 , #{regusername}
                 )
    ]]>	
    </update>

   <select id="csrApiDao.selectInterFaceSendITSM06" resultType="ohMap">
    <![CDATA[
        ${queryId}
        SELECT 'ITSM_06'                                                                  AS INTFACEID 
             , NVL((SELECT MAX(Z.ISID) FROM ITSM_INF.IF_ITSM_TB_ITR060_S Z WHERE Z.RELCODE = A.CSR_NO AND Z.RELCODE_SEQ = A.SEQ AND Z.INTFACEID = 'ITSM_01'),1) AS ISID
             , BIZ_SYS_CD                                                                 AS SYSCODE
             , A.CSR_NO||'-'||A.SEQ                                                       AS RELCODE
             , #{sysAplyRspber}                                                           AS CANUSERID
             , #{sysAplyRspberNm}                                                         AS CANUSERNAME
             , TO_CHAR(SYSDATE,'YYYYMMDD')                                                AS CANENDDATE
          FROM TB_ITR001 A
         WHERE A.CSR_NO    = #{csrNo}
           AND A.SEQ       = #{seq}
    ]]>
    </select>
    
    <update id="csrApiDao.insertInterFaceSendITSM06">
    <![CDATA[
        ${queryId}
        /* CSR배포승인요청 : ITSM -> 형상관리인터페이스 ITSM_06 */
        MERGE INTO  ITSM_INF.IF_ITSM_TB_ITR060_S A USING
        (SELECT #{relcode}   AS RELCODE
              , #{relcodeseq} AS RELCODESEQ
              , #{INTFACEID} AS INTFACEID
              , #{ISID}      AS ISID
         FROM DUAL    ) B
         ON (     A.RELCODE   = B.RELCODE
              AND A.INTFACEID = B.INTFACEID
              AND A.ISID      = B.ISID
            )
         WHEN MATCHED THEN
            UPDATE
               SET DEPUSERID   = #{depuserid}
                 , DEPUSERNAME = #{depusername}
         WHEN NOT MATCHED THEN
            INSERT
                 ( RELCODE
                 , RELCODE_SEQ
                 , INTFACEID
                 , ISID
                 , CANUSERID
                 , CANUSERNAME
                 )
            VALUES
                 ( #{relcode}
                 , #{relcodeseq}
                 , #{intfaceid}
                 , #{isid}
                 , #{canuserid}
                 , #{canusername}
                 )
    ]]>	
    </update>    
    
    
    <select id="csrApiDao.selectApproveInterFaceList" resultType="ohMap">
    <![CDATA[
        ${queryId}
        SELECT EAI_SEQ_ID          AS EAI_SEQ_ID
             , CSR_NO              AS CSR_NO
             , SEQ                 AS SEQ
             , ITSM_ID             AS ITSM_ID 
             , DATA_INTERFACE_DATE AS INF_DATE
             , EAI_TRANSFER_FLAG   AS INF_FLAG
             , EAI_TRANSFER_DATE   AS INF_TRNS_DATE
             , EAI_TRANSFER_MSG    AS INF_TRNS_MSG
             , APPROVE_GBN         AS APPROVE_GBN
             , REQ_EMPNO           AS EMPNO
             , SYS_APLY_RSPBER     AS SYS_APLY_RSPBER
             , (SELECT S.KOR_USR_NM FROM OAS_APP.VW_OHR003 S WHERE S.EMPNO = A.SYS_APLY_RSPBER AND ROWNUM =1) AS SYS_APLY_RSPBER_NM
             , CONN_URL            AS CONN_URL
          FROM ITSM_INF.IF_ITSM_TB_CSR_BATCH A
         WHERE 1=1
           AND EAI_TRANSFER_FLAG = 'N'
         ORDER BY DATA_INTERFACE_DATE, ITSM_ID
    ]]>
    </select>
    
    <update id="csrApiDao.updateCsrApiBatch">
        <![CDATA[
        ${queryId}
        /* ITSM 승인 I/F 업데이트 */
        UPDATE ITSM_INF.IF_ITSM_TB_CSR_BATCH
           SET EAI_TRANSFER_FLAG = DECODE(#{respCd}, '00', 'Y', 'E')
             , EAI_TRANSFER_DATE = SYSDATE
             , EAI_TRANSFER_CD   = #{respCd}
             , EAI_TRANSFER_MSG  = #{respMsg}
         WHERE 1=1
           AND EAI_SEQ_ID = #{eaiSeqId}
        ]]>
    </update>
    <!-- ############################################################ ITMS - 형상관리 인터페이스 송신 종료 -->
</mapper>
