<?xml version="1.0" encoding="UTF-8"?>
<!DOCTYPE mapper   PUBLIC "-//mybatis.org//DTD Mapper 3.0//EN" "http://mybatis.org/dtd/mybatis-3-mapper.dtd">

<mapper namespace="csrBatchJobDayRptDao"> 
 <resultMap id="clobMap" type="ohMap" >
	<result property="comments"  column="COMMENTS"  jdbcType="CLOB"    javaType="java.lang.String"/>
	<result property="actnCnte"  column="ACTN_CNTE" jdbcType="CLOB"    javaType="java.lang.String"/>
</resultMap>
	<select id="csrBatchJobDayRptDao.retrieveCsrBatchJobDayRpt" resultType="ohMap">		
    <![CDATA[
        ${queryId}
        ${pazingFr} 
        /* 배치잡 오류 조회 */
        WITH TOTAL AS (
        	/* 해당 배치잡 수행건수 */
            SELECT BIZ_DT              AS BIZ_DT
                 , BATCH_NO            AS BATCH_NO
                 , SUM(PRFM_CNT)       AS PRFM_CNT
                 , SUM(SUCCESS_CNT)    AS SUCCESS_CNT
                 , SUM(FAIL_CNT)       AS FAIL_CNT
              FROM (SELECT A.BTCH_PRFM_DT                                  AS BIZ_DT
                         , A.BTCH_CD                                       AS BATCH_NO
                         , COUNT(1)                                        AS PRFM_CNT
                         , CASE WHEN A.BTCH_RSLT_STATUS  = 'SUCCEEDED' THEN COUNT(1)
                                ELSE 0
                           END                                             AS SUCCESS_CNT
                         , CASE WHEN A.BTCH_RSLT_STATUS <> 'SUCCEEDED' THEN COUNT(1)
                                ELSE 0
                           END                                             AS FAIL_CNT
                      FROM ITSM_INF.TB_BATCH_LOG A
                         , TB_ITR053   B                      
                     WHERE 1=1
                       AND A.BTCH_CD    = B.BATCH_NO
                       AND A.BTCH_PRFM_DT     >= #{bizFrDt}
                       AND A.BTCH_PRFM_DT     <= #{bizToDt}
            ]]>
                    <if test="sysCd != null and sysCd !=''">
                       AND A.SYS_CD = #{sysCd}
                    </if>
                    <if test="regEmpno != null and regEmpno !=''">
                       AND B.RGTER_ID  = #{regEmpno}
                    </if>
                     GROUP BY A.BTCH_PRFM_DT, A.BTCH_CD, A.BTCH_RSLT_STATUS
                   )
             WHERE 1=1
             GROUP BY BIZ_DT, BATCH_NO
        )
        /* 배치잡 오류 조회 */
        SELECT '0'                           AS CHK
             , A.BIZ_DT                      AS BIZ_DT
             , A.BATCH_NO                    AS BATCH_NO
             , MAX(A.BATCH_TYPE )            AS BATCH_TYPE
             , MAX(BATCH_TYPE_NM)            AS BATCH_TYPE_NM
             , MAX(BATCH_JOB_NM )            AS BATCH_JOB_NM
             , MAX(COMMENTS     )            AS COMMENTS
             , MAX(BIZ_SYS_CD   )            AS BIZ_SYS_CD
             , MAX(BIZ_SYS_CD_NM)            AS BIZ_SYS_CD_NM
             , MAX(REG_EMPNO    )            AS REG_EMPNO
             , MAX(REG_EMPNO_NM )            AS REG_EMPNO_NM
             , MAX(ACTN_CNTE    )            AS ACTN_CNTE
             , MAX(COMPLETE_YN  )            AS COMPLETE_YN
             , MAX(PRFM_CNT  )               AS PRFM_CNT
             , MAX(SUCCESS_CNT  )            AS SUCCESS_CNT
             , MAX(FAIL_CNT  )               AS FAIL_CNT
             , COUNT(*) OVER() AS TOTAL_CNT
          FROM (/* 해당 배치잡 실패내역 */
                SELECT TO_CHAR(B.BTCH_PRFM_DT,'YYYYMMDD')                                                                 AS BIZ_DT
                     , B.BTCH_CD                                                                                          AS BATCH_NO
                     , C.BATCH_TYPE                                                                                       AS BATCH_TYPE
                     , (SELECT Z.COM_CD_NM FROM TB_COM001 Z WHERE Z.GRP_CD = 'BATCH_TYPE' AND Z.COM_CD = C.BATCH_TYPE)    AS BATCH_TYPE_NM
                     , C.BATCH_JOB_NM                                                                                     AS BATCH_JOB_NM
                     , TO_CHAR(DBMS_LOB.SUBSTR(C.COMMENTS, 4000))                                                         AS COMMENTS
                     , C.BIZ_SYS_CD                                                                                       AS BIZ_SYS_CD
                     , (SELECT Z.COM_CD_NM FROM TB_COM001 Z WHERE Z.GRP_CD = 'SYS_CD' AND Z.COM_CD = C.BIZ_SYS_CD)        AS BIZ_SYS_CD_NM
                     , A.MODER_ID                                                                                         AS REG_EMPNO
                     , CASE WHEN A.MODER_ID IS NOT NULL THEN FC_GET_EMPNO_TO_DEPT(A.MODER_ID, 'N')
                                                          ||'/'||A.MODER_ID
                                                          ||'/'||( SELECT S.USR_NM FROM TB_USR001 S WHERE S.EMPNO =  A.MODER_ID AND ROWNUM =1  )
                            ELSE ''
                       END                                                                                                AS REG_EMPNO_NM
                     , TO_CHAR(DBMS_LOB.SUBSTR(A.ACTN_CNTE, 4000))                                                        AS ACTN_CNTE
                     , A.COMPLETE_YN                                                                                      AS COMPLETE_YN
                  FROM TB_ITR055 A
                     ,  ITSM_INF.TB_BATCH_LOG B
                     , TB_ITR053 C
                 WHERE 1=1
                   AND A.BIZ_DT(+)   = B.BTCH_PRFM_DT
                   AND A.BATCH_NO(+) = B.BTCH_CD
                   AND C.BATCH_NO    = B.BTCH_CD
                   <![CDATA[
                   AND B.BTCH_PRFM_DT     >= #{bizFrDt}
                   AND B.BTCH_PRFM_DT     <= #{bizToDt}
                   ]]>
                   --AND B.BTCH_RSLT_STATUS   = 'E'
               <if test="authId != 'true'">
                   AND B.SYS_CD IN (
									SELECT A.SYS_CD
									  FROM TB_ITR010 A
									     , TB_ITR011 B
									 WHERE 1=1
									   AND A.OPER_SEQ = B.OPER_SEQ
									   AND B.GBN_CD = 'SYSTEM'
									   AND (A.RSPBER_A_EMPNO = #{empno} OR B.RSPBER_B_EMPNO = #{empno})	
									)                   
               </if>    
                <if test="sysCd != null and sysCd !=''">
                   AND B.SYS_CD = #{sysCd}
                </if>
                <if test="regEmpno != null and regEmpno !=''">
                   AND A.MODER_ID  = #{regEmpno}
                </if>
                 GROUP BY B.BTCH_PRFM_DT, B.BTCH_CD, C.BATCH_TYPE, C.BATCH_JOB_NM, TO_CHAR(DBMS_LOB.SUBSTR(C.COMMENTS, 4000))
                        , C.BIZ_SYS_CD, A.MODER_ID, A.REG_EMPNO, TO_CHAR(DBMS_LOB.SUBSTR(A.ACTN_CNTE, 4000)), A.COMPLETE_YN
               ) A
             , TOTAL T
         WHERE 1=1
           AND A.BIZ_DT   = T.BIZ_DT
           AND A.BATCH_NO = T.BATCH_NO
         GROUP BY A.BIZ_DT, A.BATCH_NO
         <if test='failChk == "Y" '>
         HAVING MAX(FAIL_CNT) > 0
         </if>
         ORDER BY A.BIZ_DT, 16 DESC, A.BATCH_NO
         
         ${pazingTo}
    </select>
   
       
    <update id="csrBatchJobDayRptDao.updateCsrBatchJobDayRpt">
        <![CDATA[
        ${queryId}
        /* 오류 조치내역 등록 */
        MERGE INTO  TB_ITR055 A USING
        (SELECT #{bizDt}    AS BIZ_DT
              , #{batchNo}  AS BATCH_NO
         FROM DUAL    ) B
         ON (     A.BIZ_DT   = B.BIZ_DT
              AND A.BATCH_NO = B.BATCH_NO
            )
         WHEN MATCHED THEN
            UPDATE
               SET BATCH_TYPE   = #{batchType}
                 , BATCH_JOB_NM = #{batchJobNm}
                 , COMMENTS     = #{comments}
                 , BIZ_SYS_CD   = #{bizSysCd}
                 , REG_EMPNO    = #{regEmpno}
                 , PRFM_CNT     = #{prfmCnt}
                 , SUCCESS_CNT  = #{successCnt}
                 , FAIL_CNT     = #{failCnt}
                 , ACTN_CNTE    = #{actnCnte}
                 , COMPLETE_YN  = #{completeYn}
                 , MODER_ID     = #{empno}
                 , MOD_DATE     = SYSDATE
         WHEN NOT MATCHED THEN
            INSERT
                 ( BIZ_DT
                 , BATCH_NO
                 , BATCH_TYPE
                 , BATCH_JOB_NM
                 , COMMENTS
                 , BIZ_SYS_CD
                 , REG_EMPNO
                 , PRFM_CNT
                 , SUCCESS_CNT
                 , FAIL_CNT
                 , ACTN_CNTE
                 , COMPLETE_YN
                 , RGTER_ID
                 , RGT_DATE
                 , MODER_ID
                 , MOD_DATE
                 )
            VALUES
                 ( #{bizDt}
                 , #{batchNo}
                 , #{batchType}
                 , #{batchJobNm}
                 , #{comments}
                 , #{bizSysCd}
                 , #{regEmpno}
                 , #{prfmCnt}
                 , #{successCnt}
                 , #{failCnt}
                 , #{actnCnte}
                 , #{completeYn}
                 , #{empno}
                 , SYSDATE
                 , #{empno}
                 , SYSDATE
                 )
        ]]>
    </update>
    
    <update id="csrBatchJobDayRptDao.updateCsrBatchJobIf">
        <![CDATA[
        ${queryId}
        /* 오류인터페이스 테이블 업데이트 */
        UPDATE  ITSM_INF.IF_ITSM_TB_ITR055_R
          SET APPS_TRANSFER_FLAG = 'S'           /* 응용 처리 구분(N:미처리,S:처리완료,E:처리오류) */
            , APPS_TRANSFER_DATE = SYSDATE
            , APPS_TRANSFER_MSG  = '처리완료'
        WHERE 1=1
          AND BIZ_DT   = #{bizDt}
          AND BATCH_NO = #{batchNo}
          AND ERROR_GBN = 'E'
        ]]>
    </update>
</mapper>
