<?xml version="1.0" encoding="UTF-8"?>
<!DOCTYPE mapper   PUBLIC "-//mybatis.org//DTD Mapper 3.0//EN" "http://mybatis.org/dtd/mybatis-3-mapper.dtd">

<mapper namespace="csrBatchJobMstMngDao"> 
 <resultMap id="clobMap" type="ohMap" >
	<result property="comments" column="COMMENTS" jdbcType="CLOB"    javaType="java.lang.String"/>
	<result property="rmk"      column="RMK"      jdbcType="CLOB"    javaType="java.lang.String"/>
</resultMap>
	<select id="csrBatchJobMstMngDao.retrieveCsrBatchJobMstMng" resultMap="clobMap">		
    <![CDATA[
        ${queryId}
        /* 배치잡 마스터 조회 */
        SELECT A.BATCH_NO                                                                                  AS BATCH_NO
             , A.BATCH_TYPE                                                                                AS BATCH_TYPE
             , (SELECT Z.COM_CD_NM FROM TB_COM001 Z WHERE Z.GRP_CD = 'BATCH_TYPE' AND Z.COM_CD = A.BATCH_TYPE)AS BATCH_TYPE_NM
             , A.BATCH_JOB_NM                                                                              AS BATCH_JOB_NM
             , A.COMMENTS                                                                                  AS COMMENTS
             , A.CSR_NO                                                                                    AS CSR_NO
             , A.BIZ_SYS_CD                                                                                AS BIZ_SYS_CD
             , (SELECT Z.COM_CD_NM FROM TB_COM001 Z WHERE Z.GRP_CD = 'SYS_CD' AND Z.COM_CD = A.BIZ_SYS_CD) AS BIZ_SYS_CD_NM
             , A.TITLE                                                                                     AS TITLE
             , A.REQ_EMPNO                                                                                 AS REQ_EMPNO
             , ( SELECT S.USR_NM FROM TB_USR001 S WHERE S.EMPNO =  A.REQ_EMPNO AND ROWNUM =1  )            AS REQ_EMPNO_NM
             /*
             , CASE WHEN A.REQ_EMPNO IS NOT NULL THEN FC_GET_EMPNO_TO_DEPT(A.REQ_EMPNO, 'N') 
        	                                          ||'/'||A.REQ_EMPNO
        	                                          ||'/'||( SELECT S.USR_NM FROM TB_USR001 S WHERE S.EMPNO =  A.REQ_EMPNO AND ROWNUM =1  )     
        	        ELSE ''
        	   END                                               	                                       AS REQ_EMPNO_NM
        	 */ 
             , A.ERROR_NOTI                                                                                AS ERROR_NOTI
             , (SELECT Z.COM_CD_NM FROM TB_COM001 Z WHERE Z.GRP_CD = 'ERROR_NOTI' AND Z.COM_CD = A.ERROR_NOTI) AS ERROR_NOTI_NM
             , A.STAT_CD                                                                                   AS STAT_CD
             , A.APPROVE_KEY                                                                               AS APPROVE_KEY 
             , A.RGTER_ID                                                                                  AS REG_EMPNO
             , ( SELECT S.USR_NM FROM TB_USR001 S WHERE S.EMPNO =  A.RGTER_ID AND ROWNUM =1  )            AS REG_EMPNO_NM
             /*
             , CASE WHEN A.RGTER_ID IS NOT NULL THEN FC_GET_EMPNO_TO_DEPT(A.RGTER_ID, 'N') 
        	                                          ||'/'||A.RGTER_ID
        	                                          ||'/'||( SELECT S.USR_NM FROM TB_USR001 S WHERE S.EMPNO =  A.RGTER_ID AND ROWNUM =1  )     
        	        ELSE ''
        	   END                                               	                                       AS REG_EMPNO_NM 
             */
             , TO_CHAR(A.RGT_DATE, 'YYYY-MM-DD HH24:MI:SS')                                                AS REG_DT
             , A.USE_YN                                               	                                   AS USE_YN
             , B.HOST_NAME                                              	                               AS HOST_NAME
             , B.SCHEMA                                                                                    AS SCHEMA
             , B.RMK                                                                                       AS RMK
             , B.FREQUENCY                                                                                 AS FREQUENCY
             , B.INTERVAL                                                                                  AS INTERVAL
             , B.MONTH_NUMBER                                                                              AS MONTH_NUMBER
             , B.WEEK_NUMBER                                                                               AS WEEK_NUMBER
             , B.MONTH_DAY                                                                                 AS MONTH_DAY
             , B.WEEK_DAY                                                                                  AS WEEK_DAY
             , B.HOUR                                                                                      AS HOUR
             , B.MINUTE                                                                                    AS MINUTE
             , B.SECOND                                                                                    AS SECOND
          FROM TB_ITR053 A
             , TB_ITR054 B
         WHERE 1=1
           AND A.BATCH_NO   = B.BATCH_NO
		]]>	
		<if test="sysCd != null and sysCd !=''">
		   AND A.BIZ_SYS_CD = #{sysCd}
		</if>
		<if test="regEmpno != null and regEmpno !=''">
		   AND A.RGTER_ID  = #{regEmpno}
		</if>
		<if test="useYn != null and useYn !=''">
		   AND A.USE_YN     = #{useYn}
		</if>
         ORDER BY REG_DT DESC
    </select>
    
    <update id="csrBatchJobMstMngDao.updateCsrBatchJobMstMng">
        <![CDATA[
        ${queryId}
        /* 배치잡 마스터 업데이트 */
        UPDATE TB_ITR053
           SET USE_YN   = #{useYn}
             , MODER_ID = #{empno}
             , MOD_DATE = SYSDATE
         WHERE 1=1
           AND BATCH_NO = #{batchNo}
        ]]>
    </update>
</mapper>
