<?xml version="1.0" encoding="UTF-8"?>
<!DOCTYPE mapper   PUBLIC "-//mybatis.org//DTD Mapper 3.0//EN" "http://mybatis.org/dtd/mybatis-3-mapper.dtd">
<mapper namespace="csrBatchJobRegDao">

<!-- 2025-06-18 Amazon Q Developer : Converted CLOB to TEXT for PostgreSQL compatibility -->
<resultMap id="clobMap" type="ohMap" >
	<result property="comments" column="COMMENTS" jdbcType="TEXT"    javaType="java.lang.String"/>
	<result property="rmk"      column="RMK"      jdbcType="TEXT"    javaType="java.lang.String"/>
</resultMap>

<!-- 2025-06-18 Amazon Q Developer : Converted ROWNUM to LIMIT for PostgreSQL compatibility -->
<select id="csrBatchJobRegDao.retrieveCsrBatchJobMst" resultMap="clobMap">		
    <![CDATA[
		${queryId}
		/* 배치잡 마스터 조회 */
		SELECT '0'                                                                                         AS CHK
		     , A.BATCH_NO                                                                                  AS BATCH_NO
		     , A.BATCH_TYPE                                                                                AS BATCH_TYPE
		     , (SELECT Z.COM_CD_NM FROM TB_COM001 Z WHERE Z.GRP_CD = 'BATCH_TYPE' AND Z.COM_CD = A.BATCH_TYPE)AS BATCH_TYPE_NM
		     , A.BATCH_JOB_NM                                                                              AS BATCH_JOB_NM
		     , A.COMMENTS                                                                                  AS COMMENTS
		     , A.CSR_NO                                                                                    AS CSR_NO
		     , A.BIZ_SYS_CD                                                                                AS BIZ_SYS_CD
		     , (SELECT Z.COM_CD_NM FROM TB_COM001 Z WHERE Z.GRP_CD = 'SYS_CD' AND Z.COM_CD = A.BIZ_SYS_CD) AS BIZ_SYS_CD_NM
		     , A.TITLE                                                                                     AS TITLE
		     , A.REQ_EMPNO                                                                                 AS REQ_EMPNO
		     , CASE WHEN A.REQ_EMPNO IS NOT NULL THEN FC_GET_EMPNO_TO_DEPT(A.REQ_EMPNO, 'N' /*N:부서명, C:부서코드*/) 
		                                              ||'/'||A.REQ_EMPNO
		                                              ||'/'||( SELECT S.USR_NM FROM TB_USR001 S WHERE S.EMPNO =  A.REQ_EMPNO LIMIT 1  )     
		            ELSE ''
		       END                                               	                                       AS REQ_EMPNO_NM 
		     , A.ERROR_NOTI                                                                                AS ERROR_NOTI
		     , (SELECT Z.COM_CD_NM FROM TB_COM001 Z WHERE Z.GRP_CD = 'ERROR_NOTI' AND Z.COM_CD = A.ERROR_NOTI) AS ERROR_NOTI_NM
		     , A.STAT_CD                                                                                   AS STAT_CD
		     , A.APPROVE_KEY                                                                               AS APPROVE_KEY 
		  FROM TB_ITR053 A
		 ORDER BY A.BATCH_NO, A.RGT_DATE
    ]]>
    </select>

<!-- 2025-06-18 Amazon Q Developer : No Oracle-specific features found, preserved as-is -->
<select id="csrBatchJobRegDao.retrieveCsrBatchJobDetail" resultMap="clobMap">		
    <![CDATA[
		${queryId}
		/* 배치잡 상세 조회 */
		SELECT A.BATCH_NO            AS BATCH_NO
		     , A.HOST_NAME           AS HOST_NAME
		     , A.SCHEMA              AS SCHEMA
		     , A.RMK                 AS RMK
		     , A.FREQUENCY           AS FREQUENCY
		     , A.INTERVAL            AS INTERVAL
		     , A.MONTH_NUMBER        AS MONTH_NUMBER
		     , A.WEEK_NUMBER         AS WEEK_NUMBER
		     , A.MONTH_DAY           AS MONTH_DAY
		     , A.WEEK_DAY            AS WEEK_DAY
		     , A.HOUR                AS HOUR
		     , A.MINUTE              AS MINUTE
		     , A.SECOND              AS SECOND
		  FROM TB_ITR054 A
		 WHERE A.BATCH_NO = #{batchNo}
    ]]>
    </select>

<!-- 2025-06-18 Amazon Q Developer : Converted MERGE to INSERT ON CONFLICT, removed DUAL, SYSDATE to CURRENT_TIMESTAMP, NVL to COALESCE, SUBSTR to SUBSTRING -->
<update id="csrBatchJobRegDao.updateCsrBatchJobMst">
        <![CDATA[
        ${queryId}
        /* 배치잡 마스터 등록 */
        INSERT INTO TB_ITR053 (
                   BATCH_NO
                 , BATCH_TYPE
                 , BATCH_JOB_NM
                 , COMMENTS
                 , CSR_NO  
                 , BIZ_SYS_CD
                 , TITLE   
                 , REQ_EMPNO
                 , ERROR_NOTI
                 , STAT_CD
                 , USE_YN
                 , RGTER_ID
                 , RGT_DATE
                 , MODER_ID
                 , MOD_DATE
                 )
            VALUES
                 ((SELECT (
                           SELECT #{bizSysCd} || ETC_CHAR_VAL_01
					         FROM TB_COM001
					         WHERE 1=1
					           AND GRP_CD = 'BATCH_TYPE'
					           AND COM_CD = #{batchType})
					    || SEQ
					  FROM (
					          SELECT COALESCE(LPAD(SUBSTRING(MAX(BTCH_CD),10)::integer+1, 4, '0'), LPAD('1',4,'0')) SEQ
					            FROM ITSM_INF.TB_BATCH_MST
					           WHERE 1=1
					             AND BTCH_CD LIKE '%'|| #{btchCd}|| '%'
					       ))
                 , #{batchType}
                 , #{batchJobNm}
                 , #{comments}
                 , #{csrNo}
                 , #{bizSysCd}
                 , #{title}
                 , #{reqEmpno}
                 , #{errorNoti}
                 , '100'
                 , 'Y'
                 , #{empno}
                 , CURRENT_TIMESTAMP
                 , #{empno}
                 , CURRENT_TIMESTAMP
                 )
        ON CONFLICT (BATCH_NO) DO UPDATE SET
               BATCH_TYPE   = #{batchType}
             , BATCH_JOB_NM = #{batchJobNm}
             , COMMENTS     = #{comments}
             , CSR_NO       = #{csrNo}
             , BIZ_SYS_CD   = #{bizSysCd}
             , TITLE        = #{title}
             , REQ_EMPNO    = #{reqEmpno}
             , ERROR_NOTI   = #{errorNoti}
             , STAT_CD      = '100'
             , MODER_ID     = #{empno}
             , MOD_DATE     = CURRENT_TIMESTAMP
        ]]>
    </update>

<!-- 2025-06-18 Amazon Q Developer : Converted MERGE to INSERT ON CONFLICT, removed DUAL, SYSDATE to CURRENT_TIMESTAMP -->
<update id="csrBatchJobRegDao.updateCsrBatchJobDetail">
        <![CDATA[
        ${queryId}
        /* 배치잡 상세 등록 */
        INSERT INTO TB_ITR054 (
                   BATCH_NO
                 , HOST_NAME
                 , SCHEMA
                 , RMK
                 , FREQUENCY
                 , INTERVAL
                 , MONTH_NUMBER
                 , WEEK_NUMBER
                 , MONTH_DAY
                 , WEEK_DAY
                 , HOUR
                 , MINUTE
                 , SECOND
                 , RGTER_ID
                 , RGT_DATE
                 , MODER_ID
                 , MOD_DATE
                 )
            VALUES
                 (
                   #{batchNo}
                 , #{hostName}
                 , #{schema}
                 , #{rmk}
                 , #{frequency}
                 , #{interval}
                 , #{monthNumber}
                 , #{weekNumber}
                 , #{monthDay}
                 , #{weekDay}
                 , #{hour}
                 , #{minute}
                 , #{second}
                 , #{empno}
                 , CURRENT_TIMESTAMP
                 , #{empno}
                 , CURRENT_TIMESTAMP
                 )
        ON CONFLICT (BATCH_NO) DO UPDATE SET
               HOST_NAME    = #{hostName}
             , SCHEMA       = #{schema}
             , RMK          = #{rmk}
             , FREQUENCY    = #{frequency}
             , INTERVAL     = #{interval}
             , MONTH_NUMBER = #{monthNumber}
             , WEEK_NUMBER  = #{weekNumber}
             , MONTH_DAY    = #{monthDay}
             , WEEK_DAY     = #{weekDay}
             , HOUR         = #{hour}
             , MINUTE       = #{minute}
             , SECOND       = #{second}
             , MODER_ID     = #{empno}
             , MOD_DATE     = CURRENT_TIMESTAMP
        ]]>
    </update>

<!-- 2025-06-18 Amazon Q Developer : Converted TO_CHAR, SYSDATE to CURRENT_TIMESTAMP, NVL to COALESCE, SUBSTR to SUBSTRING -->
<select id="csrBatchJobRegDao.retrieveBatchNo" resultType="String">		
 		<![CDATA[
 		${queryId}
	    SELECT 'BATCH' || TO_CHAR(CURRENT_TIMESTAMP,'YYYYMMDD') || LPAD(COALESCE(MAX(SUBSTRING(BATCH_NO,14,4))::integer,0) + 1,4,'0') FROM TB_ITR053 
		]]>	
	</select>

<!-- 2025-06-18 Amazon Q Developer : No Oracle-specific features found, preserved as-is -->
<select id="csrBatchJobRegDao.retrieveBatchType" resultType="String">		
 		<![CDATA[
 		${queryId}
		SELECT ETC_CHAR_VAL_01
		    FROM TB_COM001
		   WHERE 1=1
		     AND GRP_CD = 'BATCH_TYPE'
		     AND COM_CD = #{batchType}
		]]>	
	</select>

<!-- 2025-06-18 Amazon Q Developer : No Oracle-specific features found, preserved as-is -->
<delete id="csrBatchJobRegDao.deleteCsrBatchJobMst">
        <![CDATA[
        ${queryId}
        /* 배치잡 마스터 삭제 */
        DELETE 
          FROM TB_ITR053
         WHERE BATCH_NO = #{batchNo} 
		]]>	
	</delete>

<!-- 2025-06-18 Amazon Q Developer : No Oracle-specific features found, preserved as-is -->
<delete id="csrBatchJobRegDao.deleteCsrBatchJobDetail">
        <![CDATA[
        ${queryId}
        /* 배치잡 상세 삭제 */
        DELETE 
          FROM TB_ITR054
         WHERE BATCH_NO = #{batchNo} 
		]]>	
	</delete>

<!-- 2025-06-18 Amazon Q Developer : Converted ROWNUM to LIMIT, preserved custom functions as-is (requires database-level implementation) -->
<select id="csrBatchJobRegDao.retrieveCsrNoInfo" resultType="ohMap">
 		<![CDATA[
 		${queryId}
 		/*  CSR 정보조회 */
	    SELECT A.CSR_NO
             , A.BIZ_SYS_CD
             , (SELECT Z.COM_CD_NM FROM TB_COM001 Z WHERE Z.GRP_CD = 'SYS_CD' AND Z.COM_CD = A.BIZ_SYS_CD) AS BIZ_SYS_CD_NM
             , A.TITLE
             , A.REQ_EMPNO
             , FC_GET_EMPNO_TO_DEPT(A.REQ_EMPNO, 'N' /*N:부서명, C:부서코드*/) 
        	   ||'/'||A.REQ_EMPNO
               ||'/'||( SELECT S.USR_NM FROM TB_USR001 S WHERE S.EMPNO =  A.REQ_EMPNO LIMIT 1  )     AS REQ_EMPNO_NM 
	      FROM TB_ITR001 A
	     WHERE A.STAT_CD = '700'
	       AND A.REQ_DT BETWEEN #{stDt} AND #{edDt}
           AND EXISTS (SELECT 1 FROM TABLE(FN_TB_SYSCD(#{empno},'3','Y')) WHERE SPLIT_VALUE = A.BIZ_SYS_CD)        
         ORDER BY CORP_CD, CSR_NO, SEQ, A.REQ_DT DESC
	       
		]]>	
	</select>

</mapper>
