<?xml version="1.0" encoding="UTF-8"?>
<!DOCTYPE mapper   PUBLIC "-//mybatis.org//DTD Mapper 3.0//EN" "http://mybatis.org/dtd/mybatis-3-mapper.dtd">

<mapper namespace="csrCommonDao"> 

  <resultMap id="clobMap" type="ohMap" >
    <result property="comCd"           column="COM_CD" jdbcType="VARCHAR" javaType="java.lang.String"/> 
    <result property="comCdNm"           column="COM_CD_NM" jdbcType="VARCHAR" javaType="java.lang.String"/> 
    <result property="templateCont"       column="TEMPLATE_CONT"         jdbcType="CLOB"    javaType="java.lang.String"/>

</resultMap>
	<select id="csrCommonDao.retrieveCsrType" resultMap="clobMap">		
 		<![CDATA[
 		${queryId}    
         SELECT NVL(A.BIZ_TYPE_SUB, A.BIZ_TYPE) COM_CD
		 ,      CM.COM_CD_NM
         ,      E.TEMPLATE_CONT
		 FROM  TB_ITR015  A /*평가지표*/
		-- ,     TB_ITR020  B  /*구분*/ 
		 ,     (SELECT S.COM_CD CSR_TYPE, S.COM_CD_NM FROM  TB_COM001 S WHERE GRP_CD = 'CSR_TYPE'  AND USE_YN='Y')  B  /*구분*/ 
		 ,     TB_ITR022  C /*구분항목*/
		 ,     TB_COM001  CM
         ,     TB_ITR027  D
         ,     TB_ITR026  E
         
		 WHERE B.CSR_TYPE      = C.CSR_TYPE
		 AND   C.CSR_TYPE_ITEM = A.CSR_TYPE_ITEM 
	 
		 AND   NVL(A.BIZ_TYPE_SUB, A.BIZ_TYPE)  = CM.COM_CD    

		 AND   CM.COM_CD = D.BIZ_TYPE 	 (+)
         AND   D.REQ_TEMPLATE_SEQ = E.REQ_TEMPLATE_SEQ(+)
         AND   CM.USE_YN ='Y'
		]]>	 
		<if test="pCsrType != null and pCsrType  !=''">
		   AND   B.CSR_TYPE      = #{pCsrType}
		</if>
		<if test="grpCd != null and grpCd  !=''">
		   AND   CM.GRP_CD       = #{grpCd}
		</if>		
		 ORDER BY CM.SORT_SEQC
	</select> 
	<select id="csrCommonDao.retrieveCsrTypeA" resultMap="clobMap">		
 		<![CDATA[
 		${queryId}    
         SELECT NVL(A.BIZ_TYPE_SUB, A.BIZ_TYPE) COM_CD
		 ,      CM.COM_CD_NM
         ,      E.TEMPLATE_CONT
		 FROM  TB_ITR015  A /*평가지표*/
		-- ,     TB_ITR020  B  /*구분*/ 
		 ,     (SELECT S.COM_CD CSR_TYPE, S.COM_CD_NM FROM  TB_COM001 S WHERE GRP_CD = 'CSR_TYPE'  AND USE_YN='Y')  B  /*구분*/ 
		 ,     TB_ITR022  C /*구분항목*/
		 ,     TB_COM001  CM
         ,     TB_ITR027  D
         ,     TB_ITR026  E
         
		 WHERE B.CSR_TYPE      = C.CSR_TYPE
		 AND   C.CSR_TYPE_ITEM = A.CSR_TYPE_ITEM 
	 
		 AND   NVL(A.BIZ_TYPE_SUB, A.BIZ_TYPE)  = CM.COM_CD --왜 수정안됨   

		 AND   CM.COM_CD = D.BIZ_TYPE 	 (+)
         AND   D.REQ_TEMPLATE_SEQ = E.REQ_TEMPLATE_SEQ(+)
         AND   CM.USE_YN ='Y'
		]]>	 
		<if test="pCsrType != null and pCsrType  !=''">
		   AND   B.CSR_TYPE      = #{pCsrType}
		</if>
		<if test="grpCd != null and grpCd  !=''">
		   AND   CM.GRP_CD       = #{grpCd} 
		</if>
		<if test='reqYn == "Y"'>
		  <if test="sysCd != null and sysCd  !=''"> 
		   AND   CM.ETC_CHAR_VAL_04       = #{sysCd}
		  </if>
		  <if test="sysCd == null or sysCd  ==''">
		   AND   CM.ETC_CHAR_VAL_04       IS NULL
		  </if>
		</if>			
        <if test="empno != null and empno  !=''">
           AND NVL(CM.ETC_CHAR_VAL_01,'N') = DECODE(FN_CHK_USER_AUTH_YN('G020',#{empno}),'Y',NVL(CM.ETC_CHAR_VAL_01,'N'), 'N')
        </if>		
		 ORDER BY CM.SORT_SEQC
	</select>
	<select id="csrCommonDao.retrieveCsrTypeB" resultMap="clobMap">		
 		<![CDATA[
 		${queryId}    
         SELECT NVL(A.BIZ_TYPE_SUB, A.BIZ_TYPE) COM_CD
		 ,      CM.COM_CD_NM
         ,      E.TEMPLATE_CONT
		 FROM  TB_ITR015  A /*평가지표*/
		-- ,     TB_ITR020  B  /*구분*/ 
		 ,     (SELECT S.COM_CD CSR_TYPE, S.COM_CD_NM FROM  TB_COM001 S WHERE GRP_CD = 'CSR_TYPE'  AND USE_YN='Y')  B  /*구분*/ 
		 ,     TB_ITR022  C /*구분항목*/
		 ,     TB_COM001  CM
         ,     TB_ITR027  D
         ,     TB_ITR026  E
         
		 WHERE B.CSR_TYPE      = C.CSR_TYPE
		 AND   C.CSR_TYPE_ITEM = A.CSR_TYPE_ITEM 
	 
		 AND   NVL(A.BIZ_TYPE_SUB, A.BIZ_TYPE)  = CM.COM_CD    

		 AND   CM.COM_CD = D.BIZ_TYPE 	 (+)
         AND   D.REQ_TEMPLATE_SEQ = E.REQ_TEMPLATE_SEQ(+)
         AND   CM.USE_YN ='Y'
         AND   NVL(CM.ETC_CHAR_VAL_02,'N') = 'N'
		]]>	 
		<if test="pCsrType != null and pCsrType  !=''">
		   AND   B.CSR_TYPE      = #{pCsrType}
		</if>
		<if test="grpCd != null and grpCd  !=''">
		   AND   CM.GRP_CD       = #{grpCd}
		</if>		
		 ORDER BY CM.SORT_SEQC
	</select> 
	<select id="csrCommonDao.retrieveTaskBizType" resultMap="clobMap">		
 		<![CDATA[
 		${queryId}    
		SELECT
		        A.BIZ_TYPE     COM_CD
		,       B.COM_CD_NM 
		FROM   (
		        SELECT 
		               NVL ( A.BIZ_TYPE_SUB, A.BIZ_TYPE)  BIZ_TYPE
		        FROM   TB_ITR015  A 
		        WHERE     A.CSR_TYPE_ITEM NOT IN ('C00010','C00020')
		       ) A
		,       TB_COM001  B
		WHERE   B.USE_YN ='Y'
		AND     A.BIZ_TYPE = B.COM_CD
		AND     B.GRP_CD IN ( 'CSR_BIZ_TYPE','BIZ_TYPE_SUB' )
        ]]>
	</select> 
	<select id="csrCommonDao.retrieveTaskBizType_bACK" resultMap="clobMap">		
 		<![CDATA[
 		${queryId}    
		SELECT B.COM_CD, B.COM_CD_NM
		FROM   TB_ITR015 A    
        ,      TB_COM001 B         
        WHERE  1=1  
        AND    B.GRP_CD = 'CSR_BIZ_TYPE' 
        AND    B.COM_CD = A.BIZ_TYPE  (+)   
        AND    A.CSR_TYPE_ITEM NOT IN ('C00010','C00020')
        ]]>
	</select> 
	<select id="csrCommonDao.retrieveCsrTypeItem" resultMap="clobMap">		
 		<![CDATA[
 		${queryId}    
		SELECT
          B.COM_CD CSR_TYPE_ITEM
        
        , A.CSR_TYPE 
        , A.WORKHOUR_USE_YN
        , A.DELIV_USE_YN
        , A.SATISFT_USE_YN

		FROM  TB_ITR022 A /*구분항목마스터*/
        ,     TB_COM001 B
        WHERE B.GRP_CD = 'CSR_TYPE_ITEM'
        AND   B.COM_CD = A.CSR_TYPE_ITEM(+)
        ORDER BY B.SORT_SEQC
        ]]>
	</select> 
    <!-- 서버시간. -->
	<select id="csrCommonDao.retrieveServerDate" resultType="ohmap">		
 		<![CDATA[
 		${queryId}    
        SELECT TO_CHAR( SYSDATE, 'YYYYMMDD') SVR_TO_DAY,      TO_CHAR( SYSDATE, 'YYYY-MM-DD') SVR_TO_DAY_FORM  FROM DUAL
		]]>	  
	</select> 
	
	<select id="csrCommonDao.retrieveBiCd" resultMap="clobMap">		
 		<![CDATA[
 		${queryId}    
        SELECT
               B.COM_CD_NM
        ,      B.COM_CD 
        FROM   TB_ITR010 A
        ,      TB_COM001 B 
        WHERE  A.BI_CD = B.COM_CD
        AND    B.GRP_CD ='CSR_BI'
        GROUP BY B.COM_CD_NM
        ,      B.COM_CD
        ]]> 
 
	</select> 
	<select id="csrCommonDao.retrieveBizClsfCd" resultType="ohMap">			
 		<![CDATA[
 		${queryId}    
        SELECT Z.COM_CD    AS COM_CD
             , Z.COM_CD_NM AS COM_CD_NM
          FROM TB_ITR010 A
             , TB_COM001 Z
         WHERE Z.GRP_CD = 'CSR_BI_CLASS' 
           AND Z.COM_CD = A.BIZ_CLSF_CD
         GROUP BY Z.COM_CD, Z.COM_CD_NM, Z.SORT_SEQC
         ORDER BY Z.SORT_SEQC
        ]]> 
 
	</select>
	
	
	<select id="csrCommonDao.retrieveSysCd"  resultType="ohMap">	
 		<![CDATA[
 		${queryId}    
        SELECT 
               C.COM_CD
             , C.COM_CD_NM  
             , A.BI_CD
             , A.BIZ_CLSF_CD
          FROM TB_ITR010 A 
             , TB_COM001 C
         WHERE 1=1
           AND C.GRP_CD ='SYS_CD'
           AND A.SYS_CD = C.COM_CD
           AND C.USE_YN = 'Y'
        ]]> 
		<if test="biCd != null and biCd  !=''">
		   AND A.BI_CD     = #{biCd}
		</if>
		<if test="bizClsfCd != null and bizClsfCd  !=''">
		   AND A.BIZ_CLSF_CD     = #{bizClsfCd}
		</if>
		<if test="vpnReqSys != null and vpnReqSys  !=''">
		   AND C.ETC_CHAR_VAL_03     = #{vpnReqSys}
		</if>
		
         GROUP BY C.COM_CD
             , C.COM_CD_NM
             , A.BI_CD
             , C.SORT_SEQC
             , A.BIZ_CLSF_CD
         ORDER BY C.SORT_SEQC
		
	</select> 
	<select id="csrCommonDao.retrieveCsrTypeLinkCsrTypeItem" resultMap="clobMap">		
 		<![CDATA[ 
 		${queryId}    
        SELECT CSR_TYPE, CSR_TYPE_ITEM FROM TB_ITR022 A  
        ]]>  
	</select> 

	<select id="csrCommonDao.retrieveBeforWorkDay" resultType="ohMap">			
 		<![CDATA[
 		${queryId}    
			SELECT 
			      MIN ( TO_CHAR( A.CLDR_DT, 'YYYYMMDD' ) ) LIMIT_WORKDAY  
			FROM  (
			        SELECT * 
			          FROM OAS_APP.TB_FGB117 
			        WHERE 1=1 
			           AND CORP_CD = #{corpCd} /* 법인코드 (1000:아워홈 / 2000:캘리스코) */ 
			          AND HLDY_GBN_CD = 'A'
			         --AND  HLDY_YN ='N'
			        --AND CLDR_DT >= TO_DATE( TO_CHAR(SYSDATE -3 , 'YYYYMMDD') ,  'YYYYMMDD') 
			        AND CLDR_DT  <  TO_DATE( TO_CHAR(SYSDATE, 'YYYYMMDD'), 'YYYYMMDD') /* 기준일자_FROM */
			        ORDER BY CLDR_DT DESC 
			        ) A 
			 WHERE ROWNUM <=  #{limitDay}+1 
        ]]> 
 
	</select>

	<select id="csrCommonDao.retrieveCsrBizType" resultMap="clobMap">		
 		<![CDATA[
 		${queryId}
 		SELECT ''          AS COM_CD
 		     , '전체'      AS COM_CD_NM
             , 1           AS ORD
 		  FROM DUAL
 		 UNION ALL   
		SELECT A.BIZ_TYPE  AS COM_CD
		     , C.COM_CD_NM AS COM_CD_NM
             , 2           AS ORD
		  FROM TB_ITR015 A
		     , TB_ITR022 B
		     , TB_COM001 C
		 WHERE 1=1
		   AND A.CSR_TYPE_ITEM = B.CSR_TYPE_ITEM
		   AND A.BIZ_TYPE = C.COM_CD
		   AND B.CSR_TYPE = 'B00020'
		   AND C.GRP_CD = 'CSR_BIZ_TYPE'
		 GROUP BY BIZ_TYPE, COM_CD_NM
		 ORDER BY ORD, COM_CD
        ]]>
	</select>
	
	<select id="csrCommonDao.retrieveAuthBizClsfCd" resultType="ohMap">			
 		<![CDATA[
 		${queryId}    
        SELECT Z.COM_CD    AS COM_CD
             , Z.COM_CD_NM AS COM_CD_NM
          FROM TB_ITR010 A
             , TB_COM001 Z
         WHERE Z.GRP_CD = 'CSR_BI_CLASS' 
           AND Z.COM_CD = A.BIZ_CLSF_CD
           AND A.AUTH_RSPBER_A_EMPNO  IS NOT NULL
         GROUP BY Z.COM_CD, Z.COM_CD_NM, Z.SORT_SEQC
         ORDER BY Z.SORT_SEQC
        ]]> 
 
	</select>
	
	<select id="csrCommonDao.retrieveObsGrdCd"  resultType="ohMap">	
 		<![CDATA[
 		${queryId}    
        SELECT 
               A.COM_CD
             , A.COM_CD_NM  
          FROM TB_COM001 A
         WHERE 1=1
           AND A.GRP_CD = 'OBS_GRD'
           AND A.USE_YN = 'Y'
         ORDER BY A.COM_CD
		]]> 
	</select>
	
	<select id="csrCommonDao.retrieveAuthSysCd"  resultType="ohMap">	
 		<![CDATA[
 		${queryId}    
        SELECT 
               C.COM_CD
             , C.COM_CD_NM  
             , A.BI_CD
             , NVL(C.ETC_CHAR_VAL_01, 'N') AUTHLINE_EDIT_YN
          FROM TB_ITR010 A 
             , TB_COM001 C
         WHERE 1=1
           AND C.GRP_CD ='SYS_CD'
           AND A.SYS_CD = C.COM_CD
           AND A.AUTH_RSPBER_A_EMPNO  IS NOT NULL
           AND C.USE_YN = 'Y'
        ]]> 
		<if test="biCd != null and biCd  !=''">
		   AND A.BI_CD     = #{biCd}
		</if>
		<if test="bizClsfCd != null and bizClsfCd  !=''">
		   AND A.BIZ_CLSF_CD     = #{bizClsfCd}
		</if>
         GROUP BY C.COM_CD
             , C.COM_CD_NM
             , A.BI_CD
             , NVL(C.ETC_CHAR_VAL_01, 'N')
             , C.SORT_SEQC
         ORDER BY C.SORT_SEQC
		
	</select>
	
	<select id="csrCommonDao.retrieveBizYear"  resultType="ohMap">	
 		<![CDATA[
 		${queryId}    
        SELECT LEVEL AS COM_CD
             , LEVEL AS COM_CD_NM
          FROM DUAL
         WHERE LEVEL > TO_CHAR(SYSDATE, 'YYYY') - to_number(#{range})
       CONNECT BY LEVEL <= TO_CHAR(SYSDATE, 'YYYY')
         ORDER BY LEVEL DESC
        ]]>
	</select>

	<select id="csrCommonDao.retrieveSystemRspberInfo"  resultType="ohMap">	
 		<![CDATA[
 		${queryId}    
        SELECT COM_CD
             , COM_CD_NM
          FROM (SELECT B.USR_ID  AS COM_CD
                     , B.USR_NM  AS COM_CD_NM
                     , 1         AS ORD
                  FROM TB_ITR010 A
                     , TB_USR001 B
                 WHERE 1=1
                   AND A.RSPBER_A_EMPNO = B.EMPNO
                   AND A.SYS_CD         = #{sysCd}
                UNION ALL
                SELECT C.USR_ID  AS COM_CD
                     , C.USR_NM  AS COM_CD_NM
                     , 2         AS ORD
                  FROM TB_ITR010 A
                     , TB_ITR011 B
                     , TB_USR001 C
                 WHERE 1=1
                   AND A.OPER_SEQ       = B.OPER_SEQ
                   AND B.RSPBER_B_EMPNO = C.EMPNO
                   AND B.GBN_CD         = 'SYSTEM'
                   AND A.SYS_CD         = #{sysCd}
               )
         GROUP BY COM_CD, COM_CD_NM
         ORDER BY MIN(ORD)
        ]]>
	</select>
</mapper>
