<?xml version="1.0" encoding="UTF-8"?>
<!DOCTYPE mapper   PUBLIC "-//mybatis.org//DTD Mapper 3.0//EN" "http://mybatis.org/dtd/mybatis-3-mapper.dtd">
<mapper namespace="csrConfMgtDao">

<!-- 2025-06-18 Amazon Q Developer : Converted CLOB to TEXT for PostgreSQL compatibility -->
<resultMap id="clobMap" type="ohMap" >
    <result property="chk"           column="CHK" jdbcType="VARCHAR" javaType="java.lang.String"/>

    <result property="reqCont"       column="REQ_CONT"         jdbcType="TEXT"    javaType="java.lang.String"/>
    <result property="addReqCont"    column="ADD_REQ_CONT"     jdbcType="TEXT"    javaType="java.lang.String"/>
    <result property="bizType"       column="BIZ_TYPE"         jdbcType="VARCHAR" javaType="java.lang.String"/>
    <result property="bizSysCd"      column="BIZ_SYS_CD"       jdbcType="VARCHAR" javaType="java.lang.String"/>
    <result property="title"         column="TITLE"            jdbcType="VARCHAR" javaType="java.lang.String"/>
    <result property="atchFileId"    column="ATCH_FILE_ID"     jdbcType="VARCHAR" javaType="java.lang.String"/> 
    <result property="rgterNm"       column="RGTER_NM"         jdbcType="VARCHAR" javaType="java.lang.String"/>
    <result property="corpCd"        column="CORP_CD"          jdbcType="VARCHAR" javaType="java.lang.String"/>
    <result property="csrNo"         column="CSR_NO"           jdbcType="VARCHAR" javaType="java.lang.String"/>
    <result property="seq"           column="SEQ"              jdbcType="VARCHAR" javaType="java.lang.String"/>
    <result property="statCd"        column="STAT_CD"          jdbcType="VARCHAR" javaType="java.lang.String"/>
    <result property="recvTypeCd"    column="RECV_TYPE_CD"     jdbcType="VARCHAR" javaType="java.lang.String"/>
    <result property="checkReqCont"    column="CHECK_REQ_CONT"     jdbcType="TEXT" javaType="java.lang.String"/>
    <result property="checkConfCont"    column="CHECK_CONF_CONT"     jdbcType="TEXT" javaType="java.lang.String"/>
    <result property="checkRspberEmpno"    column="CHECK_RSPBER_EMPNO"     jdbcType="VARCHAR" javaType="java.lang.String"/>
    <result property="checkRspberEmpnoNm"    column="CHECK_RSPBER_EMPNO_NM"     jdbcType="VARCHAR" javaType="java.lang.String"/>
    <result property="recvCont"       column="RECV_CONT"         jdbcType="TEXT"    javaType="java.lang.String"/>
</resultMap>

<!-- 2025-06-18 Amazon Q Developer : Converted Oracle SQL to PostgreSQL - LISTAGG to STRING_AGG, NVL to COALESCE, DECODE to CASE, TO_DATE format, removed DUAL -->
<select id="csrConfMgtDao.retrieveCsrConfMgt" resultType="ohMap">		
 		<![CDATA[
 		${queryId}
        WITH PARAM AS (
              SELECT #{empno}  S_EMPNO
                    ,FN_CHK_USER_AUTH_YN('A001',#{empno}) A001_YN /* A001(ADMIN) 권한여부 확인 */
                    ,FN_CHK_USER_AUTH_YN('G020',#{empno}) G020_YN /* G020(시스템운영자) 권한여부 확인 */
        ) 
        SELECT TO_CHAR( A.REQ_DT , 'YYYYMMDD') REQ_DT 
		 
		,      A.BIZ_SYS_CD
		,      A.TITLE 
        /* ,      COALESCE(( SELECT S.USR_NM FROM TB_USR001 S WHERE S.USR_ID =  A.RGTER_ID LIMIT 1  ), A.RGTER_ID  ) RGTER_NM */ 
        ,      COALESCE(( SELECT S.USR_NM FROM TB_USR001 S WHERE S.USR_ID =  A.REQ_EMPNO LIMIT 1  ), A.REQ_EMPNO  ) RGTER_NM 
        ,      A.CSR_NO
        ,      (SELECT  STRING_AGG(SEQ::text, ',' ORDER BY SEQ)    FROM TB_ITR001 S WHERE S.CSR_NO = A.CSR_NO ) SEQ
        ,      A.STAT_CD 
        ,      A.RECV_TYPE_CD
        ,      (SELECT COUNT(S.SEQ) FROM TB_ITR001 S WHERE S.CSR_NO = A.CSR_NO ) SEQ_CNT
        ,      (SELECT  STRING_AGG( COALESCE( RECV_TYPE_CD,'999'), ','  ORDER BY SEQ)    FROM TB_ITR001 S WHERE S.CSR_NO = A.CSR_NO ) RECV_TYPE_CD_S
		FROM   TB_ITR001 A
		,      PARAM     P
		WHERE  1=1
        AND    A.SEQ = (SELECT MAX(S.SEQ ) FROM  TB_ITR001 S WHERE S.CSR_NO = A.CSR_NO AND A.MAIN_SEQ = 0)
        AND    A.RECV_TYPE_CD IN ( '330', '340') /*타부서검토, 타부서검토확인*/
        AND    CASE WHEN P.A001_YN = 'Y' THEN 'Y' ELSE A.CHECK_RSPBER_EMPNO END = CASE WHEN P.A001_YN = 'Y' THEN 'Y' ELSE COALESCE( P.S_EMPNO, A.CHECK_RSPBER_EMPNO ) END 
        AND    A.REQ_DT BETWEEN  TO_TIMESTAMP( #{reqDtSt}||'000000','YYYYMMDDHH24MISS')  AND  TO_TIMESTAMP( #{reqDtEd}||'235959','YYYYMMDDHH24MISS') 
        AND	   A.STAT_CD <> '150'
			
 		]]>
 
		<if test="corpCd != null and corpCd !=''">
		   AND A.CORP_CD   = #{corpCd}
		</if>
		<if test="csrNo != null and csrNo !=''">
		   AND A.CSR_NO   = #{csrNo}
		</if>
		
		<if test="sysCd != null and sysCd !=''">
		   AND A.BIZ_SYS_CD   = #{sysCd}
		</if>
		<if test="chkEmpNo != null and chkEmpNo !=''">
		   AND A.CHECK_RSPBER_EMPNO   = #{chkEmpNo}
		</if>
		<if test="reqEmpNo != null and reqEmpNo !=''">
		   AND A.REQ_EMPNO   = #{reqEmpNo}
		</if>
		<if test="rspberEmpNo != null and rspberEmpNo !=''">
		   AND A.RSPBER_EMPNO   = #{rspberEmpNo}
		</if>
		
 		<![CDATA[
        ORDER BY A.REQ_DT DESC
		]]>	
	</select>

<!-- 2025-06-18 Amazon Q Developer : Converted Oracle SQL to PostgreSQL - LISTAGG to STRING_AGG, NVL to COALESCE, ROWNUM to LIMIT -->
<select id="csrConfMgtDao.retrieveViewCsrConfMgt" resultMap="clobMap">		
 		<![CDATA[
 		${queryId}
		SELECT TO_CHAR( A.REQ_DT , 'YYYYMMDD') REQ_DT
		,      A.REQ_CONT
		,      A.BIZ_TYPE
		,      A.BIZ_SYS_CD
		,      A.TITLE
		,      A.ATCH_FILE_ID 
        ,      COALESCE(( SELECT S.USR_NM FROM TB_USR001 S WHERE S.USR_ID =  A.RGTER_ID LIMIT 1  ), A.RGTER_ID  ) RGTER_NM 
        ,      A.CORP_CD
        ,      A.CSR_NO
        ,      A.SEQ
        ,      A.STAT_CD
        ,      CASE WHEN  A.RECV_TYPE_CD IS NULL OR A.RECV_TYPE_CD ='340' THEN '500' ELSE A.RECV_TYPE_CD END  RECV_TYPE_CD  /*초기와 검토확인 는 접수완료 페이지 */
        ,      A.RSPBER_EMPNO
        ,      ( SELECT S.USR_NM FROM TB_USR001 S WHERE S.EMPNO =  A.RSPBER_EMPNO LIMIT 1    ) RSPBER_EMPNO_NM 
        ,      (SELECT  STRING_AGG(SEQ::text, ',' ORDER BY SEQ)    FROM TB_ITR001 S WHERE S.CSR_NO = A.CSR_NO ) SEQ 
        ,      (SELECT COUNT(S.SEQ) FROM TB_ITR001 S WHERE S.CSR_NO = A.CSR_NO ) SEQ_CNT

		,       A.ADD_REQ_CONT          
        ,	    A.CSR_ORD||'차 CSR - '|| (SELECT S.COM_CD_NM
							                FROM TB_COM001 S
									        WHERE S.GRP_CD = 'STAT_CD'
									        AND  S.COM_CD = A.STAT_CD
									        LIMIT 1 )  
									  ||' ('  || (SELECT S.COM_CD_NM
							                FROM TB_COM001 S
									        WHERE S.GRP_CD = 'RECV_TYPE_CD'
									        AND  S.COM_CD = A.RECV_TYPE_CD
									        LIMIT 1 )||')'
									         TITLE_NAME 
		,      A.STAND_WORKHOUR 
		
		,      A.CHECK_RSPBER_EMPNO 
        ,  	   CASE WHEN A.CHECK_RSPBER_EMPNO IS NOT NULL THEN FC_GET_EMPNO_TO_DEPT(A.CHECK_RSPBER_EMPNO, 'N' /*N:부서명, C:부서코드*/)
                     ||'/'||A.CHECK_RSPBER_EMPNO
                     ||'/'||    COALESCE(( SELECT S.USR_NM FROM TB_USR001 S WHERE S.EMPNO =  A.CHECK_RSPBER_EMPNO LIMIT 1  ), A.CHECK_RSPBER_EMPNO  )
               ELSE ''
               END  CHECK_RSPBER_EMPNO_NM 		
		,      A.CHECK_REQ_CONT
        ,      A.CHECK_CONF_CONT
        ,      TO_CHAR(A.WORK_ST_DATE, 'YYYYMMDD' )  WORK_ST_DATE
        ,      TO_CHAR(A.DELIVR_DATE , 'YYYYMMDD' ) DELIVR_DATE
		          
        ,      CASE WHEN (SELECT COUNT(S.SEQ) FROM TB_ITR001 S WHERE S.CSR_NO = A.CSR_NO AND S.SEQ > A.SEQ LIMIT 1 ) > 0  THEN 'N' ELSE 'Y' END  EDIT_YN    		
        ,      A.RECV_CONT          
		FROM   TB_ITR001 A
		WHERE  1=1
		AND    A.CSR_NO  = #{csrNo}
		AND    A.SEQ     = #{seq} 
		]]>	 

 		<![CDATA[
        ORDER BY A.REQ_DT DESC
		]]>	
	</select>

<!-- 2025-06-18 Amazon Q Developer : Converted SYSDATE to CURRENT_TIMESTAMP for PostgreSQL compatibility -->
<!-- 
  타부서검토요청 확인
 -->
<insert id="csrConfMgtDao.insertCsrConfMgt">   		
 
        <![CDATA[
      ${queryId}
INSERT INTO TB_ITR001( 
   CORP_CD,
   CSR_NO,
   SEQ,
   CSR_ORD,
   BIZ_TYPE,
   BIZ_SYS_CD,
   TITLE,
   ATCH_FILE_ID,
   REQ_EMPNO,
   REQ_DT,
   REQ_CONT,
   STAT_CD,
   RECV_TYPE_CD,
   RSPBER_EMPNO,
   STAND_WORKHOUR, 
   ADD_REQ_CONT,
   WORK_ST_DATE,
   DELIVR_DATE,
   COMPLTE_DATE,
   CHECK_RSPBER_EMPNO,
   CHECK_REQ_CONT,
   CHECK_CONF_CONT,
   RGTER_ID,
   RGT_DATE,
   MODER_ID,
   MOD_DATE)
SELECT 
   CORP_CD,
   CSR_NO,
   #{newSeq},
   CSR_ORD,
   BIZ_TYPE,
   BIZ_SYS_CD,
   TITLE,
   ATCH_FILE_ID,
   REQ_EMPNO,
   REQ_DT,
   REQ_CONT,
   #{recvTypeCd} ,    
   #{recvTypeCd},
   #{rspberEmpno},
   #{standWorkhour},
   #{addReqCont},
   #{workStDate},
   #{delivrDate},
   COMPLTE_DATE,
   CHECK_RSPBER_EMPNO,
   CHECK_REQ_CONT, 
   #{checkConfCont}, 
   #{usrId},
   CURRENT_TIMESTAMP,
   #{usrId},
   CURRENT_TIMESTAMP
FROM   TB_ITR001  A
WHERE  A.CSR_NO = #{csrNo}
AND    A.SEQ    = #{seq} 

        ]]>
    </insert>

<!-- 2025-06-18 Amazon Q Developer : Converted SYSDATE to CURRENT_TIMESTAMP and CLOB parameter handling for PostgreSQL -->
<!-- 
  타부서검토요청 확인
 -->
<update id="csrConfMgtDao.updateCsrConfMgt">   		
        <![CDATA[
      ${queryId}
		UPDATE TB_ITR001 
		SET    MODER_ID         = #{usrId} 
		,      MOD_DATE         = CURRENT_TIMESTAMP  
		,      CHECK_CONF_CONT  = #{checkConfCont}
		,      RECV_TYPE_CD     = '340' /*타부서검토확인.*/
		WHERE  CSR_NO  =   #{csrNo} 
		AND    SEQ  =   #{seq} 
		 
        ]]>
    </update>

</mapper>
