<?xml version="1.0" encoding="UTF-8"?>
<!DOCTYPE mapper   PUBLIC "-//mybatis.org//DTD Mapper 3.0//EN" "http://mybatis.org/dtd/mybatis-3-mapper.dtd">

<mapper namespace="csrDistributeSearchDao"> 
<resultMap id="clobMap" type="ohMap" >
	<result property="corpCd"                 column="CORP_CD"                   jdbcType="VARCHAR"        javaType="java.lang.String"/>
	<result property="csrNo"                  column="CSR_NO"                    jdbcType="VARCHAR"        javaType="java.lang.String"/>
	<result property="seq"                    column="SEQ"                       jdbcType="VARCHAR"        javaType="java.lang.String"/>
	<result property="title"                  column="TITLE"                     jdbcType="VARCHAR"        javaType="java.lang.String"/>
	<result property="bizSysCd"               column="BIZ_SYS_CD"                jdbcType="VARCHAR"        javaType="java.lang.String"/>
	<result property="reqDt"                  column="REQ_DT"                    jdbcType="VARCHAR"        javaType="java.lang.String"/>
	<result property="reqEmpno"               column="REQ_EMPNO"                 jdbcType="VARCHAR"        javaType="java.lang.String"/>
	<result property="reqEmpnoNm"             column="REQ_EMPNO_NM"              jdbcType="VARCHAR"        javaType="java.lang.String"/>
	<result property="distReqGbn"             column="DIST_REQ_CD"              jdbcType="VARCHAR"        javaType="java.lang.String"/>
	<result property="distReqEmpno"           column="DIST_REQ_EMPNO"            jdbcType="VARCHAR"        javaType="java.lang.String"/>
	<result property="distReqEmpnoNm"         column="DIST_REQ_EMPNO_NM"         jdbcType="VARCHAR"        javaType="java.lang.String"/>
	<result property="distReqDt"              column="DIST_REQ_DT"               jdbcType="VARCHAR"        javaType="java.lang.String"/>
	<result property="distAprvYn"             column="DIST_APRV_YN"              jdbcType="VARCHAR"        javaType="java.lang.String"/>
	<result property="distAprvEmpno"          column="DIST_APRV_EMPNO"           jdbcType="VARCHAR"        javaType="java.lang.String"/>
	<result property="distAprvEmpnoNm"        column="DIST_APRV_EMPNO_NM"        jdbcType="VARCHAR"        javaType="java.lang.String"/>
	<result property="distAprvTm"             column="DIST_APRV_TM"              jdbcType="VARCHAR"        javaType="java.lang.String"/>
	<result property="devCmpltYn"             column="DEV_CMPLT_YN"              jdbcType="VARCHAR"        javaType="java.lang.String"/>
	<result property="devEmpno"               column="DEV_EMPNO"                 jdbcType="VARCHAR"        javaType="java.lang.String"/>
	<result property="devEmpnoNm"             column="DEV_EMPNO_NM"              jdbcType="VARCHAR"        javaType="java.lang.String"/>
	<result property="devCmpltDt"             column="DEV_CMPLT_DT"              jdbcType="VARCHAR"        javaType="java.lang.String"/>
	<result property="distCmpltYn"            column="DIST_CMPLT_YN"             jdbcType="VARCHAR"        javaType="java.lang.String"/>
	<result property="distEmpno"              column="DIST_EMPNO"                jdbcType="VARCHAR"        javaType="java.lang.String"/>
	<result property="distEmpnoNm"            column="DIST_EMPNO_NM"             jdbcType="VARCHAR"        javaType="java.lang.String"/>
	<result property="distCmpltDt"            column="DIST_CMPLT_DT"             jdbcType="VARCHAR"        javaType="java.lang.String"/>
</resultMap>
    <select id="csrDistributeSearchDao.retrieveCsrDistAproveList" resultMap="clobMap">		
    <![CDATA[        ${queryId}     ]]>
        /* 배포승인 조회 */
        SELECT B.CORP_CD                                                            AS CORP_CD
             , B.CSR_NO                                                             AS CSR_NO
             , B.SEQ                                                                AS SEQ
             , B.TITLE                                                              AS TITLE
             , B.BIZ_SYS_CD                                                         AS BIZ_SYS_CD
             , B.REQ_DT                                                             AS REQ_DT
             , B.REQ_EMPNO                                                          AS REQ_EMPNO
             , (SELECT S.USR_NM FROM TB_USR001 S WHERE S.EMPNO = B.REQ_EMPNO)       AS REQ_EMPNO_NM
             , A.DIST_REQ_CD                                                        AS DIST_REQ_CD
             , A.DIST_REQ_EMPNO                                                     AS DIST_REQ_EMPNO
             , (SELECT S.USR_NM FROM TB_USR001 S WHERE S.EMPNO = A.DIST_REQ_EMPNO)  AS DIST_REQ_EMPNO_NM
             , TRUNC(A.DIST_REQ_DT)                                                 AS DIST_REQ_DT
             , NVL(A.DIST_APRV_YN,'N')                                              AS DIST_APRV_YN
             , A.DIST_APRV_EMPNO                                                    AS DIST_APRV_EMPNO
             , (SELECT S.USR_NM FROM TB_USR001 S WHERE S.EMPNO = A.DIST_APRV_EMPNO) AS DIST_APRV_EMPNO_NM
             , A.DIST_APRV_DT                                                       AS DIST_APRV_DT
             , NVL(A.DEV_CMPLT_YN,'N')                                              AS DEV_CMPLT_YN
             , A.DEV_EMPNO                                                          AS DEV_EMPNO
             , (SELECT S.USR_NM FROM TB_USR001 S WHERE S.EMPNO = A.DEV_EMPNO)       AS DEV_EMPNO_NM
             , TRUNC(A.DEV_CMPLT_DT)                                  				AS DEV_CMPLT_DT
             , NVL(A.DIST_CMPLT_YN,'N')                                             AS DIST_CMPLT_YN
             , A.DIST_EMPNO                                                         AS DIST_EMPNO
             , (SELECT S.USR_NM FROM TB_USR001 S WHERE S.EMPNO = A.DIST_EMPNO)      AS DIST_EMPNO_NM
             , TO_CHAR(A.DIST_CMPLT_DT, 'YYYYMMDD')                                 AS DIST_CMPLT_DT
             , B.STAT_CD
          FROM TB_ITR048 A
             , TB_ITR001 B
         WHERE A.CORP_CD  = B.CORP_CD
           AND A.CSR_NO   = B.CSR_NO
           AND A.SEQ	  = B.SEQ
           AND B.STAT_CD   >= 700
           AND TRUNC(A.DIST_REQ_DT) BETWEEN #{stDt} AND #{edDt}
       <if test="sysCd != null and sysCd  !=''">
           AND B.BIZ_SYS_CD  = #{sysCd}
       </if>
       <if test="devEmpno != null and devEmpno  !=''">
           AND A.DEV_EMPNO   = #{devEmpno}
       </if>
   <choose>
       <when test='distReqGbn != null and "A".equals(distReqGbn)'>
           AND A.DIST_APRV_YN = 'Y'
       </when>
       <when test='distReqGbn != null and "C".equals(distReqGbn)'>
           AND A.DIST_CMPLT_YN = 'Y'
       </when>
   </choose>
       <if test="distCmpltYn != null and distCmpltYn  !=''">
           AND A.DIST_CMPLT_YN   = #{distCmpltYn}
       </if>
         UNION ALL
        SELECT B.CORP_CD                                                            AS CORP_CD
             , B.PJT_KEY                                                            AS CSR_NO
             , 1                                                                    AS SEQ
             , B.PJT_NAME                                                           AS TITLE
             , ''                                                                   AS BIZ_SYS_CD
             , B.REQ_DT                                                             AS REQ_DT
             , B.REQ_EMPNO                                                          AS REQ_EMPNO
             , (SELECT S.USR_NM FROM TB_USR001 S WHERE S.EMPNO = B.REQ_EMPNO)       AS REQ_EMPNO_NM
             , A.DIST_REQ_CD                                                       AS DIST_REQ_CD
             , A.DIST_REQ_EMPNO                                                     AS DIST_REQ_EMPNO
             , (SELECT S.USR_NM FROM TB_USR001 S WHERE S.EMPNO = A.DIST_REQ_EMPNO)  AS DIST_REQ_EMPNO_NM
             , A.DIST_REQ_DT                                                        AS DIST_REQ_DT
             , NVL(A.DIST_APRV_YN,'N')                                              AS DIST_APRV_YN
             , A.DIST_APRV_EMPNO                                                    AS DIST_APRV_EMPNO
             , (SELECT S.USR_NM FROM TB_USR001 S WHERE S.EMPNO = A.DIST_APRV_EMPNO) AS DIST_APRV_EMPNO_NM
             , A.DIST_APRV_DT                                                       AS DIST_APRV_DT
             , NVL(A.DEV_CMPLT_YN,'N')                                              AS DEV_CMPLT_YN
             , A.DEV_EMPNO                                                          AS DEV_EMPNO
             , (SELECT S.USR_NM FROM TB_USR001 S WHERE S.EMPNO = A.DEV_EMPNO)       AS DEV_EMPNO_NM
             , A.DEV_CMPLT_DT                                                       AS DEV_CMPLT_DT
             , NVL(A.DIST_CMPLT_YN,'N')                                             AS DIST_CMPLT_YN
             , A.DIST_EMPNO                                                         AS DIST_EMPNO
             , (SELECT S.USR_NM FROM TB_USR001 S WHERE S.EMPNO = A.DIST_EMPNO)      AS DIST_EMPNO_NM
             , TO_CHAR(A.DIST_CMPLT_DT, 'YYYYMMDD')                                 AS DIST_CMPLT_DT
             , B.STAT_CD
          FROM TB_ITR048 A
             , TB_ITR040 B
         WHERE A.CSR_NO  = B.PJT_KEY
           AND B.STAT_CD   >= 700
           AND TRUNC(A.DIST_REQ_DT) BETWEEN #{stDt} AND #{edDt}
       <if test="sysCd != null and sysCd  !=''">
           AND 1=2
       </if>
       <if test="devEmpno != null and devEmpno  !=''">
           AND A.DEV_EMPNO   = #{devEmpno}
       </if>
   <choose>
       <when test='distReqGbn != null and "A".equals(distReqGbn)'>
           AND A.DIST_APRV_YN = 'Y'
       </when>
       <when test='distReqGbn != null and "C".equals(distReqGbn)'>
           AND A.DIST_CMPLT_YN = 'Y'
       </when>
   </choose>
       <if test="distCmpltYn != null and distCmpltYn  !=''">
           AND A.DIST_CMPLT_YN   = #{distCmpltYn}
       </if>
         ORDER BY CSR_NO, SEQ
    </select>
</mapper>
