<?xml version="1.0" encoding="UTF-8"?>
<!DOCTYPE mapper   PUBLIC "-//mybatis.org//DTD Mapper 3.0//EN" "http://mybatis.org/dtd/mybatis-3-mapper.dtd">
<mapper namespace="csrMonthBackupRsltDao">

    <!-- 2025-06-18 Amazon Q Developer : No Oracle-specific features found, file copied as-is -->
<select id="csrMonthBackupRsltDao.retrieveCsrMonthBackupRslt" resultType="ohMap">		
    <![CDATA[
        ${queryId}
        /* 백업결과 조회 */
        SELECT A.BACKUP_YM             AS BACKUP_YM
             , A.SEQ                   AS SEQ
             , A.BACKUP_OBJ_SVR        AS BACKUP_OBJ_SVR
             , A.BACKUP_KND            AS BACKUP_KND
             , A.BACKUP_METHD          AS BACKUP_METHD
             , A.BACKUP_COUNT          AS BACKUP_COUNT
             , A.SUCCESS_COUNT         AS SUCCESS_COUNT
             , A.FAILED_COUNT		   AS FAILED_COUNT
          FROM TB_ITR057 A
         WHERE 1=1
           AND A.BACKUP_YM = #{backupYm}
           AND A.BACKUP_RSLT_GBN_CD = 'RESULT_LIST'
         ORDER BY A.BACKUP_YM, A.SEQ
		]]>
    </select>

    <!-- 2025-06-18 Amazon Q Developer : Converted DECODE functions to CASE WHEN statements -->
<select id="csrMonthBackupRsltDao.retrieveCsrMonthBackupRsltCount" resultType="ohMap">		
    <![CDATA[
		SELECT MAX(BACKUP_OBJ_SVR) AS BACKUP_OBJ_SVR
		     , SUM(BACKUP_COUNT)   AS BACKUP_COUNT
		     , SUM(SUCCESS_COUNT)  AS SUCCESS_COUNT
		     , SUM(FAILED_COUNT)   AS FAILED_COUNT
		     , MAX(BACKUP_ACTN_ITMZ) AS BACKUP_ACTN_ITMZ
		  FROM (
		        SELECT CASE WHEN BACKUP_RSLT_GBN_CD = 'RESULT_SUMMARY' THEN BACKUP_OBJ_SVR ELSE '' END  AS BACKUP_OBJ_SVR
		             , CASE WHEN BACKUP_RSLT_GBN_CD = 'RESULT_LIST' THEN BACKUP_COUNT ELSE 0 END        AS BACKUP_COUNT
		             , CASE WHEN BACKUP_RSLT_GBN_CD = 'RESULT_LIST' THEN SUCCESS_COUNT ELSE 0 END       AS SUCCESS_COUNT
		             , CASE WHEN BACKUP_RSLT_GBN_CD = 'RESULT_LIST' THEN FAILED_COUNT ELSE 0 END        AS FAILED_COUNT
		             , CASE WHEN BACKUP_RSLT_GBN_CD = 'RESULT_SUMMARY' THEN BACKUP_ACTN_ITMZ ELSE '' END  AS BACKUP_ACTN_ITMZ
		          FROM TB_ITR057 A
		         WHERE 1=1
		           AND A.BACKUP_YM = #{backupYm}
		        )
 		]]>
    </select>

    <!-- 2025-06-18 Amazon Q Developer : Converted SYSDATE to CURRENT_TIMESTAMP -->
<insert id="csrMonthBackupRsltDao.insertCsrMonthBackupRslt">
        <![CDATA[
        ${queryId}
        /* 백업결과 등록 */
        INSERT 
          INTO TB_ITR057
             ( BACKUP_YM
             , SEQ
             , BACKUP_RSLT_GBN_CD
             , BACKUP_OBJ_SVR
             , BACKUP_KND
             , BACKUP_METHD
             , BACKUP_COUNT
             , SUCCESS_COUNT
             , FAILED_COUNT
             , BACKUP_ACTN_ITMZ
             , RGTER_ID
             , RGT_DATE
             , MODER_ID
             , MOD_DATE
             )
        VALUES
             ( #{backupYm}
             , #{seq}
             , #{backupRsltGbnCd}
             , #{backupObjSvr}
             , #{backupKnd}
             , #{backupMethd}
             , #{backupCount}
             , #{successCount}
             , #{failedCount}
             , #{backupActnItmz}
             , #{empno}
             , CURRENT_TIMESTAMP
             , #{empno}
             , CURRENT_TIMESTAMP
             )
        ]]>
    </insert>

    <!-- 2025-06-18 Amazon Q Developer : No Oracle-specific features found, file copied as-is -->
<delete id="csrMonthBackupRsltDao.deleteCsrMonthBackupRslt">
        <![CDATA[
        ${queryId}
        /* 백업결과 삭제 */
        DELETE FROM TB_ITR057
         WHERE 1=1
           AND BACKUP_YM = #{backupYm}
        ]]>
    </delete>

</mapper>
