<?xml version="1.0" encoding="UTF-8"?>
<!DOCTYPE mapper   PUBLIC "-//mybatis.org//DTD Mapper 3.0//EN" "http://mybatis.org/dtd/mybatis-3-mapper.dtd">

<mapper namespace="csrMasterMgtDao"> 

<!-- 구분마스터 -->
	<select id="csrMasterMgtDao.retrieveCsrType" resultType="ohMap">		
 		<![CDATA[
 		${queryId}    
        SELECT 
           B.COM_CD_NM
        ,  B.COM_CD   
        ,  A.TYPE_MAST_SEQ
		,  B.COM_CD CSR_TYPE
		,  A.BIZ_RATE
		,  A.APLY_ST_DT
		,  A.APLY_ED_DT  
        ,  NVL(( SELECT S.USR_NM FROM TB_USR001 S WHERE S.USR_ID =  A.RGTER_ID and ROWNUM =1  ), A.RGTER_ID  ) RGTER_NM 
        ,  A.RGT_DATE       
        FROM TB_ITR020 A
        ,    TB_COM001 B
        WHERE B.GRP_CD = 'CSR_TYPE'
        AND   B.COM_CD = A.CSR_TYPE(+) 
		]]> 
		<if test="referDate != null and referDate  !=''">
		AND    #{referDate}  BETWEEN  A.APLY_ST_DT   AND A.APLY_ED_DT 
		</if>
        ORDER BY B.SORT_SEQC
	</select> 
    
    <update id="csrMasterMgtDao.updateCsrType">   		
        <![CDATA[
     		 ${queryId}
				MERGE INTO  TB_ITR020 A USING 
		       (SELECT    #{typeMastSeq} TYPE_MAST_SEQ
		        FROM DUAL    ) B 
				ON (        A.TYPE_MAST_SEQ = #{typeMastSeq}       ) 
				WHEN MATCHED THEN 
				   UPDATE  
				   SET    CSR_TYPE =    #{csrType} 
				   ,   BIZ_RATE =    #{bizRate} 
				   ,   APLY_ST_DT =    #{aplyStDt} 
				   ,   APLY_ED_DT =    #{aplyEdDt}  
				   ,   MODER_ID =    #{usrId} 
				   ,   MOD_DATE =    SYSDATE
				WHEN NOT MATCHED THEN 
				INSERT  ( 
				   TYPE_MAST_SEQ,
				   CSR_TYPE,
				   BIZ_RATE,
				   APLY_ST_DT,
				   APLY_ED_DT,
				   RGTER_ID,
				   RGT_DATE,
				   MODER_ID,
				   MOD_DATE)
				VALUES (
				   (SELECT NVL( MAX(TYPE_MAST_SEQ),0 )+1  FROM TB_ITR020 ),
				   #{csrType},
				   #{bizRate},
				   #{aplyStDt},
				   #{aplyEdDt},
				   #{usrId},
				   SYSDATE,
				   #{usrId},
				   SYSDATE) 
        ]]>
    </update> 
    <delete id="csrMasterMgtDao.deleteCsrType">   		
        <![CDATA[ 
			DELETE  FROM  TB_ITR020 
			WHERE   TYPE_MAST_SEQ  =   #{typeMastSeq} 
        ]]>
    </delete> 
    
     
<!-- 구분 항목마스터 -->
	<select id="csrMasterMgtDao.retrieveCsrTypeItem" resultType="ohMap">		
 		<![CDATA[
 		${queryId}    
		SELECT
          B.COM_CD CSR_TYPE_ITEM
         ,B.COM_CD_NM
        , A.TYPE_ITEM_SEQ
        , A.CSR_TYPE 
        , A.WORKHOUR_USE_YN
        , A.DELIV_USE_YN
        , A.SATISFT_USE_YN
        , A.APLY_ST_DT
        , A.APLY_ED_DT
        , A.RGTER_ID
        , A.RGT_DATE
        , A.MODER_ID
        , A.MOD_DATE
        ,     NVL(( SELECT S.USR_NM FROM TB_USR001 S WHERE S.USR_ID =  A.RGTER_ID and ROWNUM =1  ), A.RGTER_ID  ) RGTER_NM
 
		FROM  TB_ITR022 A 
        ,     TB_COM001 B
        WHERE B.GRP_CD = 'CSR_TYPE_ITEM'
        AND   B.COM_CD = A.CSR_TYPE_ITEM(+)
        ORDER BY B.SORT_SEQC
		]]>	
	</select> 
    
    <update id="csrMasterMgtDao.updateCsrTypeItem">   		
        <![CDATA[
     		 ${queryId}
MERGE INTO  TB_ITR022 A USING 
       (SELECT    #{typeItemSeq} TYPE_ITEM_SEQ
        FROM DUAL    ) B 
ON (        A.TYPE_ITEM_SEQ = #{typeItemSeq}       ) 
WHEN MATCHED THEN 
   UPDATE  
   SET 
       CSR_TYPE =    #{csrType} 
   ,   CSR_TYPE_ITEM =    #{csrTypeItem} 
   ,   WORKHOUR_USE_YN =    #{workhourUseYn} 
   ,   DELIV_USE_YN =    #{delivUseYn} 
   ,   SATISFT_USE_YN =    #{satisftUseYn} 
   ,   APLY_ST_DT =    #{aplyStDt} 
   ,   APLY_ED_DT =    #{aplyEdDt} 

   ,   MODER_ID =    #{usrId} 
   ,   MOD_DATE =    SYSDATE 
WHEN NOT MATCHED THEN 
INSERT  ( 
   TYPE_ITEM_SEQ,
   CSR_TYPE,
   CSR_TYPE_ITEM,
   WORKHOUR_USE_YN,
   DELIV_USE_YN,
   SATISFT_USE_YN,
   APLY_ST_DT,
   APLY_ED_DT,
   RGTER_ID,
   RGT_DATE,
   MODER_ID,
   MOD_DATE)
VALUES (
	(SELECT NVL( MAX(TYPE_ITEM_SEQ),0 )+1  FROM TB_ITR022 ),
   #{csrType},
   #{csrTypeItem},
   #{workhourUseYn},
   #{delivUseYn},
   #{satisftUseYn},
   #{aplyStDt},
   #{aplyEdDt},
   #{usrId},
   SYSDATE,
   #{usrId},
   SYSDATE)
        ]]>
    </update> 
    <delete id="csrMasterMgtDao.deleteCsrTypeItem">   		
        <![CDATA[ 
			DELETE  FROM  TB_ITR022 
			WHERE   TYPE_ITEM_SEQ  =   #{typeItemSeq} 
        ]]>
    </delete> 
    
    
    
<!-- 공수 마스터 -->
	<select id="csrMasterMgtDao.retrieveWorkHour" resultType="ohMap">		
 		<![CDATA[
 		${queryId}    
		SELECT
             B.COM_CD_NM
        ,    B.COM_CD WH_LVL
        ,    A.WORKHOUR_SEQ 
        ,    A.WORKHOUR
        ,    A.APLY_ST_DT
        ,    A.APLY_ED_DT
        ,    A.RGTER_ID
        ,    A.RGT_DATE
        ,    A.MODER_ID
        ,    A.MOD_DATE
        ,     NVL(( SELECT S.USR_NM FROM TB_USR001 S WHERE S.USR_ID =  A.RGTER_ID AND ROWNUM =1  ), A.RGTER_ID  ) RGTER_NM
 
		FROM  TB_ITR023 A 
        ,     TB_COM001 B
        WHERE B.GRP_CD = 'CSR_BIZ_LVL'
        AND   B.COM_CD = A.WH_LVL(+)     
        ORDER BY B.SORT_SEQC
		]]>	
	</select> 
    
    <update id="csrMasterMgtDao.updateWorkHour">   		
        <![CDATA[
     		 ${queryId}
MERGE INTO  TB_ITR023 A USING 
       (SELECT    #{workhourSeq} WORKHOUR_SEQ
        FROM DUAL    ) B 
ON (        A.WORKHOUR_SEQ = #{workhourSeq}       ) 
WHEN MATCHED THEN 
   UPDATE  
   SET 
       WH_LVL =    #{whLvl} 
   ,   APLY_ST_DT =    #{aplyStDt} 
   ,   APLY_ED_DT =    #{aplyEdDt} 
   ,   WORKHOUR =    #{workhour}
   ,   MODER_ID =    #{usrId} 
   ,   MOD_DATE =    SYSDATE 
WHEN NOT MATCHED THEN 
INSERT  ( 
   WORKHOUR_SEQ,
   WH_LVL,
   WORKHOUR,
   APLY_ST_DT,
   APLY_ED_DT,
   RGTER_ID,
   RGT_DATE,
   MODER_ID,
   MOD_DATE)
VALUES (
	(SELECT NVL( MAX(WORKHOUR_SEQ),0 )+1  FROM TB_ITR023 ),
   #{whLvl},
   #{workhour},
   #{aplyStDt},
   #{aplyEdDt},
   #{usrId},
   SYSDATE,
   #{usrId},
   SYSDATE)
        ]]>
    </update> 
    <delete id="csrMasterMgtDao.deleteWorkHour">   		
        <![CDATA[ 
			DELETE  FROM  TB_ITR023 
			WHERE   WORKHOUR_SEQ  =   #{workhourSeq} 
        ]]>
    </delete> 
    
    
  <!-- 난이도지표 마스터 -->
	<select id="csrMasterMgtDao.retrieveDiffDegre" resultType="ohMap">		
 		<![CDATA[
 		${queryId}    
        SELECT B.COM_CD
        ,     B.COM_CD_NM,
              A.DIFF_DEGRE_SEQ
        ,     B.COM_CD DIFF_DEGRE
        ,     A.WORKHOUR
        ,     A.APLY_ST_DT
        ,     A.APLY_ED_DT
        ,     A.RGTER_ID
        ,     A.RGT_DATE
        ,     A.MODER_ID
        ,     A.MOD_DATE
        ,     NVL(( SELECT S.USR_NM FROM TB_USR001 S WHERE S.USR_ID =  A.RGTER_ID and ROWNUM =1  ), A.RGTER_ID  ) RGTER_NM
        ,     B.ETC_CHAR_VAL_01
        ,     B.ETC_CHAR_VAL_02

		FROM  TB_ITR024 A 
        ,     TB_COM001 B
        WHERE B.GRP_CD = 'DIFF_DEGRE'
        AND   B.COM_CD = A.DIFF_DEGRE  (+)     
        ORDER BY B.SORT_SEQC
		]]>	
	</select> 
    
    <update id="csrMasterMgtDao.updateDiffDegre">   		
        <![CDATA[
     		 ${queryId}
MERGE INTO  TB_ITR024 A USING 
       (SELECT    #{diffDegreSeq} DIFF_DEGRE_SEQ
        FROM DUAL    ) B 
ON (        A.DIFF_DEGRE_SEQ = #{diffDegreSeq}       ) 
WHEN MATCHED THEN 
   UPDATE  
   SET 
   WORKHOUR =    #{workhour} 
   ,   APLY_ST_DT =    #{aplyStDt} 
   ,   APLY_ED_DT =    #{aplyEdDt}  
   ,   MODER_ID =    #{usrId} 
   ,   MOD_DATE =    SYSDATE
WHEN NOT MATCHED THEN 
INSERT  ( 
   DIFF_DEGRE_SEQ,
   DIFF_DEGRE,
   WORKHOUR,
   APLY_ST_DT,
   APLY_ED_DT,
   RGTER_ID,
   RGT_DATE,
   MODER_ID,
   MOD_DATE)
VALUES (
   (SELECT NVL( MAX(DIFF_DEGRE_SEQ),0 )+1  FROM TB_ITR024 ) ,
   #{diffDegre},
   #{workhour},
   #{aplyStDt},
   #{aplyEdDt},
   #{usrId},
    SYSDATE ,
   #{usrId},
   SYSDATE)
        ]]>
    </update> 
    <delete id="csrMasterMgtDao.deleteDiffDegre">   		
        <![CDATA[ 
			DELETE  FROM  TB_ITR024 
			WHERE   DIFF_DEGRE_SEQ  =   #{diffDegreSeq} 
        ]]>
    </delete> 
</mapper>
