<?xml version="1.0" encoding="UTF-8"?>
<!DOCTYPE mapper   PUBLIC "-//mybatis.org//DTD Mapper 3.0//EN" "http://mybatis.org/dtd/mybatis-3-mapper.dtd">
<mapper namespace="csrMainDao">

<!-- 2025-06-18 Amazon Q Developer : Converted Oracle SQL to PostgreSQL - removed FROM DUAL, converted ROWNUM to LIMIT, converted outer joins, converted NVL to COALESCE -->

<select id="csrMainDao.retrieveMyCsr" resultType="ohMap">		
 	 <![CDATA[
 		${queryId}
        WITH PARAM AS (
              SELECT #{empno}  S_EMPNO
        ) 
        SELECT TO_CHAR( A.REQ_DT , 'YYYYMMDD') REQ_DT 
        ,      A.STAT_CD
        ,	   
		       CASE WHEN A.STAT_CD IN ('100', '200' ) THEN '접수대기'  
		            WHEN A.STAT_CD IN ('250' ) THEN '접수중'
		            WHEN A.STAT_CD IN ( '400','500','550','700' ) THEN '처리중'
		            WHEN A.STAT_CD IN ('900' ) THEN '처리완료'
		            WHEN A.STAT_CD IN ('600' ) THEN '' END CURR_STAT_CD_NM
        ,	  (SELECT S.COM_CD_NM
                FROM TB_COM001 S
		        WHERE S.GRP_CD = 'STAT_CD'
		        AND  S.COM_CD = A.STAT_CD
		        LIMIT 1 )  STAT_CD_NM
		,      A.BIZ_SYS_CD
        ,	  (SELECT S.COM_CD_NM
                FROM TB_COM001 S
		        WHERE S.GRP_CD = 'SYS_CD'
		        AND  S.COM_CD = A.BIZ_SYS_CD
		        LIMIT 1 ) BIZ_SYS_CD_NM
		,      A.BIZ_TYPE
        ,	  (SELECT S.COM_CD_NM
                FROM TB_COM001 S
		        WHERE S.GRP_CD = 'CSR_BIZ_TYPE'
		        AND  S.COM_CD = A.BIZ_TYPE
		        LIMIT 1 ) BIZ_TYPE_NM
        ,      (SELECT S1.USR_NM  
                FROM  TB_USR001 S1 
                WHERE S1.EMPNO = A.RSPBER_EMPNO
                LIMIT 1) RSPBER_EMPNO_NM
                
        ,      (SELECT CO_TELNO
                FROM   TB_USR001 S 
                WHERE  1=1 --S.CORP_CD = A.CORP_CD
                AND    S.EMPNO   = A.RSPBER_EMPNO
                LIMIT 1 ) RSPBER_EMPNO_TELNO
		,      A.TITLE  
        ,      TO_CHAR( A.DELIVR_DATE  , 'YYYYMMDD') DELIVR_DATE
        ,      TO_CHAR( A.COMPLTE_DATE , 'YYYYMMDD') COMPLTE_DATE
        ,      A.CORP_CD
        ,      A.CSR_NO
        ,      A.SEQ
		FROM   TB_ITR001 A 
		LEFT OUTER JOIN TB_ITR009 E ON (A.CSR_NO = E.CSR_NO AND A.SEQ = E.SEQ)
		,      PARAM P
		WHERE  1=1  
        AND    A.SEQ = (SELECT MAX(S.SEQ ) FROM  TB_ITR001 S WHERE S.CSR_NO = A.CSR_NO AND S.MAIN_SEQ = 0 )
        AND    E.CSR_NO  IS NULL
        AND    A.STAT_CD NOT IN ('150', '600', '650', '750', '900')  --650:접수 반려, 750:업무종결 추가 
		]]>	
		<if test="empno != null and empno !=''">  
        AND ((EXISTS (SELECT 1 FROM TABLE(FN_TB_SYSCD(P.S_EMPNO,'3','N')) WHERE SPLIT_VALUE = A.BIZ_SYS_CD)) OR
             (A.REQ_EMPNO  = COALESCE( P.S_EMPNO, A.REQ_EMPNO)))
        </if>
 		<![CDATA[
        ORDER BY A.REQ_DT DESC
        ,        CASE WHEN A.STAT_CD IN ('100','200')  THEN 1
                      WHEN A.STAT_CD IN ('250' ) THEN 2
                      WHEN A.STAT_CD IN ( '400','500','550','700' ) THEN 3
                      WHEN A.STAT_CD IN ('900' ) THEN 4
                      WHEN A.STAT_CD IN ('600' ) THEN 5
                      ELSE 9
                 END
                                 
		]]>	
	</select>

<!-- 2025-06-18 Amazon Q Developer : Converted Oracle SQL to PostgreSQL - converted ROWNUM to LIMIT, converted outer joins, converted TRUNC to DATE_TRUNC, converted LAST_DAY -->

<select id="csrMainDao.retrieveCsrBySystem" resultType="ohMap">		
 	 <![CDATA[
 		${queryId}
        SELECT
         	  (SELECT S.COM_CD_NM
                FROM TB_COM001 S
		        WHERE S.GRP_CD = 'SYS_CD'
		        AND  S.COM_CD = A.BIZ_SYS_CD
		        LIMIT 1 ) BIZ_SYS_CD_NM
                
		,     SUM ( CASE WHEN A.STAT_CD IN ('100','200') THEN 1 ELSE 0 END  ) RCV_HOLD
		,     SUM ( CASE WHEN A.STAT_CD IN ('250' ) THEN 1 ELSE 0 END  ) RCV_ING
		,     SUM ( CASE WHEN A.STAT_CD IN ( '400','500','550','700' ) THEN 1 ELSE 0 END  ) JOB_ING -- 처리중
		,     SUM ( CASE WHEN A.STAT_CD IN ('900' ) THEN 1 ELSE 0 END  ) JOB_COMP -- 처리완료
		,     SUM ( CASE WHEN A.STAT_CD IN ('600' ) THEN 1 ELSE 0 END  ) APPR_REJ -- 반려/부결
		FROM   TB_ITR001 A  
        LEFT OUTER JOIN TB_COM001 C ON (C.GRP_CD ='SYS_CD' AND C.COM_CD = A.BIZ_SYS_CD)
		WHERE  1=1  
        AND    A.SEQ = (SELECT MAX(S.SEQ ) FROM  TB_ITR001 S WHERE S.CSR_NO = A.CSR_NO AND S.MAIN_SEQ = 0 )
	    AND DATE_TRUNC('day', REQ_DT) >= TO_DATE(#{reqDt}||'01', 'YYYYMMDD')
	    AND DATE_TRUNC('day', REQ_DT) <= (DATE_TRUNC('MONTH', TO_DATE(#{reqDt},'YYYYMM')) + INTERVAL '1 MONTH - 1 day')
        GROUP BY A.BIZ_SYS_CD ,SORT_SEQC
        ORDER BY SORT_SEQC   
		]]>	
	</select>

<!-- 2025-06-18 Amazon Q Developer : Converted Oracle SQL to PostgreSQL - converted outer joins, converted SYSDATE to CURRENT_TIMESTAMP, converted SUBSTR to SUBSTRING -->

<select id="csrMainDao.retrieveNoticeList" resultType="ohMap">		
 	 <![CDATA[
 		${queryId}
        SELECT      A.TITL
                    , (SELECT COUNT(ATCH_FILE_ID)
                      FROM TB_COM003 D
                     WHERE D.ATCH_FILE_ID = A.NOTICE_SEQ
                       AND D.DEL_YN = 'N'
                   ) FILE_CNT
        ,         A.NOTICE_SEQ
        ,         (SELECT USR_NM  
                   FROM TB_USR001  
                   WHERE USR_ID = A.MODER_ID) || REPLACE( ' ['|| (SELECT FC_GET_EMPNO_TO_DEPT(C.EMPNO, 'N' /*N:부서명, C:부서코드*/))||'] ' , '[]', '') DISP_USR_NM
        ,          TO_CHAR(A.MOD_DATE,'YYYYMMDD' ) MOD_DATE
        FROM   TB_SYS008 A
        LEFT OUTER JOIN TB_USR001 C ON (A.MODER_ID = C.USR_ID)          
        WHERE  A.DEL_YN='N'
        AND    A.VIEW_YN='Y'
        AND    CURRENT_TIMESTAMP BETWEEN   A.NTC_ST_DT   AND  TO_TIMESTAMP( SUBSTRING( TO_CHAR( A.NTC_ED_DT, 'YYYYMMDDHH24MISS') , 1, 8 ) || '235959', 'YYYYMMDDHH24MISS' )
                                 
		]]>	
	</select>

</mapper>
