<?xml version="1.0" encoding="UTF-8"?>
<!DOCTYPE mapper   PUBLIC "-//mybatis.org//DTD Mapper 3.0//EN" "http://mybatis.org/dtd/mybatis-3-mapper.dtd">

<mapper namespace="csrMailDao"> 
	<select id="csrMailDao.saveMailSend" statementType="CALLABLE" parameterType="map"  resultType="ohMap">
	 		${queryId}
    	{ call ITSM_APP.SP_SEND_MAIL(
    				   #{mailHeader,mode=IN,jdbcType=VARCHAR} 
                     , #{mailContent,mode=IN,jdbcType=VARCHAR}
                     , #{sendNm,mode=IN,jdbcType=VARCHAR}
                     , #{sendEmail,mode=IN,jdbcType=VARCHAR}
                     , #{recvNm,mode=IN,jdbcType=DECIMAL}
                     , #{recvEmail,mode=IN,jdbcType=VARCHAR}                                                                                                            
                     , #{V_RETURN,mode=OUT,jdbcType=VARCHAR}
                     , #{V_ERRMSG,mode=OUT,jdbcType=VARCHAR}
                     ) 
 		}
	</select>
	<select id="csrMailDao.saveMailSendTest" statementType="CALLABLE" parameterType="map"  resultType="ohMap">
	 		${queryId}
    	{ call ITSM_APP.SP_SEND_MAIL_TEST(
    				   #{mailHeader,mode=IN,jdbcType=VARCHAR} 
                     , #{mailContent,mode=IN,jdbcType=VARCHAR}
                     , #{sendNm,mode=IN,jdbcType=VARCHAR}
                     , #{sendEmail,mode=IN,jdbcType=VARCHAR}
                     , #{recvNm,mode=IN,jdbcType=DECIMAL}
                     , #{recvEmail,mode=IN,jdbcType=VARCHAR}                                                                                                            
                     , #{V_RETURN,mode=OUT,jdbcType=VARCHAR}
                     , #{V_ERRMSG,mode=OUT,jdbcType=VARCHAR}
                     ) 
 		}
	</select>
<select id="csrMailDao.retrieveRcvMail4Req" resultType="ohMap">	
 		<![CDATA[
 		 	${queryId}
			SELECT EMPNO_NM
			     , EMP_MAIL
			  FROM (SELECT   (SELECT S.USR_NM FROM TB_USR001 S WHERE S.EMPNO =  A.RSPBER_A_EMPNO AND ROWNUM =1 ) EMPNO_NM
					,        (SELECT S.EMAIL FROM  TB_USR001 S WHERE S.EMPNO =A.RSPBER_A_EMPNO AND ROWNUM=1) EMP_MAIL
					FROM TB_ITR010 A
					WHERE  A.SYS_CD = #{sysCd}
					UNION ALL
					SELECT 
					         (SELECT S.USR_NM FROM TB_USR001 S WHERE S.EMPNO =  A.RSPBER_B_EMPNO AND ROWNUM =1 ) EMPNO_NM
					,        (SELECT S.EMAIL FROM  TB_USR001 S WHERE S.EMPNO  = A.RSPBER_B_EMPNO AND ROWNUM=1) EMP_MAIL
					FROM TB_ITR011 A
					,    TB_ITR010 B
					WHERE B.SYS_CD = #{sysCd}
					AND   A.GBN_CD = 'SYSTEM'
					AND   A.OPER_SEQ = B.OPER_SEQ
			       )
			 GROUP BY EMPNO_NM, EMP_MAIL
 		]]> 
</select>
<select id="csrMailDao.retrieveRcvMail4Pjt" resultType="ohMap">	
 		${queryId}
 		SELECT MAX(TYPE) AS TYPE
 		     , EMPNO_NM
 		     , EMP_MAIL
		  FROM (
				SELECT   'RESP' TYPE   ,
				          (SELECT S.USR_NM FROM TB_USR001 S WHERE S.EMPNO =  A.RESP_EMPNO AND ROWNUM =1 ) EMPNO_NM
				 ,        (SELECT S.EMAIL FROM  TB_USR001 S WHERE S.EMPNO =A.RESP_EMPNO AND ROWNUM=1) EMP_MAIL
				FROM TB_ITR040  A WHERE A.PJT_KEY = #{pjtKey}
				UNION ALL
				SELECT   'PART' TYPE   ,
				          (SELECT S.USR_NM FROM TB_USR001 S WHERE S.EMPNO =  A.PARTIC_EMPNO AND ROWNUM =1 ) EMPNO_NM
				 ,        (SELECT S.EMAIL FROM  TB_USR001 S WHERE S.EMPNO =A.PARTIC_EMPNO AND ROWNUM=1) EMP_MAIL
				FROM TB_ITR042  A WHERE A.PJT_KEY = #{pjtKey}
				)
          GROUP BY EMPNO_NM, EMP_MAIL
</select>	
<select id="csrMailDao.retrieveRcvMail4PjtResp" resultType="ohMap">	
 		${queryId}
SELECT 
          (SELECT S.USR_NM FROM TB_USR001 S WHERE S.EMPNO =   A.RESP_EMPNO AND ROWNUM =1 ) EMPNO_NM
 ,        (SELECT S.EMAIL FROM  TB_USR001 S WHERE S.EMPNO =A.RESP_EMPNO AND ROWNUM=1) EMP_MAIL
FROM TB_ITR040  A WHERE A.PJT_KEY = #{pjtKey}

</select>	
<select id="csrMailDao.retrieveRcvMail4CsrCheck" resultType="ohMap">	
 		${queryId}
 		SELECT EMPNO_NM
 		     , EMP_MAIL
 		  FROM (
				SELECT 
				          (SELECT S.USR_NM FROM TB_USR001 S WHERE S.EMPNO =   A.REQ_EMPNO AND ROWNUM =1 ) EMPNO_NM
				 ,        (SELECT S.EMAIL FROM  TB_USR001 S WHERE S.EMPNO =A.REQ_EMPNO AND ROWNUM=1) EMP_MAIL
				FROM TB_ITR001  A WHERE A.CSR_NO=#{csrNo} AND A.SEQ=#{seq}
				UNION ALL
				SELECT 
				          (SELECT S.USR_NM FROM TB_USR001 S WHERE S.EMPNO =   #{checkRspberEmpno} AND ROWNUM =1 ) EMPNO_NM
				 ,        (SELECT S.EMAIL FROM  TB_USR001 S WHERE S.EMPNO =#{checkRspberEmpno} AND ROWNUM=1) EMP_MAIL
				FROM DUAL
			  )
        GROUP BY EMPNO_NM, EMP_MAIL
</select>	
<select id="csrMailDao.retrieveRcvMail4CsrAdd" resultType="ohMap">	
 		${queryId}
SELECT 
          (SELECT S.USR_NM FROM TB_USR001 S WHERE S.EMPNO =   A.REQ_EMPNO AND ROWNUM =1 ) EMPNO_NM
 ,        (SELECT S.EMAIL FROM  TB_USR001 S WHERE S.EMPNO =A.REQ_EMPNO AND ROWNUM=1) EMP_MAIL
FROM TB_ITR001  A WHERE A.CSR_NO=#{csrNo} AND A.SEQ=#{seq}
 
</select>	
<select id="csrMailDao.retrieveRcvMail4CsrCheckConf" resultType="ohMap">	
 		${queryId}
SELECT 
          (SELECT S.USR_NM FROM TB_USR001 S WHERE S.EMPNO   =  A.RSPBER_EMPNO AND ROWNUM =1 ) EMPNO_NM
 ,        (SELECT S.EMAIL FROM  TB_USR001 S WHERE S.EMPNO =  A.RSPBER_EMPNO AND ROWNUM=1) EMP_MAIL
FROM TB_ITR001  A WHERE A.CSR_NO=#{csrNo} AND A.SEQ=#{seq}
 
</select>	
<select id="csrMailDao.retrieveRcvMail4CsrOthSys" resultType="ohMap">	
 		${queryId}
 		SELECT EMPNO_NM
 		     , EMP_MAIL
 		  FROM (
				SELECT (SELECT S.USR_NM FROM TB_USR001 S WHERE S.EMPNO =   A.RSPBER_A_EMPNO AND ROWNUM =1 ) EMPNO_NM
				 ,     (SELECT S.EMAIL FROM  TB_USR001 S WHERE S.EMPNO =A.RSPBER_A_EMPNO AND ROWNUM=1) EMP_MAIL
				FROM TB_ITR010 A 
			   WHERE A.SYS_CD = #{bizSysCd}
				UNION ALL
				SELECT (SELECT S.USR_NM FROM TB_USR001 S WHERE S.EMPNO =  A.RSPBER_B_EMPNO AND ROWNUM =1 ) EMPNO_NM
				 ,     (SELECT S.EMAIL FROM  TB_USR001 S WHERE S.EMPNO =A.RSPBER_B_EMPNO AND ROWNUM=1) EMP_MAIL
				FROM TB_ITR011 A 
			   WHERE A.OPER_SEQ IN ( SELECT A.OPER_SEQ FROM TB_ITR010 A WHERE A.SYS_CD =  #{bizSysCd}  )
				 AND A.GBN_CD = 'SYSTEM'
			    )
		GROUP BY EMPNO_NM, EMP_MAIL
 
</select>	
<select id="csrMailDao.retrieveRcvMail4CsrJoin" resultType="ohMap">	
 		${queryId}
SELECT 
          (SELECT S.USR_NM FROM TB_USR001 S WHERE S.EMPNO =   A.REQ_EMPNO AND ROWNUM =1 ) EMPNO_NM
 ,        (SELECT S.EMAIL FROM  TB_USR001 S WHERE S.EMPNO =  A.REQ_EMPNO AND ROWNUM =1 ) EMP_MAIL
FROM TB_ITR001  A WHERE A.CSR_NO=#{csrNo} AND A.SEQ=#{seq}
 
</select>	
<select id="csrMailDao.retrieveRcvMail4CsrRcv" resultType="ohMap">	
 		${queryId}
SELECT 
          (SELECT S.USR_NM FROM TB_USR001 S WHERE S.EMPNO =    A.REQ_EMPNO AND ROWNUM =1 ) EMPNO_NM
 ,        (SELECT S.EMAIL FROM  TB_USR001 S WHERE S.EMPNO =  A.REQ_EMPNO AND ROWNUM =1 ) EMP_MAIL
FROM TB_ITR001  A WHERE A.CSR_NO=#{csrNo} AND A.SEQ=#{seq}
 
</select>	
<select id="csrMailDao.retrieveRcvMailToRspberEmpNo" resultType="ohMap">	
 		${queryId}
SELECT 
          (SELECT S.USR_NM FROM TB_USR001 S WHERE S.EMPNO =    A.RSPBER_EMPNO AND ROWNUM =1 ) EMPNO_NM
 ,        (SELECT S.EMAIL FROM  TB_USR001 S WHERE S.EMPNO =  A.RSPBER_EMPNO AND ROWNUM=1) EMP_MAIL
FROM TB_ITR001  A WHERE A.CSR_NO=#{csrNo} AND A.SEQ=#{seq}
 
</select>	

<select id="csrMailDao.retrieveRcvMailToApprove" resultType="ohMap">	
 		${queryId}
        SELECT '0' CHK  
        ,      B.USR_NM EMPNO_NM
        ,      A.APRVL_EMPNO APPR_EMPNO
		,      B.CORP_CD     
        ,      B.ORGN_NM APPR_ORG_NM   
        ,      B.EMAIL  EMP_MAIL 
        FROM   TB_ITR010 A 
        ,      TB_USR001 B 
        WHERE  A.SYS_CD =   (SELECT S.BIZ_SYS_CD FROM TB_ITR001 S WHERE S.CSR_NO = #{csrNo} AND S.SEQ=#{seq} )
        AND    B.EMPNO =  A.APRVL_EMPNO 
</select>	

<select id="csrMailDao.retrieveAuthRcvMail" resultType="ohMap">	
 		<![CDATA[
            ${queryId}
	        SELECT EMPNO_NM
	             , EMP_MAIL
	          FROM (/* 권한담당자 (정) */
	                SELECT (SELECT S.USR_NM FROM TB_USR001 S WHERE S.EMPNO =  C.AUTH_RSPBER_A_EMPNO AND ROWNUM =1 ) EMPNO_NM
	                     , (SELECT S.EMAIL FROM  TB_USR001 S WHERE S.EMPNO  = C.AUTH_RSPBER_A_EMPNO AND ROWNUM=1)   EMP_MAIL
	                  FROM TB_ITR001 A
                         , TB_ITR017 B
                         , TB_ITR010 C
	                 WHERE 1=1
                       AND A.CSR_NO  = #{csrNo}
	                   AND A.SEQ     = #{seq}
                       AND A.CORP_CD = B.CORP_CD
                       AND A.CSR_NO  = B.CSR_NO
                       AND A.SEQ     = B.SEQ
	                   AND B.BIZ_SYS_CD = C.SYS_CD
	                 UNION ALL
                    /* 권한담당자 (부) */
                    SELECT (SELECT S.USR_NM FROM TB_USR001 S WHERE S.EMPNO =  C.RSPBER_B_EMPNO AND ROWNUM =1 ) EMPNO_NM
	                     , (SELECT S.EMAIL FROM  TB_USR001 S WHERE S.EMPNO  = C.RSPBER_B_EMPNO AND ROWNUM=1)   EMP_MAIL
	                  FROM TB_ITR017 A
	                     , TB_ITR010 B
	                     , TB_ITR011 C
	                 WHERE 1=1
	                   AND A.CSR_NO     = #{csrNo}
	                   AND A.SEQ        = #{seq}
	                   AND A.BIZ_SYS_CD = B.SYS_CD
	                   AND B.OPER_SEQ   = C.OPER_SEQ
	                   AND C.GBN_CD     = 'AUTH'
	               )
	         GROUP BY EMPNO_NM,EMP_MAIL
 		]]>
</select> 
</mapper>
