<?xml version="1.0" encoding="UTF-8"?>
<!DOCTYPE mapper   PUBLIC "-//mybatis.org//DTD Mapper 3.0//EN" "http://mybatis.org/dtd/mybatis-3-mapper.dtd">
<mapper namespace="csrObsPrcsSearchDao">

<!-- 2025-06-18 Amazon Q Developer : Converted Oracle CLOB types to PostgreSQL TEXT types -->
<resultMap id="clobMap" type="ohMap" >
	<result property="authResultCnte"   column="AUTH_RESULT_CNTE"    jdbcType="TEXT"    javaType="java.lang.String"/>
	<result property="distResultCnte"   column="DIST_RESULT_CNTE"    jdbcType="TEXT"    javaType="java.lang.String"/>
</resultMap>

<!-- 2025-06-18 Amazon Q Developer : Converted Oracle SQL to PostgreSQL - ROWNUM to LIMIT, NVL to COALESCE -->
<select id="csrObsPrcsSearchDao.retrieveCsrObsPrcsSearch" resultMap="clobMap">		
    <![CDATA[
        ${queryId}
        SELECT A.BIZ_DT                                                                                    AS BIZ_DT
             , A.OBS_ID                                                                                    AS OBS_ID
             , A.BIZ_SYS_CD                                                                                AS BIZ_SYS_CD
             , (SELECT Z.COM_CD_NM FROM TB_COM001 Z WHERE Z.GRP_CD = 'SYS_CD' AND Z.COM_CD = A.BIZ_SYS_CD) AS BIZ_SYS_CD_NM
             , A.SYS_RSPBER_EMPNO                                                                          AS SYS_RSPBER_EMPNO
             , ( SELECT S.USR_NM FROM TB_USR001 S WHERE S.USR_ID =  A.SYS_RSPBER_EMPNO LIMIT 1  )    AS SYS_RSPBER_EMPNO_NM
             , A.OBS_PRCS_EMPNO                                                                            AS OBS_PRCS_EMPNO
             , ( SELECT S.USR_NM FROM TB_USR001 S WHERE S.USR_ID =  A.OBS_PRCS_EMPNO LIMIT 1  )      AS OBS_PRCS_EMPNO_NM
             , A.OBS_GRD                                                                                   AS OBS_GRD
             , A.OBS_YN                                                                                    AS OBS_YN
             , A.OBS_TIME                                                                                  AS OBS_TIME
             , A.OBS_MINUTE                                                                                AS OBS_MINUTE
             , A.OBS_TIME || ':' || A.OBS_MINUTE                                                           AS PRCS_TIME   
             , A.OBS_ST_DT                                                                                 AS OBS_ST_DT 
             , A.OBS_ST_HOUR                                                                               AS OBS_ST_HOUR  
             , A.OBS_ST_MINUTE                                                                             AS OBS_ST_MINUTE   
             , CASE WHEN A.OBS_ST_DT IS NOT NULL 
                    THEN TO_CHAR(TO_DATE(COALESCE(A.OBS_ST_DT,'19000101')||LPAD(COALESCE(A.OBS_ST_HOUR,'00'),2,'0')||LPAD(COALESCE(A.OBS_ST_MINUTE,'00'),2,'0'),'YYYYMMDDHH24MI') ,'YYYY-MM-DD HH24:MI') 
                    ELSE NULL END AS OBS_ST_DATE
             , A.OBS_ED_DT                                                                                 AS OBS_ED_DT 
             , A.OBS_ED_HOUR                                                                               AS OBS_ED_HOUR  
             , A.OBS_ED_MINUTE                                                                             AS OBS_ED_MINUTE
             , CASE WHEN A.OBS_ED_DT IS NOT NULL
                    THEN TO_CHAR(TO_DATE(COALESCE(A.OBS_ED_DT,'19000101')||LPAD(COALESCE(A.OBS_ED_HOUR,'00'),2,'0')||LPAD(COALESCE(A.OBS_ED_MINUTE,'00'),2,'0'),'YYYYMMDDHH24MI') ,'YYYY-MM-DD HH24:MI') 
                    ELSE NULL END AS OBS_ED_DATE
             , A.OBS_PHNMN                                                                                 AS OBS_PHNMN
             , A.OBS_CAUSE                                                                                 AS OBS_CAUSE
             , A.ACTN_CNTS                                                                                 AS ACTN_CNTS
             , A.HRAFT_CNTMSR                                                                              AS HRAFT_CNTMSR
             , A.PRVT_SLTN                                                                                 AS PRVT_SLTN
             , CASE WHEN A.COMPLETE_YN = 'Y' THEN '등록완료'
                    ELSE                          '등록중'
               END                                                                                         AS COMPLETE_YN
          FROM TB_ITR056 A
         WHERE A.BIZ_DT BETWEEN #{bizDtSt} AND #{bizDtEd}
    ]]>
        <if test="sysCd != null and sysCd !=''">
           AND A.BIZ_SYS_CD = #{sysCd}
        </if>
        <if test="obsPrcsEmpno != null and obsPrcsEmpno !=''">
           AND A.OBS_PRCS_EMPNO = #{obsPrcsEmpno}
        </if>
    </select>

</mapper>
