<?xml version="1.0" encoding="UTF-8"?>
<!DOCTYPE mapper   PUBLIC "-//mybatis.org//DTD Mapper 3.0//EN" "http://mybatis.org/dtd/mybatis-3-mapper.dtd">

<mapper namespace="csrObsPrcsRsltRptgDao"> 
 <resultMap id="clobMap" type="ohMap" >
	<result property="obsPhnmn"     column="OBS_PHNMN"    jdbcType="CLOB"    javaType="java.lang.String"/>
	<result property="obsCause"     column="OBS_CAUSE"    jdbcType="CLOB"    javaType="java.lang.String"/>
	<result property="actnCnts"     column="ACTN_CNTS"    jdbcType="CLOB"    javaType="java.lang.String"/>
	<result property="hraftCntmsr"  column="HRAFT_CNTMSR" jdbcType="CLOB"    javaType="java.lang.String"/>
	<result property="prvtSltn"     column="PRVT_SLTN"    jdbcType="CLOB"    javaType="java.lang.String"/>
</resultMap>
	<select id="csrObsPrcsRsltRptgDao.retrieveCsrObsPrcsRsltRptg" resultMap="clobMap">		
    <![CDATA[
        ${queryId}
        /* 장애처리결과 조회 */
        SELECT A.OBS_ID                                                                                           AS OBS_ID
             , A.BIZ_DT                                                                                           AS BIZ_DT
             , A.BIZ_SYS_CD                                                                                       AS BIZ_SYS_CD
             , (SELECT Z.COM_CD_NM FROM TB_COM001 Z WHERE Z.GRP_CD = 'SYS_CD' AND Z.COM_CD = A.BIZ_SYS_CD)        AS BIZ_SYS_CD_NM
             , A.SYS_RSPBER_EMPNO                                                                                 AS SYS_RSPBER_EMPNO
             , CASE WHEN A.SYS_RSPBER_EMPNO IS NOT NULL THEN FC_GET_EMPNO_TO_DEPT(A.SYS_RSPBER_EMPNO, 'N')
                         ||'/'||A.SYS_RSPBER_EMPNO
                         ||'/'||( SELECT S.USR_NM FROM TB_USR001 S WHERE S.EMPNO = A.SYS_RSPBER_EMPNO)
                    ELSE ''
               END                                                                                                AS SYS_RSPBER_EMPNO_NM
             , A.OBS_PRCS_EMPNO                                                                                   AS OBS_PRCS_EMPNO
             /*
             , CASE WHEN A.OBS_PRCS_EMPNO IS NOT NULL THEN FC_GET_EMPNO_TO_DEPT(A.OBS_PRCS_EMPNO, 'N')
                         ||'/'||A.OBS_PRCS_EMPNO
                         ||'/'||( SELECT S.USR_NM FROM TB_USR001 S WHERE S.EMPNO = A.OBS_PRCS_EMPNO)
                    ELSE ''
               END                                                                                                AS OBS_PRCS_EMPNO_NM
             */
             , ( SELECT S.USR_NM FROM TB_USR001 S WHERE S.EMPNO = A.OBS_PRCS_EMPNO)                               AS OBS_PRCS_EMPNO_NM
             , A.OBS_GRD                                                                                          AS OBS_GRD
             , A.OBS_YN                                                                                           AS OBS_YN
             , A.OBS_TIME                                                                                         AS OBS_TIME
             , A.OBS_MINUTE                                                                                       AS OBS_MINUTE
             , A.OBS_ST_DT                                                                                        AS OBS_ST_DT 
             , A.OBS_ST_HOUR                                                                                      AS OBS_ST_HOUR  
             , A.OBS_ST_MINUTE                                                                                    AS OBS_ST_MINUTE   
             , A.OBS_ED_DT                                                                                        AS OBS_ED_DT 
             , A.OBS_ED_HOUR                                                                                      AS OBS_ED_HOUR  
             , A.OBS_ED_MINUTE                                                                                    AS OBS_ED_MINUTE   
             , A.OBS_PHNMN                                                                                        AS OBS_PHNMN
             , A.OBS_CAUSE                                                                                        AS OBS_CAUSE
             , A.ACTN_CNTS                                                                                        AS ACTN_CNTS
             , A.HRAFT_CNTMSR                                                                                     AS HRAFT_CNTMSR
             , A.PRVT_SLTN                                                                                        AS PRVT_SLTN
             , A.COMPLETE_YN                                                                                      AS COMPLETE_YN
          FROM TB_ITR056 A
         WHERE 1=1
           AND A.BIZ_DT = #{bizDt}
		]]>
		<if test="obsId != null and obsId !=''">
		   AND A.OBS_ID = #{obsId}
		</if>
    </select>
    
	<select id="csrObsPrcsRsltRptgDao.retrieveCsrObsId" resultType="String">		
        <![CDATA[
        ${queryId}
        /*  키생성 */
        SELECT 'OBS' || TO_CHAR(SYSDATE,'YYYYMMDD') || LPAD(NVL(MAX(SUBSTR(OBS_ID,14,4)),0) + 1,4,'0') AS OBS_ID FROM TB_ITR056
		]]>
    </select>
            
    <update id="csrObsPrcsRsltRptgDao.updateCsrObsPrcsRsltRptg">
        <![CDATA[
        ${queryId}
        /* 장애처리결과 등록 */
        MERGE INTO  TB_ITR056 A USING
        (SELECT #{bizDt}  AS BIZ_DT
              , #{obsId}  AS OBS_ID
         FROM DUAL    ) B
         ON (     A.BIZ_DT = B.BIZ_DT
              AND A.OBS_ID = B.OBS_ID
            )
         WHEN MATCHED THEN
            UPDATE
               SET BIZ_SYS_CD       = #{bizSysCd}
                 , SYS_RSPBER_EMPNO = #{sysRspberEmpno}
                 , OBS_PRCS_EMPNO   = #{obsPrcsEmpno}
                 , OBS_GRD          = #{obsGrd}
                 , OBS_YN           = #{obsYn}
                 , OBS_TIME         = #{obsTime}
                 , OBS_MINUTE       = #{obsMinute}
                 , OBS_PHNMN        = #{obsPhnmn}
                 , OBS_CAUSE        = #{obsCause}
                 , OBS_ST_DT        = #{obsStDt}
                 , OBS_ST_HOUR      = #{obsStHour}
                 , OBS_ST_MINUTE    = #{obsStMinute}
                 , OBS_ED_DT        = #{obsEdDt}
                 , OBS_ED_HOUR      = #{obsEdHour}
                 , OBS_ED_MINUTE    = #{obsEdMinute}
                 , ACTN_CNTS        = #{actnCnts}
                 , HRAFT_CNTMSR     = #{hraftCntmsr}
                 , PRVT_SLTN        = #{prvtSltn}
                 , COMPLETE_YN      = #{completeYn}
                 , MODER_ID         = #{empno}
                 , MOD_DATE         = SYSDATE
         WHEN NOT MATCHED THEN
            INSERT
                 (
                   OBS_ID
                 , BIZ_DT
                 , BIZ_SYS_CD
                 , SYS_RSPBER_EMPNO
                 , OBS_PRCS_EMPNO
                 , OBS_GRD
                 , OBS_YN
                 , OBS_TIME
                 , OBS_MINUTE
                 , OBS_PHNMN
                 , OBS_CAUSE
                 , OBS_ST_DT
                 , OBS_ST_HOUR
                 , OBS_ST_MINUTE
                 , OBS_ED_DT
                 , OBS_ED_HOUR
                 , OBS_ED_MINUTE
                 , ACTN_CNTS
                 , HRAFT_CNTMSR
                 , PRVT_SLTN
                 , COMPLETE_YN
                 , RGTER_ID
                 , RGT_DATE
                 , MODER_ID
                 , MOD_DATE
                 )
            VALUES
                 (
                   #{obsId}
                 , #{bizDt}
                 , #{bizSysCd}
                 , #{sysRspberEmpno}
                 , #{obsPrcsEmpno}
                 , #{obsGrd}
                 , #{obsYn}
                 , #{obsTime}
                 , #{obsMinute}
                 , #{obsPhnmn}
                 , #{obsCause}
                 , #{obsStDt}
                 , #{obsStHour}
                 , #{obsStMinute}
                 , #{obsEdDt}
                 , #{obsEdHour}
                 , #{obsEdMinute}
                 , #{actnCnts}
                 , #{hraftCntmsr}
                 , #{prvtSltn}
                 , #{completeYn}
                 , #{empno}
                 , SYSDATE
                 , #{empno}
                 , SYSDATE
                 )
        ]]>
    </update>
    
	<select id="csrObsPrcsRsltRptgDao.retrieveCsrSystemOprtnPrsts" resultType="ohMap">		
        <![CDATA[
        ${queryId}
        SELECT STAT_CD
          FROM TB_ITR058
         WHERE REG_YM = TO_CHAR(TO_DATE(#{bizDt},'YYYYMMDD'), 'YYYYMM')
		]]>
    </select>    
</mapper>
