<?xml version="1.0" encoding="UTF-8"?>
<!DOCTYPE mapper   PUBLIC "-//mybatis.org//DTD Mapper 3.0//EN" "http://mybatis.org/dtd/mybatis-3-mapper.dtd">
<mapper namespace="csrQuatMntrgRegDao">

<!-- 2025-06-18 Amazon Q Developer : Converted CLOB to TEXT for PostgreSQL compatibility -->
<resultMap id="clobMap" type="ohMap" >
	<result property="authResultCnte"   column="AUTH_RESULT_CNTE"    jdbcType="TEXT"    javaType="java.lang.String"/>
	<result property="distResultCnte"   column="DIST_RESULT_CNTE"    jdbcType="TEXT"    javaType="java.lang.String"/>
</resultMap>

<!-- 2025-06-18 Amazon Q Developer : Converted ROWNUM to LIMIT for PostgreSQL compatibility -->
<select id="csrQuatMntrgRegDao.retrieveCsrSysNmList" resultMap="clobMap">		
    <![CDATA[
        ${queryId}
        /* 시스템 팝업 조회 */
		SELECT DISTINCT A.COM_CD     AS SYS_CD
		     , A.COM_CD_NM  AS SYS_CD_NM
		     , B.RSPBER_A_EMPNO AS RSPBER_A_EMPNO
		     , CASE WHEN B.RSPBER_A_EMPNO IS NOT NULL THEN FC_GET_EMPNO_TO_DEPT(B.RSPBER_A_EMPNO, 'N') 
        	                                          ||'/'||B.RSPBER_A_EMPNO
        	                                          ||'/'||( SELECT S.USR_NM FROM TB_USR001 S WHERE S.EMPNO =  B.RSPBER_A_EMPNO LIMIT 1  )     
        	        ELSE ''
        	   END                                               	                                              AS RSPBER_A_EMPNO_NM
		     , B.APRVL_EMPNO    AS APRVL_EMPNO
		     , CASE WHEN B.APRVL_EMPNO IS NOT NULL THEN FC_GET_EMPNO_TO_DEPT(B.APRVL_EMPNO, 'N') 
        	                                          ||'/'||B.APRVL_EMPNO
        	                                          ||'/'||( SELECT S.USR_NM FROM TB_USR001 S WHERE S.EMPNO =  B.APRVL_EMPNO LIMIT 1  )     
        	        ELSE ''
        	   END                                               	                                              AS APRVL_EMPNO_NM
        	  , A.SORT_SEQC
		  FROM TB_COM001 A
--		     , TB_ITR010 B
--		     , TB_ITR011 C
          LEFT OUTER JOIN TB_ITR010 B ON A.COM_CD = B.SYS_CD
          LEFT OUTER JOIN TB_ITR011 C ON 'SYSTEM' = C.GBN_CD AND B.OPER_SEQ = C.OPER_SEQ

		 WHERE A.GRP_CD = 'SYS_CD'
--		   AND A.COM_CD = B.SYS_CD(+)
--		   AND B.OPER_SEQ = C.OPER_SEQ
	]]>
	<if test="empno != null and empno !=''">
		   AND (B.RSPBER_A_EMPNO = #{empno} OR C.RSPBER_B_EMPNO = #{empno})
	</if>
	<![CDATA[
		   AND (UPPER(A.COM_CD) LIKE UPPER('%' || #{sysCd} || '%') OR UPPER(A.COM_CD_NM) LIKE UPPER('%'|| #{sysCd} || '%'))		   
		   AND A.USE_YN = 'Y'
--		   AND C.GBN_CD   = 'SYSTEM'
		 ORDER BY A.SORT_SEQC
    ]]>
    </select>

<!-- 2025-06-18 Amazon Q Developer : No Oracle-specific features found, kept as-is -->
<select id="csrQuatMntrgRegDao.retrieveCurrtQuatExistYn" resultMap="clobMap">		
    <![CDATA[
        ${queryId}
        /* 시스템 존재 여부 조회 */ 
        SELECT CASE WHEN COUNT(*) > 0 THEN 'Y'
                    ELSE                   'N'
               END EXIST_YN
             , BIZ_SYS_EMPNO
          FROM TB_ITR050 A
		 WHERE 1=1
		   AND A.BIZ_YEAR   = #{bizYear}
		   AND A.QUAT       = #{quat}
		   AND A.BIZ_SYS_CD = #{sysCd}
		 GROUP BY BIZ_SYS_EMPNO
    ]]>
    </select>

<!-- 2025-06-18 Amazon Q Developer : Converted DECODE to CASE WHEN for PostgreSQL compatibility -->
<select id="csrQuatMntrgRegDao.retrieveQuatMntrgRegMain" resultMap="clobMap">		
    <![CDATA[
        ${queryId}
		/* 0.메인 List */
		SELECT CORP_CD
		     , BIZ_YEAR
		     , QUAT
		     , A.QUAT || '/4분기' AS QUAT_NM
		     , BIZ_SYS_CD         AS SYS_CD
		     , REG_DT
		     , BIZ_SYS_EMPNO
		     , AUTH_RESULT
		     , CASE WHEN A.AUTH_RESULT = 'Y' THEN '적합' ELSE '부적합' END AS AUTH_RESULT_NM
		     , AUTH_RESULT_CNTE
		     , DIST_RESULT
		     , CASE WHEN A.DIST_RESULT = 'Y' THEN '적합' ELSE '부적합' END AS DIST_RESULT_NM
		     , DIST_RESULT_CNTE
		     , SYS_CFM_YN
		     , SYS_CFM_EMPNO
		     , AUTH_CFM_YN
		     , AUTH_CFMT_EMPNO
		     , IT_CFM_YN
		     , IT_CFM_EMPNO
		     , STAT_CD
		     , APRVL_KEY
		  FROM TB_ITR050 A
		 WHERE 1=1
		   AND A.BIZ_YEAR      = #{bizYear}
		   AND A.QUAT          = #{quat}
		   AND A.BIZ_SYS_CD    = #{sysCd}
    ]]>
    </select>

<!-- 2025-06-18 Amazon Q Developer : No Oracle-specific features found, kept as-is -->
<select id="csrQuatMntrgRegDao.retrieveQuatMntrgAuthList" resultMap="clobMap">		
    <![CDATA[
        ${queryId}
		/* 1. 주요 권한자 */
		SELECT B.GBN 
		     , B.DEPT
		     , B.EMPNO 
		     , B.EMPNO_NM
		     , B.CORP_CD
		     , B.BIZ_YEAR 
		     , B.QUAT 
		     , B.BIZ_SYS_CD 
		     , B.SEQ
		     , B.ACTN_YN
		  FROM TB_ITR050 A
		     , TB_ITR051 B
		 WHERE 1=1
		   AND A.CORP_CD       = B.CORP_CD
		   AND A.BIZ_YEAR      = B.BIZ_YEAR
		   AND A.QUAT          = B.QUAT
		   AND A.BIZ_SYS_CD    = B.BIZ_SYS_CD
		   AND A.BIZ_YEAR      = #{bizYear}
		   AND A.QUAT          = #{quat}
		   AND A.BIZ_SYS_CD    = #{sysCd}
		 ORDER BY B.SEQ
    ]]>
    </select>

<!-- 2025-06-18 Amazon Q Developer : No Oracle-specific features found, kept as-is -->
<select id="csrQuatMntrgRegDao.retrieveQuatMntrgDeptList" resultMap="clobMap">		
    <![CDATA[
        ${queryId}
		/* 2. 권한별 적정 보유 부서 */
		SELECT B.AUTH_ID
		     , B.AUTH_NM
		     , B.AUTH_DEPT
		     , ( SELECT ORGN_NM	FROM OAS_APP.VW_OHR004 WHERE 1=1 AND CORP_CD = B.CORP_CD AND ORGN_CD = B.AUTH_DEPT) AS AUTH_DEPT_NM
		     , B.CORP_CD
		     , B.BIZ_YEAR
		     , B.QUAT
		     , B.BIZ_SYS_CD
		     , B.SEQ
		     , B.USR_ID
		     , B.USR_NM
		     , B.ACTN_YN
		  FROM TB_ITR050 A
		     , TB_ITR052 B
		 WHERE 1=1
		   AND A.CORP_CD       = B.CORP_CD
		   AND A.BIZ_YEAR      = B.BIZ_YEAR
		   AND A.QUAT          = B.QUAT
		   AND A.BIZ_SYS_CD    = B.BIZ_SYS_CD
		   AND A.BIZ_YEAR      = #{bizYear}
		   AND A.QUAT          = #{quat}
		   AND A.BIZ_SYS_CD    = #{sysCd}
		 ORDER BY B.SEQ
    ]]>
    </select>

<!-- 2025-06-18 Amazon Q Developer : Converted Oracle outer join syntax and TRUNC function -->
<select id="csrQuatMntrgRegDao.retrieveQuatMntrgReqHistList" resultMap="clobMap">		
    <![CDATA[
        ${queryId}
		/* 3. 권한 요청 CSR 이력 */
		SELECT A.CORP_CD
		     , A.CSR_NO
		     , A.SEQ
		     , A.BIZ_TYPE
		     , (SELECT S.COM_CD_NM FROM  TB_COM001 S WHERE GRP_CD = 'CSR_BIZ_TYPE'  AND USE_YN='Y' AND COM_CD = A.BIZ_TYPE) AS BIZ_TYPE_NM
		     , A.BIZ_SYS_CD
		     , (SELECT S.COM_CD_NM FROM  TB_COM001 S WHERE GRP_CD = 'SYS_CD'  AND USE_YN='Y' AND COM_CD = B.BIZ_SYS_CD) AS BIZ_SYS_CD_NM
		     , A.TITLE
		     , TO_CHAR(A.REQ_DT,'YYYY-MM-DD') AS REQ_DT
		     , A.STAT_CD
		     , (SELECT S.COM_CD_NM FROM  TB_COM001 S WHERE GRP_CD = 'STAT_CD'  AND USE_YN='Y' AND COM_CD = A.STAT_CD) AS STAT_CD_NM
		     , (SELECT S.ORGN_NM  FROM TB_USR001 S WHERE S.EMPNO = A.REQ_EMPNO) AS REQ_DEPT_NM
		     , (SELECT S.USR_NM   FROM TB_USR001 S WHERE S.EMPNO = A.REQ_EMPNO) AS REQ_EMPNO_NM
		     , TO_CHAR(COMPLTE_DATE,'YYYY-MM-DD') AS COMPLTE_DATE
		  FROM TB_ITR001 A
		     LEFT OUTER JOIN TB_ITR017 B ON A.CORP_CD = B.CORP_CD AND A.CSR_NO = B.CSR_NO AND A.SEQ = B.SEQ
		 WHERE 1=1
		   AND A.BIZ_TYPE   = 'BT1180'
		   AND B.BIZ_SYS_CD = #{sysCd}
		   AND A.STAT_CD    = '900'
		   AND DATE_TRUNC('day', A.REQ_DT) BETWEEN #{stDt} AND #{edDt}
		 ORDER BY A.REQ_DT
    ]]>
    </select>

<!-- 2025-06-18 Amazon Q Developer : Converted TRUNC function to DATE_TRUNC for PostgreSQL compatibility -->
<select id="csrQuatMntrgRegDao.retrieveQuatMntrgDistHistList" resultMap="clobMap">		
    <![CDATA[
        ${queryId}
        /*  4.CSR 배포이력 */
        SELECT A.CORP_CD
             , A.CSR_NO
             , A.TITLE
             , A.BIZ_SYS_CD
             , (SELECT S.COM_CD_NM FROM  TB_COM001 S WHERE GRP_CD = 'SYS_CD'  AND USE_YN='Y' AND COM_CD = A.BIZ_SYS_CD) AS BIZ_SYS_CD_NM
             , TO_CHAR(A.REQ_DT,'YYYYMMSS') AS REQ_DT
             , B.DIST_REQ_CD
             , B.DIST_REQ_EMPNO
             , (SELECT S.USR_NM   FROM TB_USR001 S WHERE S.EMPNO = B.DIST_REQ_EMPNO) AS DIST_REQ_EMPNO_NM
             , TO_CHAR(B.DIST_REQ_DT,'YYYYMMSS') AS DIST_REQ_DT
             , B.DIST_APRV_YN
             , B.DIST_APRV_EMPNO
             , (SELECT S.USR_NM   FROM TB_USR001 S WHERE S.EMPNO = B.DIST_APRV_EMPNO) AS DIST_APRV_EMPNO_NM
             , TO_CHAR(B.DIST_APRV_DT,'YYYYMMSS') AS DIST_APRV_DT
             , B.DEV_CMPLT_YN
             , B.DEV_EMPNO
             , (SELECT S.USR_NM   FROM TB_USR001 S WHERE S.EMPNO = B.DEV_EMPNO) AS DEV_EMPNO_NM
             , TO_CHAR(B.DEV_CMPLT_DT,'YYYYMMSS') AS DEV_CMPLT_DT
             , B.DIST_CMPLT_YN
             , B.DIST_EMPNO
             , (SELECT S.USR_NM   FROM TB_USR001 S WHERE S.EMPNO = B.DIST_EMPNO) AS DIST_EMPNO_NM
             , TO_CHAR(B.DIST_CMPLT_DT,'YYYYMMSS') AS DIST_CMPLT_DT
             , A.STAT_CD
          FROM TB_ITR001 A
             , TB_ITR048 B
         WHERE 1=1
           AND A.CORP_CD = B.CORP_CD
           AND A.CSR_NO  = B.CSR_NO
           AND A.STAT_CD = '900'
           AND DATE_TRUNC('day', B.DIST_REQ_DT) BETWEEN #{stDt} AND #{edDt}
           AND A.BIZ_SYS_CD = #{sysCd}
           --AND A.DIST_CMPLT_YN = 'Y'
         UNION ALL
        /*  4.프로젝트 배포이력 */
        SELECT A.CORP_CD
             , A.PJT_KEY  AS CSR_NO
             , A.PJT_NAME AS TITLE
             , null       AS BIZ_SYS_CD
             , null       AS BIZ_SYS_CD_NM
             , TO_CHAR(A.REQ_DT,'YYYYMMSS') AS REQ_DT
             , B.DIST_REQ_CD
             , B.DIST_REQ_EMPNO
             , (SELECT S.USR_NM   FROM TB_USR001 S WHERE S.EMPNO = B.DIST_REQ_EMPNO) AS DIST_REQ_EMPNO_NM
             , TO_CHAR(B.DIST_REQ_DT,'YYYYMMSS') AS DIST_REQ_DT
             , B.DIST_APRV_YN
             , B.DIST_APRV_EMPNO
             , (SELECT S.USR_NM   FROM TB_USR001 S WHERE S.EMPNO = B.DIST_APRV_EMPNO) AS DIST_APRV_EMPNO_NM
             , TO_CHAR(B.DIST_APRV_DT,'YYYYMMSS') AS DIST_APRV_DT
             , B.DEV_CMPLT_YN
             , B.DEV_EMPNO
             , (SELECT S.USR_NM   FROM TB_USR001 S WHERE S.EMPNO = B.DEV_EMPNO) AS DEV_EMPNO_NM
             , TO_CHAR(B.DEV_CMPLT_DT,'YYYYMMSS') AS DEV_CMPLT_DT
             , B.DIST_CMPLT_YN
             , B.DIST_EMPNO
             , (SELECT S.USR_NM   FROM TB_USR001 S WHERE S.EMPNO = B.DIST_EMPNO) AS DIST_EMPNO_NM
             , TO_CHAR(B.DIST_CMPLT_DT,'YYYYMMSS') AS DIST_CMPLT_DT
             , A.STAT_CD
          FROM TB_ITR040 A
             , TB_ITR048 B
         WHERE 1=1
           AND A.PJT_KEY = B.CSR_NO
           AND A.STAT_CD = '900'
           AND DATE_TRUNC('day', B.DIST_REQ_DT) BETWEEN #{stDt} AND #{edDt}
           --AND A.DIST_CMPLT_YN = 'Y'
         ORDER BY DIST_REQ_DT, CSR_NO
    ]]>
    </select>

<!-- 2025-06-18 Amazon Q Developer : Converted SYSDATE to CURRENT_TIMESTAMP and TO_CHAR formatting -->
<!-- 분기별 권한/배포 모니터링 -->
<insert id="csrQuatMntrgRegDao.insertQuatMntrgRegMain">
    <![CDATA[
        ${queryId}
		/* 분기별 권한/배포 모니터링 저장 */
        INSERT 
          INTO TB_ITR050
             (
               CORP_CD
             , BIZ_YEAR
             , QUAT
             , BIZ_SYS_CD
             , REG_DT
             , BIZ_SYS_EMPNO
             , AUTH_RESULT
             , AUTH_RESULT_CNTE
             , DIST_RESULT
             , DIST_RESULT_CNTE
             , SYS_CFM_YN
             , SYS_CFM_EMPNO
             , AUTH_CFM_YN
             , AUTH_CFMT_EMPNO
             , IT_CFM_YN
             , IT_CFM_EMPNO
             , STAT_CD
             , APRVL_KEY
             , RGTER_ID
             , RGT_DATE
             , MODER_ID
             , MOD_DATE
             )
        VALUES
             (
               #{corpCd}
             , #{bizYear}
             , #{quat}
             , #{sysCd}
             , TO_CHAR(CURRENT_TIMESTAMP,'YYYYMMDD')
             , #{bizSysEmpno}
             , #{authResult}
             , #{authResultCnte}
             , #{distResult}
             , #{distResultCnte}
             , #{sysCfmYn}
             , #{sysCfmEmpno}
             , #{authCfmYn}
             , #{authCfmtEmpno}
             , #{itCfmYn}
             , #{itCfmEmpno}
             , #{statCd}
             , #{aprvlKey}
             , #{userId}
             , CURRENT_TIMESTAMP
             , #{userId}
             , CURRENT_TIMESTAMP
             )
    ]]>
    </insert>

<!-- 2025-06-18 Amazon Q Developer : Converted MERGE to INSERT ON CONFLICT, removed DUAL, converted SYSDATE -->
<!-- 분기별 권한/배포 모니터링 -->
<update id="csrQuatMntrgRegDao.updateQuatMntrgRegMain">
        <![CDATA[
        ${queryId}
           INSERT INTO TB_ITR050 
             (
               CORP_CD
             , BIZ_YEAR
             , QUAT
             , BIZ_SYS_CD
             , REG_DT
             , BIZ_SYS_EMPNO
             , AUTH_RESULT
             , AUTH_RESULT_CNTE
             , DIST_RESULT
             , DIST_RESULT_CNTE
             , SYS_CFM_YN
             , SYS_CFM_EMPNO
             , AUTH_CFM_YN
             , AUTH_CFMT_EMPNO
             , IT_CFM_YN
             , IT_CFM_EMPNO
             , STAT_CD
             , APRVL_KEY
             , RGTER_ID
             , RGT_DATE
             , MODER_ID
             , MOD_DATE
             )
           VALUES
             ( 
               #{corpCd}
             , #{bizYear}
             , #{quat}
             , #{sysCd}
             , TO_CHAR(CURRENT_TIMESTAMP,'YYYYMMDD')
             , (SELECT RSPBER_A_EMPNO FROM TB_ITR010 WHERE SYS_CD = #{sysCd})
             , #{authResult}
             , #{authResultCnte}
             , #{distResult}
             , #{distResultCnte}
             , #{sysCfmYn}
             , #{sysCfmEmpno}
             , #{authCfmYn}
             , #{authCfmtEmpno}
             , #{itCfmYn}
             , #{itCfmEmpno}
             , #{statCd}
             , #{aprvlKey}
             , #{userId}
             , CURRENT_TIMESTAMP
             , #{userId}
             , CURRENT_TIMESTAMP
             )
           ON CONFLICT (CORP_CD, BIZ_YEAR, QUAT, BIZ_SYS_CD)
           DO UPDATE SET
               BIZ_SYS_EMPNO     = #{bizSysEmpno}
             , AUTH_RESULT       = #{authResult}
             , AUTH_RESULT_CNTE  = #{authResultCnte}
             , DIST_RESULT       = #{distResult}
             , DIST_RESULT_CNTE  = #{distResultCnte}
             , SYS_CFM_YN        = #{sysCfmYn}
             , SYS_CFM_EMPNO     = #{sysCfmEmpno}
             , AUTH_CFM_YN       = #{authCfmYn}
             , AUTH_CFMT_EMPNO   = #{authCfmtEmpno}
             , IT_CFM_YN         = #{itCfmYn}
             , IT_CFM_EMPNO      = #{itCfmEmpno}
             , STAT_CD           = #{statCd}
             , APRVL_KEY         = #{aprvlKey}
             , MODER_ID          = #{userId}
             , MOD_DATE          = CURRENT_TIMESTAMP
        ]]>
    </update>

<!-- 2025-06-18 Amazon Q Developer : No Oracle-specific features found, kept as-is -->
<!-- 분기별 권한/배포 모니터링 -->
<delete id="csrQuatMntrgRegDao.deleteQuatMntrgRegMain">
    <![CDATA[
        ${queryId}
		/* 분기별 권한/배포 모니터링 삭제 */
        DELETE FROM TB_ITR050
		 WHERE  BIZ_YEAR   = #{bizYear}
		   AND QUAT       = #{quat}
		   AND BIZ_SYS_CD = #{sysCd}
    ]]>
    </delete>

<!-- 2025-06-18 Amazon Q Developer : Converted SYSDATE to CURRENT_TIMESTAMP -->
<!-- 주요권한자 -->
<insert id="csrQuatMntrgRegDao.insertQuatMntrgRegAuth">
    <![CDATA[
        ${queryId}
		/* 주요권한자 저장 */
        INSERT
          INTO TB_ITR051
             (
               CORP_CD
             , BIZ_YEAR
             , QUAT
             , BIZ_SYS_CD
             , SEQ
             , GBN
             , DEPT
             , EMPNO
             , EMPNO_NM
             , ACTN_YN
             , RGTER_ID
             , RGT_DATE
             , MODER_ID
             , MOD_DATE
             )
        VALUES
             (
               #{corpCd}
             , #{bizYear}
             , #{quat}
             , #{bizSysCd}
             , #{seq}
             , #{gbn}
             , #{dept}
             , #{empno}
             , #{empnoNm}
             , #{actnYn}
             , #{userId}
             , CURRENT_TIMESTAMP
             , #{userId}
             , CURRENT_TIMESTAMP
             )
        ]]>
    </insert>

<!-- 2025-06-18 Amazon Q Developer : Converted SYSDATE to CURRENT_TIMESTAMP -->
<!-- 주요권한자 -->
<update id="csrQuatMntrgRegDao.UpdateQuatMntrgRegAuth">
    <![CDATA[
        ${queryId}
		/* 주요권한자 UPDATE */
        UPDATE TB_ITR051
           SET GBN      = #{gbn}
             , DEPT     = #{dept}
             , EMPNO    = #{empno}
             , EMPNO_NM = #{empnoNm}
             , MODER_ID = #{userId}
             , MOD_DATE = CURRENT_TIMESTAMP
		 WHERE 1=1
		   AND CORP_CD    = #{corpCd}
		   AND BIZ_YEAR   = #{bizYear}
		   AND QUAT       = #{quat}
		   AND BIZ_SYS_CD = #{bizSysCd}
		   AND SEQ        = #{seq}
        ]]>
    </update>

<!-- 2025-06-18 Amazon Q Developer : No Oracle-specific features found, kept as-is -->
<!-- 주요권한자 -->
<delete id="csrQuatMntrgRegDao.deleteQuatMntrgRegAuth">
    <![CDATA[
        ${queryId}
		/* 주요권한자 삭제 */
        DELETE FROM TB_ITR051
		 WHERE BIZ_YEAR   = #{bizYear}
		   AND QUAT       = #{quat}
		   AND BIZ_SYS_CD = #{sysCd}
        ]]>
    </delete>

<!-- 2025-06-18 Amazon Q Developer : Converted SYSDATE to CURRENT_TIMESTAMP -->
<!-- 권한별 적정 보유 부서 -->
<insert id="csrQuatMntrgRegDao.insertQuatMntrgRegDept">
    <![CDATA[
        ${queryId}
		/* 권한별 적정 보유 부서 저장 */
        INSERT 
          INTO TB_ITR052
             (
               CORP_CD
             , BIZ_YEAR
             , QUAT
             , BIZ_SYS_CD
             , SEQ
             , AUTH_ID
             , AUTH_NM
             , AUTH_DEPT
             , USR_ID
             , USR_NM
             , ACTN_YN
             , RGTER_ID
             , RGT_DATE
             , MODER_ID
             , MOD_DATE
             )
        VALUES
             (
               #{corpCd}
             , #{bizYear}
             , #{quat}
             , #{bizSysCd}
             , #{seq}
             , #{authId}
             , #{authNm}
             , #{authDept}
             , #{usrId}
             , #{usrNm}
             , #{actnYn}
             , #{userId}
             , CURRENT_TIMESTAMP
             , #{userId}
             , CURRENT_TIMESTAMP
             )
        ]]>
    </insert>

<!-- 2025-06-18 Amazon Q Developer : Converted SYSDATE to CURRENT_TIMESTAMP -->
<!-- 권한별 적정 보유 부서 -->
<update id="csrQuatMntrgRegDao.UpdateQuatMntrgRegDept">
    <![CDATA[
        ${queryId}
		/* 권한별 적정 보유 부서 수정   */
        UPDATE TB_ITR052
           SET AUTH_ID    = #{authId}
             , AUTH_NM    = #{authNm}
             , AUTH_DEPT  = #{authDept}
             , MODER_ID   = #{userId}
             , MOD_DATE   = CURRENT_TIMESTAMP
		 WHERE 1=1
		   AND BIZ_YEAR   = #{bizYear}
		   AND QUAT       = #{quat}
		   AND BIZ_SYS_CD = #{bizSysCd}
		   AND SEQ        = #{seq}
        ]]>
    </update>

<!-- 2025-06-18 Amazon Q Developer : No Oracle-specific features found, kept as-is -->
<!-- 권한별 적정 보유 부서 -->
<delete id="csrQuatMntrgRegDao.deleteQuatMntrgRegDept">
    <![CDATA[
        ${queryId}
		/* 권한별 적정 보유 부서 삭제   */
        DELETE FROM TB_ITR052
		 WHERE BIZ_YEAR   = #{bizYear}
		   AND QUAT       = #{quat}
		   AND BIZ_SYS_CD = #{sysCd}
        ]]>
    </delete>

<!-- 2025-06-18 Amazon Q Developer : Converted NVL to COALESCE for PostgreSQL compatibility -->
<!-- 권한별 적정 보유 부서 -->
<select id="csrQuatMntrgRegDao.retrieveAuthDeptNmList" resultMap="clobMap">		
    <![CDATA[
        ${queryId}

		SELECT COALESCE(ORGN_CD,'')						AS AUTH_DEPT_CD
		     , COALESCE(ORGN_NM,'')						AS AUTH_DEPT_NM
		  FROM OAS_APP.VW_OHR003
		 WHERE 1=1
		   AND EMPNO = #{usrId}
    ]]>
    </select>

</mapper>
