<?xml version="1.0" encoding="UTF-8"?>
<!DOCTYPE mapper   PUBLIC "-//mybatis.org//DTD Mapper 3.0//EN" "http://mybatis.org/dtd/mybatis-3-mapper.dtd">

<mapper namespace="csrReqMgtDao"> 
 <resultMap id="clobMap" type="ohMap" >
    <result property="chk"           column="CHK" jdbcType="VARCHAR" javaType="java.lang.String"/>
    <result property="reqDt"           column="reqDt" jdbcType="VARCHAR" javaType="java.lang.String"/>
    <result property="reqCont"       column="REQ_CONT"         jdbcType="CLOB" javaType="java.lang.String"/>
    <result property="bizType"         column="BIZ_TYPE"         jdbcType="VARCHAR" javaType="java.lang.String"/>
    <result property="biCd"         column="BI_CD"         jdbcType="VARCHAR" javaType="java.lang.String"/>
    <result property="bizSysCd"       column="BIZ_SYS_CD"         jdbcType="VARCHAR" javaType="java.lang.String"/>
    <result property="title"       column="TITLE"         jdbcType="VARCHAR" javaType="java.lang.String"/>
    <result property="atchFileId"         column="ATCH_FILE_ID"      jdbcType="VARCHAR" javaType="java.lang.String"/> 
    <result property="rgterNm"        column="RGTER_NM"    jdbcType="VARCHAR"    javaType="java.lang.String"/>
    <result property="corpCd" column="CORP_CD"                 jdbcType="VARCHAR" javaType="java.lang.String"/>
    <result property="csrNo" column="CSR_NO"                 jdbcType="VARCHAR" javaType="java.lang.String"/>
    <result property="seq" column="SEQ"                 jdbcType="VARCHAR" javaType="java.lang.String"/>
    <result property="statCd" column="STAT_CD"                 jdbcType="VARCHAR" javaType="java.lang.String"/>
    <result property="recvTypeCd" column="RECV_TYPE_CD"                 jdbcType="VARCHAR" javaType="java.lang.String"/>
    <result property="approveStatus" column="APPROVE_STATUS"                 jdbcType="VARCHAR" javaType="java.lang.String"/>
    <result property="bizClsfCd" column="BIZ_CLSF_CD"                 jdbcType="VARCHAR" javaType="java.lang.String"/>
    <result property="templateCont"       column="TEMPLATE_CONT"         jdbcType="CLOB"    javaType="java.lang.String"/>
    <result property="recvCont"       column="RECV_CONT"         jdbcType="CLOB"    javaType="java.lang.String"/>
</resultMap>
	<select id="csrReqMgtDao.retrieveCsrReqMgt" resultType="ohMap">		
 		<![CDATA[
 		${queryId}
        WITH PARAM AS (
              SELECT #{empno} EMPNO FROM DUAL
        ) 
        SELECT TO_CHAR( A.REQ_DT , 'YYYYMMDD') REQ_DT 
		 
		,      A.BIZ_SYS_CD
		,      A.TITLE 
        ,      NVL(( SELECT S.USR_NM FROM TB_USR001 S WHERE S.USR_ID =  A.RGTER_ID AND ROWNUM =1  ), A.RGTER_ID  ) RGTER_NM 
        ,      A.CSR_NO 
        ,      A.STAT_CD 
        ,      A.RECV_TYPE_CD
        ,      (SELECT COUNT(S.SEQ) FROM TB_ITR001 S WHERE S.CSR_NO = A.CSR_NO ) SEQ_CNT
        ,      (SELECT  LISTAGG(SEQ    , ',') WITHIN GROUP  (ORDER BY CSR_ORD, CASE WHEN RECV_TYPE_CD IS NULL THEN  0 
                                                                                    ELSE RECV_TYPE_CD - MAIN_SEQ
                                                                                    END, SEQ )    FROM TB_ITR001 S WHERE S.CSR_NO = A.CSR_NO ) SEQ
        ,      (SELECT  LISTAGG(STAT_CD, ',') WITHIN GROUP  (ORDER BY CSR_ORD, CASE WHEN RECV_TYPE_CD IS NULL THEN  0 
                                                                                    ELSE RECV_TYPE_CD - MAIN_SEQ
                                                                                    END, SEQ )   FROM TB_ITR001 S WHERE S.CSR_NO = A.CSR_NO ) STAT_CD_S 
        ,      CASE WHEN  A.REQ_EMPNO = NVL( P.EMPNO, A.REQ_EMPNO ) THEN 'Y' ELSE 'N' END EDIT_YN  
        ,      A.CSR_ORD
        ,      A.RECV_CONT
		FROM   TB_ITR001 A
		,      PARAM     P
		WHERE  1=1
        AND    A.SEQ = (SELECT MAX(S.SEQ ) FROM  TB_ITR001 S WHERE S.CSR_NO = A.CSR_NO AND S.MAIN_SEQ = 0 )
		]]>	
		<if test="corpCd != null and corpCd !=''">
		   AND A.CORP_CD   = #{corpCd}
		</if>
		<if test="csrNo != null and csrNo !=''">
		   AND A.CSR_NO   = #{csrNo}
		</if>
 		<![CDATA[
        ORDER BY A.REQ_DT DESC
		]]>	
	</select>
  	<select id="csrReqMgtDao.retrieveViewCsrReqMgt" resultMap="clobMap">		
 		<![CDATA[
 		${queryId}
        WITH PARAM AS (
              SELECT #{empno} EMPNO FROM DUAL
        ) 
		SELECT TO_CHAR( A.REQ_DT , 'YYYYMMDD') REQ_DT
		/* ,      (CASE WHEN A.STAT_CD = '200' THEN A.ADD_REQ_CONT  ELSE  A.REQ_CONT  END  || A.RECV_CONT) AS REQ_CONT */
		,      (CASE WHEN A.STAT_CD = '200' THEN A.ADD_REQ_CONT  ELSE CASE WHEN A.RECV_TYPE_CD = '330' THEN A.REQ_CONT ||chr(13)||chr(13) || A.CHECK_REQ_CONT ELSE A.REQ_CONT END  END  || A.RECV_CONT) AS REQ_CONT
        /* ,      CASE WHEN A.STAT_CD = '200' THEN A.ADD_REQ_CONT  ELSE  A.REQ_CONT  END || chr(13) ||chr(13) || */
        , (SELECT X.RECV_CONT FROM TB_ITR001 X WHERE X.CSR_NO = #{csrNo} AND X.SEQ = (SELECT MAX(SEQ) FROM TB_ITR001 WHERE CSR_NO = X.CSR_NO)) AS RECV_CONT
		,      A.BIZ_TYPE
		,      A.BI_CD
		,      A.BIZ_SYS_CD
		,      A.BIZ_CLSF_CD
		,      A.TITLE
		,      A.ATCH_FILE_ID 
 	    ,      NVL(( SELECT S.USR_NM FROM TB_USR001 S WHERE S.USR_ID =  A.RGTER_ID AND ROWNUM =1  ), A.RGTER_ID  ) RGTER_NM 
        ,      A.CORP_CD
        ,      A.CSR_NO
        ,      A.SEQ
        ,      A.CSR_ORD
        ,      A.STAT_CD
        ,      A.RECV_TYPE_CD
        ,      (SELECT  LISTAGG(SEQ, ',') WITHIN GROUP  (ORDER BY SEQ)    FROM TB_ITR001 S WHERE S.CSR_NO = A.CSR_NO ) SEQ 
        ,      (SELECT  LISTAGG(STAT_CD, ',') WITHIN GROUP  (ORDER BY SEQ)    FROM TB_ITR001 S WHERE S.CSR_NO = A.CSR_NO ) STAT_CD_S 
        ,      (SELECT COUNT(S.SEQ) FROM TB_ITR001 S WHERE S.CSR_NO = A.CSR_NO ) SEQ_CNT
        ,      A.CSR_ORD||'차 CSR '
               ||CASE WHEN  A.RECV_TYPE_CD IS NOT NULL   THEN
                           ' 접수 ['||(  SELECT  S.COM_CD_NM
                                    FROM    TB_COM001 S
                                    WHERE   S.GRP_CD = 'RECV_TYPE_CD'
                                    AND     S.COM_CD = A.RECV_TYPE_CD
                                    AND ROWNUM =1 ) ||'] '
                         ELSE '등록'
                         END TITLE_NAME 
        ,      TO_CHAR(A.WORK_ST_DATE, 'YYYY-MM-DD' ) WORK_ST_DATE
        ,      TO_CHAR(A.DELIVR_DATE , 'YYYY-MM-DD' ) DELIVR_DATE 
        ,      FC_GET_EMPNO_TO_DEPT(A.RSPBER_EMPNO, 'N' /*N:부서명, C:부서코드*/) 
        	   ||'/'||( SELECT S.USR_ID FROM TB_USR001 S WHERE S.EMPNO =  A.RSPBER_EMPNO AND ROWNUM =1  ) 
               ||'/'||( SELECT S.USR_NM FROM TB_USR001 S WHERE S.EMPNO =  A.RSPBER_EMPNO AND ROWNUM =1  )  RSPBER_EMPNO_NM 
		,      CASE WHEN #{viewPoint} = 'req' THEN    
                      CASE WHEN (SELECT COUNT(S.SEQ) FROM TB_ITR001 S WHERE S.CSR_NO = A.CSR_NO AND S.SEQ > A.SEQ AND ROWNUM=1) > 0  THEN 'N' ELSE 'Y' END  
                   ELSE 'N' 
               END EDIT_YN1   	    
               
        ,      CASE WHEN  A.REQ_EMPNO = NVL( P.EMPNO, A.REQ_EMPNO ) THEN 'Y' ELSE 'N' END EDIT_YN    
        ,      ( SELECT S.STATUS FROM  HRMLINK.TB_LINK001@LN_OHEP_APPR_INF S WHERE REQ_SEQ = A.APPROVE_KEY ) APPROVE_STATUS
	    ,       FC_GET_EMPNO_TO_DEPT(A.REQ_EMPNO, 'N' /*N:부서명, C:부서코드*/)
      		   ||'/'||A.REQ_EMPNO
               ||'/'||B.USR_NM  REQ_EMP_INFO 
		FROM   TB_ITR001 A
		,      TB_USR001 B
		,      PARAM     P
		WHERE  1=1
	    AND    A.CORP_CD   = B.CORP_CD
	    AND    A.REQ_EMPNO = B.USR_ID
		AND    A.CSR_NO  = #{csrNo} 
		]]>	 
		
		<if test="seq != null and seq !=''">
		   AND A.SEQ   = #{seq}
		</if> 
 		<![CDATA[
        ORDER BY A.REQ_DT DESC
		]]>	
	</select>
	
	<select id="csrReqMgtDao.retrieveSeqCont" resultMap="clobMap">		
 		<![CDATA[
 		${queryId}
			SELECT TEMPLATE_CONT
			  FROM TB_ITR026
			 WHERE 1=1 
			   AND REQ_TEMPLATE_SEQ = 'BT2160'
		]]>
	</select>

    
	<select id="csrReqMgtDao.retrieveCsrNo" resultType="ohMap">		
 		<![CDATA[
 		${queryId}
	      SELECT 'CSR'||TO_CHAR( SYSDATE, 'YYMMDD') || LPAD(SQ_TB_ITR001_CSR_NO.NEXTVAL, 4 , '0') CSR_NO FROM   DUAL 
		]]>	
	</select>
    
	<select id="csrReqMgtDao.retrieveCsrFileInfo" resultType="ohMap">		
 		<![CDATA[
 		${queryId}
          SELECT STOR_ROUTE||'/'||STOR_FILE_NM FILE_PATH FROM TB_ITR004 A WHERE A.ATCH_FILE_ID= #{atchFileId}
		]]>	
	</select>
	<select id="csrReqMgtDao.retrieveCsrNoSeq" resultType="ohMap">		
 		<![CDATA[
 		${queryId}
	      SELECT NVL( MAX(SEQ), 0 ) + 1 SEQ FROM   TB_ITR001
	      WHERE CSR_NO = #{csrNo} 
		]]>	
	</select>
 
    <insert id="csrReqMgtDao.insertCsrReqMgt">   		
 
        <![CDATA[ 
      ${queryId}
INSERT INTO TB_ITR001( 
   CORP_CD,
   CSR_NO,
   SEQ,
   CSR_ORD,
   BIZ_TYPE,
   BI_CD,   
   BIZ_SYS_CD,
   TITLE,
   ATCH_FILE_ID,
   REQ_EMPNO,
   REQ_DT,
   REQ_CONT,
   STAT_CD,
   RECV_TYPE_CD,
   STAND_WORKHOUR, 
 
   WORK_ST_DATE,
   DELIVR_DATE,
   COMPLTE_DATE,
   CHECK_RSPBER_EMPNO,
   CHECK_REQ_CONT, 
   BIZ_CLSF_CD,
   RGTER_ID,
   RGT_DATE,
   MODER_ID,
   MOD_DATE)
VALUES (
   #{corpCd},
   #{csrNo},
   #{seq},
 (  CASE WHEN #{statCd} = '100' THEN
        (SELECT NVL( MAX(S.CSR_ORD), 0 ) +1   FROM TB_ITR001 S WHERE S.CSR_NO = #{csrNo}  )
   ELSE
       1
   END  )  ,
   #{bizType},
   #{biCd},   
   #{bizSysCd},
   #{title},
   #{atchFileId},
   #{empno},   
   SYSDATE,
   #{reqCont},
   #{statCd},
   #{recvTypeCd},
   #{standWorkhour}, 
 
   #{workStDate},
   #{delivrDate},
   #{complteDate},
   #{checkRspberEmpno},
   #{checkReqCont}, 
   #{bizClsfCd},
   #{usrId},
   SYSDATE,
   #{usrId},
   SYSDATE ) 
        ]]>
    </insert> 


    <update id="csrReqMgtDao.cancelCsrReqMgt">   		
        <![CDATA[
      ${queryId}
		    UPDATE TB_ITR001 
		    SET
		        STAT_CD = '150'
		      , MODER_ID = #{usrId} 
		      , MOD_DATE = SYSDATE
			WHERE 1=1
			AND   CSR_NO   =   #{csrNo} 
			AND   SEQ      =   #{seq} 
        ]]>
    </update> 
 
    <update id="csrReqMgtDao.updateCsrReqMgt">   		
        <![CDATA[
      ${queryId}
			UPDATE TB_ITR001 
			SET  
			    BIZ_TYPE   =    #{bizType} 
			,   BIZ_SYS_CD =    #{bizSysCd} 
			,   TITLE      =    #{title} 
			,   ATCH_FILE_ID =    #{atchFileId}  
			,   REQ_CONT =    #{reqCont:CLOB}  
			,   MODER_ID =    #{usrId} 
			,   MOD_DATE =    SYSDATE
			WHERE 
			      CORP_CD  =   #{corpCd} 
			AND   CSR_NO   =   #{csrNo} 
			AND   SEQ      =   #{seq} 
        ]]>
    </update> 
    
    <delete id="csrReqMgtDao.deleteCsrReqRegMgt">   		
        <![CDATA[ 
			DELETE FROM  TB_ITR001 
			WHERE 
			   STND_WORKHOUR_SEQ  =   #{stndWorkhourSeq} 
        ]]>
    </delete> 
  



    <update id="csrReqMgtDao.updateCsrApproveReq">
    	<!-- 201901029 김신성 추가 시작  -->
	    <if test="aprvGbn =='01'">
	    <![CDATA[
	        ${queryId}    /* PC자산 상품발주 수정 ( PC자산관리(01:PC자산관리->PC자산발주,02:PC자산관리->유휴자산신청) */		
			UPDATE TB_PCB001 SET      /* 상품발주 */
			      APRVL_NO  = #{reqSeq}      /* 결재번호 */
			     ,APL_NO    = #{aprvAplNo}   /* 신청번호 */
			     ,STAT_CD   = '550'
			     ,MODER_ID  = #{usrId}
			     ,MOD_DATE  = SYSDATE
			WHERE GOOD_ORDRG_NO  = #{aprvKey}
	    ]]>
	    </if>
	    
	    <if test="aprvGbn =='02'">
	    <![CDATA[
	        ${queryId}    /* PC자산 유휴자산신청 수정 ( PC자산관리(01:PC자산관리->PC자산발주,02:PC자산관리->유휴자산신청)  */	
			UPDATE TB_PCB011 SET      /* 유휴자산신청 */
			      APRVL_NO  = #{reqSeq}      /* 결재번호 */
			     ,STAT_CD   = '550'
			     ,MODER_ID  = #{usrId}
			     ,MOD_DATE  = SYSDATE
			WHERE IDLE_ASST_APL_NO = #{aprvKey}
	    ]]>
	    </if>
	    
	    <!-- 권한요청 등록 결재요청 -->
	    <if test="aprvGbn =='auth'">
	    <![CDATA[
	        ${queryId}
	        UPDATE TB_ITR001 A /* 권한요청 등록 결재요청*/
			   SET APPROVE_KEY = #{reqSeq}
			     , STAT_CD     = '550' 
			     , MOD_DATE    = SYSDATE
			     , MODER_ID    = #{usrId}
			 WHERE A.CSR_NO    = #{csrNo}
			   AND A.SEQ       = #{seq}
	    ]]>
	    </if>
	    <!-- 프로젝트 등록 상신완료 -->
	    <if test="aprvGbn =='project'">
	    <![CDATA[
	        ${queryId}    /* 프로젝트 등록 상신완료 업데이트 */	
	        UPDATE TB_ITR040 A
			   SET APPROVE_KEY = #{reqSeq}
			     , STAT_CD     = '550'
			     , REQ_EMPNO   = #{usrId}
			     , REQ_DT      = SYSDATE
			     , MOD_DATE    = SYSDATE
			     , MODER_ID    = #{usrId}
			 WHERE A.PJT_KEY   = #{csrNo}
	    ]]>
	    </if>
	    <!-- 프로젝트등록(완료요청) -->
	    <if test="aprvGbn =='project_complete'">
	    <![CDATA[
	        ${queryId}    /* 프로젝트 완료요청 업데이트 */	
	        UPDATE TB_ITR040 A
			   SET APPROVE_KEY = #{reqSeq}
			     , STAT_CD     = '550'
			     , MOD_DATE    = SYSDATE
			     , MODER_ID    = #{usrId}
			 WHERE A.PJT_KEY   = #{csrNo}
	    ]]>
	    </if>
	    <!-- 201901029 김신성 추가 종료  -->

		<!-- 테스트등록 -->
		<if test="aprvGbn =='csr_test' or aprvGbn =='prj_test'">
	    <![CDATA[
	        ${queryId}
	        UPDATE TB_ITR046 A
			   SET APPROVE_KEY = #{reqSeq}
			     , STAT_CD     = '400'
			     , MOD_DATE    = SYSDATE
			     , MODER_ID    = #{usrId}
			 WHERE A.CSR_NO  = #{csrNo}
			   AND A.TEST_ID = #{testId}
	    ]]>
	    </if>
	    <!-- 분기별 권한/베포이력 기안 -->
	    <if test="aprvGbn =='csrMntr'">
	    <![CDATA[
	        ${queryId}
	        UPDATE TB_ITR050 A
			   SET APRVL_KEY   = #{reqSeq}
			     , STAT_CD     = '550'
			     , MOD_DATE    = SYSDATE
			     , MODER_ID    = #{usrId} 
			 WHERE A.CORP_CD  = #{corpCd}
			   AND A.BIZ_YEAR = #{bizYear}
			   AND A.QUAT     = #{quat}
	    ]]>
	    </if>
	    <!-- 배치잡 -->
	    <if test="aprvGbn =='batchJob'">
	    <![CDATA[
	        ${queryId}
	        UPDATE TB_ITR053 A
			   SET APPROVE_KEY = #{reqSeq}
			     , STAT_CD     = '500'
			     , MOD_DATE    = SYSDATE
			     , MODER_ID    = #{usrId}
			 WHERE A.BATCH_NO = #{batchNo}
	    ]]>
	    </if>
	    <!-- 시스템운영현황 -->
	    <if test="aprvGbn =='systemOprtn'">
	    <![CDATA[
	        ${queryId}
	        UPDATE TB_ITR058 A
			   SET APPROVE_KEY = #{reqSeq}
			     , STAT_CD     = '550'
			     , MOD_DATE    = SYSDATE
			     , MODER_ID    = #{usrId}
			 WHERE A.REG_YM = #{csrNo}
	    ]]>
	    </if>
	    	         
		<if test="aprvGbn == null or aprvGbn  ==''or aprvGbn  =='vpn'">	           		
	        <![CDATA[
	      	${queryId}
			 UPDATE TB_ITR001 A
			 SET    MOD_DATE    = SYSDATE
			 ,      MODER_ID    = #{usrId}
			 ,      APPROVE_KEY = #{reqSeq}
			 ,      STAT_CD      = '550'
			 WHERE  A.CSR_NO    = #{csrNo}
			 AND    A.SEQ       = #{seq}
	        ]]>
		</if>
    </update> 

    <update id="csrReqMgtDao.updateCsrApproveReqSucess">   		
        <![CDATA[
      ${queryId}
		 UPDATE TB_ITR001 A
		 SET    MOD_DATE    = SYSDATE
		 ,      MODER_ID    = #{usrId} 
		 ,      STAT_CD      = '700'
		 WHERE  A.CSR_NO    = #{csrNo}
		 AND    A.SEQ       = #{seq}
        ]]>
    </update> 
    <update id="csrReqMgtDao.updateCsrApproveReqFail">   		
        <![CDATA[
      ${queryId}
		 UPDATE TB_ITR001 A
		 SET    MOD_DATE    = SYSDATE
		 ,      MODER_ID    = #{usrId} 
		 ,      STAT_CD      = '600'
		 WHERE  A.CSR_NO    = #{csrNo}
		 AND    A.SEQ       = #{seq}
        ]]>
    </update> 
<!-- 요청순번 조회 -->
	<select id="csrReqMgtDao.retrieveReqSeq" resultType="ohMap">
 		<![CDATA[
 		${queryId}
		SELECT HRMLINK.SQ_LINK001.NEXTVAL@LN_OHEP_APPR_INF AS REQ_SEQ FROM DUAL
		]]>
	</select>

	<!-- 결재요청1 -->
	<insert id="csrReqMgtDao.insertAprvlReq1">
 		<![CDATA[ 	
 		${queryId}
		INSERT INTO HRMLINK.TB_LINK001@LN_OHEP_APPR_INF /*11*/
		(
			REQ_SYS
			, REQ_SEQ
			, REQ_SYS_FG
			, DOCU_NO
			, PROC_DATE
			, STATUS
			, REQ_EMPNO
			, REQ_DATE
			, REMARK
		)
		VALUES (
			 'ITM'
			, #{reqSeq}
			, '00'
			, NULL
			, TO_CHAR(SYSDATE,'YYYYMMDD')
			, '01'
			,#{usrId}
			, SYSDATE
			,#{subject}
		)
	]]>
	</insert>

	<!-- 결재요청2 -->
	<insert id="csrReqMgtDao.insertAprvlReq2">
 		<![CDATA[ 	
 		${queryId}
 		INSERT INTO HRMLINK.TB_LINK002@LN_OHEP_APPR_INF /*22*/
		(
			  REQ_SYS
			, REQ_SEQ
			, REQ_SYS_FG
			, EXEC_SQL_SUCC
			, EXEC_SQL_FAIL
		)
		VALUES (
			  'ITM'
			,  #{reqSeq}
			, '00'
			, 'UPDATE ITSM_APP.TB_ITR001 SET STATUS=''700'' , MOD_DATE=SYSDATE, MODER_ID='''|| #{usrId} ||''' WHERE A.CSR_NO='''|| #{csrNo} ||''' AND A.SEQ='''|| #{seq} ||'''' -- PARAM, 전자결재번호
			, 'UPDATE ITSM_APP.TB_ITR001 SET STATUS=''600'' , MOD_DATE=SYSDATE, MODER_ID='''|| #{usrId} ||''' WHERE A.CSR_NO='''|| #{csrNo} ||''' AND A.SEQ='''|| #{seq} ||''''
		)
	]]>
	</insert>
	
	<!-- 요청순번에 대한 상태 조회 -->
	<select id="csrReqMgtDao.retrieveReqStatus" resultType="ohMap">
 		<![CDATA[
 		${queryId}
		SELECT STATUS
          FROM HRMLINK.TB_LINK001@LN_OHEP_APPR_INF
         WHERE REQ_SYS = 'ITM'
           AND REQ_SEQ = #{reqSeq}
		]]>
	</select>
 
 	<!-- 20191107 김신성 IF문  추가 aprvGbn(01:PC발주신청,02:유휴자산신청) -->
	<select id="csrReqMgtDao.retrieveApprLine" resultType="ohMap">
 		<![CDATA[
 		${queryId}
	  WITH PARAM AS (
	  			   	  SELECT #{empno} empno  FROM DUAL
					)  		
        SELECT CHK
             , '02' AS APPR_METHOD
             , APPR_HAN_NM
             , APPR_EMPNO
             , CORP_CD
             , APPR_ORG_NM
             , RCV_EMAIL
             , MIN(APPR_ORDER) AS APPR_ORDER
          FROM (SELECT '0'                     AS CHK
                     , B.USR_NM                AS APPR_HAN_NM
                     , A.APRVL_EMPNO           AS APPR_EMPNO
                     , B.CORP_CD               AS CORP_CD
                     , B.ORGN_NM               AS APPR_ORG_NM
                     , B.EMAIL                 AS RCV_EMAIL
                     , 1                       AS APPR_ORDER
                  FROM TB_ITR010 A
                     , TB_USR001 B
                 WHERE 1=1
                   AND A.SYS_CD = (SELECT S.BIZ_SYS_CD FROM TB_ITR001 S WHERE S.CSR_NO =#{csrNo} AND S.SEQ = #{seq} )
                   AND B.EMPNO =  A.APRVL_EMPNO
    	]]>
                   <if test="aprvGbn =='01' or aprvGbn =='02'">
                   <![CDATA[
                   AND 1 = 2
                   ]]>
                   </if>
    <![CDATA[
                 UNION
                SELECT '0'                     AS CHK
                     , A.KOR_USR_NM            AS APPR_HAN_NM
                     , A.EMPNO                 AS APPR_EMPNO
                     , A.CORP_CD               AS CORP_CD
                     , A.ORGN_NM               AS APPR_ORG_NM
                     , A.EMAIL                 AS RCV_EMAIL
        ]]>
                   <if test="aprvGbn =='01' or aprvGbn =='02'">
                   <![CDATA[
                    , 1                        AS APPR_ORDER
                   ]]>
                   </if>
                   <if test="aprvGbn == null or aprvGbn  ==''">
                   <![CDATA[
                    , 2                        AS APPR_ORDER
                   ]]>
                   </if>
            <![CDATA[
                  FROM (SELECT A.CORP_CD
                             , A.EMPNO
                             , A.KOR_USR_NM
                             , A.ORGN_CD
	                         , B.ORGN_NM
                             , A.EMAIL
                          FROM OAS_APP.VW_OHR003 A
                             , OAS_APP.VW_OHR004 B
                         WHERE 1=1
                           AND A.CORP_CD = B.CORP_CD
                           AND A.ORGN_CD = B.ORGN_CD
                       ) A             -- 요청자
                     , (SELECT FC_GET_APPRLINE(P.EMPNO, 'E') EMPNO
                          FROM DUAL
                             , PARAM P
                        ) B
                WHERE 1=1 
                  AND A.EMPNO = B.EMPNO
                  AND A.EMPNO NOT IN (SELECT DISTINCT APRVL_EMPNO 
                                            FROM TB_ITR010
                                           WHERE 1=1
                                             AND SYS_CD IN (SELECT X.BIZ_SYS_CD
                                                  FROM TB_ITR017 X
                                                     , TB_ITR001 Y
                                                 WHERE 1=1
                                                   AND X.CSR_NO = Y.CSR_NO
                                                   AND X.SEQ    = Y.SEQ
                                                   AND X.CSR_NO = #{csrNo}
		                                        AND X.SEQ    = #{seq}
		                                     )
                                         		  )
                     )
         GROUP BY CHK,APPR_HAN_NM,APPR_EMPNO,CORP_CD,APPR_ORG_NM,RCV_EMAIL
         ORDER BY APPR_ORDER 
		]]>		
	</select>
	
	<select id="csrReqMgtDao.retrieveFirewallApprLine" resultType="ohMap">
 		<![CDATA[
 		${queryId}
	        SELECT CHK
	             , APPR_METHOD
	             , APPR_HAN_NM
	             , APPR_EMPNO
	             , CORP_CD
	             , APPR_ORG_NM
	             , RCV_EMAIL
	             , MIN(APPR_ORDER) AS APPR_ORDER
	          FROM (
	                SELECT '0'                     AS CHK
	                     , '01'                    AS APPR_METHOD
	                     , B.USR_NM                AS APPR_HAN_NM
	                     , A.APRVL_EMPNO           AS APPR_EMPNO
	                     , B.CORP_CD               AS CORP_CD
	                     , B.ORGN_NM               AS APPR_ORG_NM
	                     , B.EMAIL                 AS RCV_EMAIL
	                     , 1                       AS APPR_ORDER
	                  FROM TB_ITR010 A
	                     , TB_USR001 B
	                 WHERE 1=1
	                   AND A.SYS_CD IN (SELECT COM_CD FROM TB_COM001 WHERE GRP_CD = 'SYS_CD' AND ETC_CHAR_VAL_02 = 'VPN')
	                   AND B.EMPNO =  A.APRVL_EMPNO
	                 UNION
	                SELECT '0'                     AS CHK
                         , '02'                    AS APPR_METHOD
                         , B.USR_NM                AS APPR_HAN_NM
                         , A.APRVL_EMPNO           AS APPR_EMPNO
                         , B.CORP_CD               AS CORP_CD
                         , B.ORGN_NM               AS APPR_ORG_NM
                         , B.EMAIL                 AS RCV_EMAIL
                         , 2                       AS APPR_ORDER
                      FROM TB_ITR010 A
                         , TB_USR001 B
                     WHERE 1=1
                       AND A.SYS_CD = 'S00045'
                       AND B.EMPNO =  A.APRVL_EMPNO
	                 UNION
	                SELECT '0'                     AS CHK
	                      , '02'                    AS APPR_METHOD
	                      , A.KOR_USR_NM            AS APPR_HAN_NM
	                      , A.EMPNO                 AS APPR_EMPNO
	                      , A.CORP_CD               AS CORP_CD
	                      , A.ORGN_NM               AS APPR_ORG_NM
	                      , A.EMAIL                 AS RCV_EMAIL
	                      , 3                        AS APPR_ORDER
	                   FROM  OAS_APP.VW_OHR003 A
			              , (
			                 SELECT FC_GET_APPRLINE(#{empno}, 'E') EMPNO
			                   FROM DUAL
			                           ) B
	                  WHERE 1=1
	                    AND A.EMPNO = B.EMPNO
	               ) A
	         GROUP BY CHK,APPR_METHOD,APPR_HAN_NM,APPR_EMPNO,CORP_CD,APPR_ORG_NM,RCV_EMAIL
	         ORDER BY APPR_ORDER
		]]>		
	</select>

	<select id="csrReqMgtDao.retrieveVpnApprLine" resultType="ohMap">
 		<![CDATA[
 		${queryId}
	        SELECT CHK
	             , APPR_METHOD
	             , APPR_HAN_NM
	             , APPR_EMPNO
	             , CORP_CD
	             , APPR_ORG_NM
	             , RCV_EMAIL
	             , MIN(APPR_ORDER) AS APPR_ORDER
	          FROM (
	                SELECT '0'                     AS CHK
	                     , '01'                    AS APPR_METHOD
	                     , B.USR_NM                AS APPR_HAN_NM
	                     , A.APRVL_EMPNO           AS APPR_EMPNO
	                     , B.CORP_CD               AS CORP_CD
	                     , B.ORGN_NM               AS APPR_ORG_NM
	                     , B.EMAIL                 AS RCV_EMAIL
	                     , 1                       AS APPR_ORDER
	                  FROM TB_ITR010 A
	                     , TB_USR001 B
	                 WHERE 1=1
	                   AND A.SYS_CD IN (SELECT COM_CD FROM TB_COM001 WHERE GRP_CD = 'SYS_CD' AND ETC_CHAR_VAL_02 = 'VPN')
	                   AND B.EMPNO =  A.APRVL_EMPNO
	                   AND B.CORP_CD IN (SELECT CORP_CD FROM TB_USR001 WHERE EMPNO = #{empno})
	                 UNION
	                SELECT '0'                     AS CHK
	                     , '02'                    AS APPR_METHOD
	                     , B.KOR_USR_NM            AS APPR_HAN_NM
	                     , B.EMPNO                 AS APPR_EMPNO
	                     , B.CORP_CD               AS CORP_CD
	                     , B.ORGN_NM               AS APPR_ORG_NM
	                     , B.EMAIL                 AS RCV_EMAIL
	                    , 2                        AS APPR_ORDER
	                  FROM OAS_APP.VW_OHR007 A
	                     , OAS_APP.VW_OHR003 B
	                 WHERE 1=1
	                   AND A.CORP_CD = B.CORP_CD
	                   AND A.ORGN_MNGR_EMPNO = B.EMPNO
	                   AND A.ORGN_CD         = B.ORGN_CD
	                   AND A.ORGN_CD IN (SELECT ORGN_CD FROM OAS_APP.VW_OHR003 WHERE EMPNO = #{empno})
	                   AND B.HLDOFC_STAT_GBN_CD = 'C'
	                 UNION
	                SELECT '0'                     AS CHK
	                     , '02'                    AS APPR_METHOD
	                     , B.KOR_USR_NM            AS APPR_HAN_NM
	                     , B.EMPNO                 AS APPR_EMPNO
	                     , B.CORP_CD               AS CORP_CD
	                     , B.ORGN_NM               AS APPR_ORG_NM
	                     , B.EMAIL                 AS RCV_EMAIL
	                    , 3                        AS APPR_ORDER
	                  FROM OAS_APP.VW_OHR007 A
	                     , OAS_APP.VW_OHR003 B
	                     , OAS_APP.VW_OHR004 C
	                 WHERE 1=1
	                   AND A.CORP_CD = B.CORP_CD
	                   AND A.ORGN_MNGR_EMPNO = B.EMPNO
	                   AND A.ORGN_CD         = B.ORGN_CD
	                   AND A.CORP_CD         = C.CORP_CD
	                   AND A.ORGN_CD         = C.HRNK_ORGN_CD
	                   AND B.HLDOFC_STAT_GBN_CD = 'C'
	                   AND C.ORGN_CD IN (SELECT ORGN_CD FROM OAS_APP.VW_OHR003 WHERE EMPNO =  #{empno})
	               ) A
	         GROUP BY CHK,APPR_METHOD,APPR_HAN_NM,APPR_EMPNO,CORP_CD,APPR_ORG_NM,RCV_EMAIL
	         ORDER BY APPR_ORDER
		]]>		
	</select>	

	<select id="csrReqMgtDao.retrieveOtpApprLine" resultType="ohMap">
 		<![CDATA[
 		${queryId}
	        SELECT CHK
	             , APPR_METHOD
	             , APPR_HAN_NM
	             , APPR_EMPNO
	             , CORP_CD
	             , APPR_ORG_NM
	             , RCV_EMAIL
	             , MIN(APPR_ORDER) AS APPR_ORDER
	          FROM (
	                /*SELECT '0'                     AS CHK
	                     , '01'                    AS APPR_METHOD
	                     , B.USR_NM                AS APPR_HAN_NM
	                     , A.APRVL_EMPNO           AS APPR_EMPNO
	                     , B.CORP_CD               AS CORP_CD
	                     , B.ORGN_NM               AS APPR_ORG_NM
	                     , B.EMAIL                 AS RCV_EMAIL
	                     , 1                       AS APPR_ORDER
	                  FROM TB_ITR010 A
	                     , TB_USR001 B
	                 WHERE 1=1
	                   AND A.SYS_CD IN (SELECT COM_CD FROM TB_COM001 WHERE GRP_CD = 'SYS_CD' AND ETC_CHAR_VAL_02 = 'VPN')
	                   AND B.EMPNO =  A.APRVL_EMPNO
	                   AND B.CORP_CD IN (SELECT CORP_CD FROM TB_USR001 WHERE EMPNO = {empno})
	                 UNION*/
	                SELECT '0'                     AS CHK
	                     , '02'                    AS APPR_METHOD
	                     , A.KOR_USR_NM            AS APPR_HAN_NM
	                     , A.EMPNO                 AS APPR_EMPNO
	                     , A.CORP_CD               AS CORP_CD
	                     , A.ORGN_NM               AS APPR_ORG_NM
	                     , A.EMAIL                 AS RCV_EMAIL
	                    , 2                        AS APPR_ORDER
	                  FROM  OAS_APP.VW_OHR003 A
					     , (
					     		SELECT FC_GET_APPRLINE(#{empno}, 'E') EMPNO
							      FROM DUAL
                            ) B
	                 WHERE 1=1
	                   AND A.EMPNO = B.EMPNO
	               ) A
	         GROUP BY CHK,APPR_METHOD,APPR_HAN_NM,APPR_EMPNO,CORP_CD,APPR_ORG_NM,RCV_EMAIL
	         ORDER BY APPR_ORDER
		]]>		
	</select>	

	
	<select id="csrReqMgtDao.retrieveApprRefer" resultType="ohMap">
 		<![CDATA[
 		${queryId}
			SELECT    '1'      										  AS CHK
			        , NVL(MAX(EMPNO_TEST), MAX(EMPNO)) 			      AS EMPNO
			        , NVL(MAX(NM_TEST), MAX(HAN_NM)) 			      AS HAN_NM
			        , NVL(MAX(ORG_TEST), MAX(ORG_CD)) 			      AS ORG_CD
			        , NVL(MAX(ORG_NM_TEST), MAX(ORG_NM)) 			  AS ORG_NM
			        , 'Y'        AS REFR_READ_CHG_YN
			  FROM (
			                SELECT A.USR_ID   AS EMPNO
			                     , A.USR_NM   AS HAN_NM
			                     , A.ORGN_CD  AS ORG_CD
			                     , A.ORGN_NM  AS ORG_NM
			                     , ''         AS EMPNO_TEST
			                     , ''         AS NM_TEST
			                     , ''         AS ORG_TEST
			                     , ''         AS ORG_NM_TEST
			                  FROM TB_USR001 A 
			                     , TB_ITR001 B
			                 WHERE 1=1 
			                   AND A.USR_ID = B.RSPBER_EMPNO
			                   AND B.CSR_NO = #{csrNo}
			                   AND B.SEQ	= #{seq}
			                 GROUP BY A.USR_ID, A.USR_NM, A.ORGN_CD, A.ORGN_NM
			                UNION
			                SELECT ''
			                     , ''
			                     , ''
			                     , ''     
			                     , A.USR_ID   
			                     , A.USR_NM   
			                     , A.ORGN_CD 
			                     , A.ORGN_NM 
			                  FROM TB_USR001 A
			                     ,  TB_ITR046 B
			                 WHERE 1=1 
			                   AND A.USR_ID = B.SYS_APLY_RSPBER
			                   AND B.TEST_ID IN (
			                                      SELECT MAX(TEST_ID)
			                                        FROM TB_ITR046
			                                       WHERE 1=1
			                                         AND CSR_NO = #{csrNo}
			                                         AND SEQ    = #{seq}
			                                         AND STAT_CD = '290'
			                                  )
			            ) A
			UNION ALL   
			 SELECT  '1'                           AS CHK
			      ,  B.USR_ID   AS EMPNO
			      ,  B.USR_NM   AS HAN_NM
			      ,  B.ORGN_CD  AS ORG_CD
			      ,  B.ORGN_NM  AS ORG_NM
			      ,  'Y'        AS REFR_READ_CHG_YN
			  FROM TB_ITR010 A
			     , TB_USR001 B
			 WHERE 1=1
			   AND A.APRVL_EMPNO = B.EMPNO
			   AND A.SYS_CD IN (SELECT COM_CD FROM TB_COM001 WHERE GRP_CD = 'SYS_CD' AND ETC_CHAR_VAL_02 = 'VPN')
			   AND B.CORP_CD NOT IN ( SELECT A.CORP_CD
			                            FROM TB_USR001 A 
			                               , TB_ITR001 B
			                           WHERE 1=1 
			                             AND A.USR_ID = B.REQ_EMPNO
			                             AND B.CSR_NO = #{csrNo}
			                             AND B.SEQ  = #{seq}
			                         )
		        AND 'BT2160' IN ( SELECT B.BIZ_TYPE
		                            FROM TB_USR001 A 
		                               , TB_ITR001 B
	                               WHERE 1=1 
	                                 AND A.USR_ID = B.REQ_EMPNO
			                         AND B.CSR_NO = #{csrNo}
			                         AND B.SEQ  = #{seq}
	                               )    
	                               
	    --- OTP 요청의 경우 보안팀 인원 참조자로 추가 250528 YJH 
			UNION ALL   
			  SELECT  '1'                           AS CHK
			       ,  B.USR_ID   AS EMPNO
			       ,  B.USR_NM   AS HAN_NM
			       ,  B.ORGN_CD  AS ORG_CD
			       ,  B.ORGN_NM  AS ORG_NM
			       ,  'Y'        AS REFR_READ_CHG_YN
			  FROM    TB_USR001 B
			     ,    OAS_APP.VW_OHR003 A
			  WHERE   1=1
			  AND     A.EMPNO   = B.EMPNO
			  AND     A.ORGN_CD ='05797' --정보보안팀
			  AND     A.HLDOFC_STAT_GBN_CD='C'
		      AND     'BT2180' IN (  SELECT B.BIZ_TYPE
		                             FROM   TB_USR001 A 
		                                 ,  TB_ITR001 B
	                                 WHERE  1=1 
	                                 AND    A.USR_ID = B.REQ_EMPNO
			                         AND    B.CSR_NO = #{csrNo}
			                         AND    B.SEQ  = #{seq}
	                               )                           
		]]>		
	</select>
	
    <update id="csrReqMgtDao.insertApprDoc">  
         <selectKey keyProperty="reqSeq,apprId" resultType="ohMap" order="BEFORE">
              SELECT TO_CHAR( SQ_LINK001.NEXTVAL)  REQ_SEQ, TO_CHAR( SEQ_IKEP4.NEXTVAL )  APPR_ID FROM DUAL
     	  </selectKey>
  
        <![CDATA[ ${queryId}
DECLARE
	
	--PRAGMA AUTONOMOUS_TRANSACTION;  

    V_APPR_LINK_SEQ      VARCHAR2(27) := NULL;
    P_REQ_SEQ            VARCHAR2(27);
    P_REGISTER_ID        VARCHAR2(27);
    V_APPR_ID            VARCHAR2(27);
    
    P_APPR_ID            VARCHAR2(27);
    P_APPR_TYPE          VARCHAR2(27);
    V_APPR_PERIOD_CD     VARCHAR2(27);
    P_APPR_PERIOD_CD     VARCHAR2(27);   
    P_REGISTER_MESSAGE    VARCHAR2(4000);   
    P_IS_HIDDEN          VARCHAR2(200);   
    P_APPR_LINE_TYPE   VARCHAR2(200);   
    P_APPR_SECURITY_TYPE       VARCHAR2(200); 
    P_APPR_TITLE               VARCHAR2(1000); 
    P_REQ_BIZ_FG       VARCHAR2(200); 
    P_REQ_REMARK       VARCHAR2(1000); 
    P_CSR_NO       VARCHAR2(20); 
    P_SEQ          VARCHAR2(10); 
    
    P_APPR_GUBUN VARCHAR2(100);
    
    P_TEST_ID  VARCHAR2(100); 
    P_BIZ_YEAR VARCHAR2(100);
    P_QUAT     VARCHAR2(100);
    
    
    V_APPR_GROUP_ID        VARCHAR2(100);  
    V_REGISTER_NAME        VARCHAR2(100);  
    V_APPR_GROUP_NAME      VARCHAR2(100);  
    V_REGISTER_JOB_TITLE      VARCHAR2(100); 
    
    
    
    
    GV_PORTAL_ID          VARCHAR2(27) := 'P000001';
    GV_SYSTEM_ID          VARCHAR2(27) := 'S000001';
    GV_FORM_ID            VARCHAR2(27) := '110000003424';
    GV_APPR_LINK_SYS_NAME VARCHAR2(100) := 'ITM';
    GV_APPR_LINK_TYPE     NUMBER(10)   := 1;
BEGIN
    P_REGISTER_ID  := #{usrId};
    P_APPR_TYPE    := '1';
    P_REGISTER_MESSAGE := #{registerMessage};
    P_IS_HIDDEN:='';
    P_APPR_LINE_TYPE:='0';
    P_APPR_TITLE:=  #{apprTitle};
    P_REQ_BIZ_FG := '00';
    P_REQ_REMARK :='';
    P_CSR_NO   := #{csrNo};
    P_SEQ      := #{seq};
    P_APPR_SECURITY_TYPE :='0';
    
    P_APPR_GUBUN := #{aprvGbn};
    
    P_TEST_ID  := #{testId} ;
    P_BIZ_YEAR := #{bizYear};
    P_QUAT     := #{quat};
    
    -- 1.HRMLINK 연동결재번호 채번
      SELECT EPORTAL.SQ_LINK001.NEXTVAL@LN_OHEP_APPR_INF INTO V_APPR_LINK_SEQ FROM DUAL;

    -- 2.EP결재번호 채번
  
    --  SELECT SEQ_IKEP4@LN_OHEP_APPR_INF.NEXTVAL INTO V_APPR_ID FROM DUAL;
      V_APPR_ID := #{apprId}; 
      
    -- 3. 보존연한 조회 
       SELECT APPR_PERIOD_CD INTO V_APPR_PERIOD_CD FROM IKEP4_APPR_FORM@LN_OHEP_APPR_INF WHERE FORM_ID = GV_FORM_ID;
  
      --V_APPR_PERIOD_CD := P_APPR_PERIOD_CD;
   
   
    -- 4.결재등록자정보조회 
      SELECT U.COMP_CD||U.ORG_CD AS APPR_GROUP_ID
           , U.USER_NAME
           , U.TEAM_NAME
           , NVL((SELECT JOB_DUTY_NAME  FROM IKEP4_EV_JOB_DUTY@LN_OHEP_APPR_INF  X WHERE X.JOB_DUTY_CODE  = U.JOB_DUTY_CODE  AND X.PORTAL_ID = U.PORTAL_ID AND X.COMP_CD = U.COMP_CD)
               , (SELECT JOB_TITLE_NAME FROM IKEP4_EV_JOB_TITLE@LN_OHEP_APPR_INF X WHERE X.JOB_TITLE_CODE = U.JOB_TITLE_CODE AND X.PORTAL_ID = U.PORTAL_ID AND X.COMP_CD = U.COMP_CD)) AS REGISTER_JOB_TITLE
        INTO V_APPR_GROUP_ID
           , V_REGISTER_NAME
           , V_APPR_GROUP_NAME
           , V_REGISTER_JOB_TITLE
        FROM IKEP4_EV_USER@LN_OHEP_APPR_INF U
       WHERE U.USER_ID = P_REGISTER_ID
     ;
     
  -- 5.EP결재문서테이블 등록(IKEP4_APPR_DOC)
 
      INSERT INTO IKEP4_APPR_DOC@LN_OHEP_APPR_INF (
          APPR_ID           , FORM_ID        , PARENT_APPR_ID        , APPR_GROUP_ID        , APPR_DOC_TYPE        , APPR_DOC_NO
        , APPR_TITLE        , APPR_REQ_DATE  , APPR_PERIOD_CD        , APPR_DOC_CD          , APPR_SECURITY_TYPE   , APPR_DOC_STATUS
        , APPR_END_DATE     , IS_APPR_RECEIVE, APPR_LINE_TYPE        , REGISTER_ID          , REGISTER_NAME        , REGIST_DATE
        , UPDATER_ID        , UPDATER_NAME   , UPDATE_DATE           , IS_HIDDEN            , APPR_GROUP_NAME      , REGISTER_JOB_TITLE
        , REGISTER_MESSAGE  , PORTAL_ID      , SYSTEM_ID             , APPROVER_ID          , APPR_TYPE            , APPR_LINK_TYPE
        , APPR_LINK_SEQ     , OLD_APPR_ID    , APPR_LINK_SYS_NAME
      ) VALUES (
          V_APPR_ID         , GV_FORM_ID     , NULL                  , V_APPR_GROUP_ID      , 0                    , NULL
        , REPLACE(P_APPR_TITLE, '''',  '&&#39;'), SYSDATE, V_APPR_PERIOD_CD, NULL           , P_APPR_SECURITY_TYPE , 1
        , NULL              , 0              , NVL(P_APPR_LINE_TYPE, 0)      , P_REGISTER_ID        , V_REGISTER_NAME      , SYSDATE
        , P_REGISTER_ID     , V_REGISTER_NAME, SYSDATE               , NVL(P_IS_HIDDEN, 0)          , V_APPR_GROUP_NAME    , V_REGISTER_JOB_TITLE
        , P_REGISTER_MESSAGE, GV_PORTAL_ID   , GV_SYSTEM_ID          , NULL                 , P_APPR_TYPE          , GV_APPR_LINK_TYPE
        , V_APPR_LINK_SEQ   , NULL           , GV_APPR_LINK_SYS_NAME
      );

	  --COMMIT;

     dbms_output.put_line('GV_APPR_LINK_SYS_NAME : '||GV_APPR_LINK_SYS_NAME);
     dbms_output.put_line('V_APPR_LINK_SEQ : '||V_APPR_LINK_SEQ);
     dbms_output.put_line('P_REQ_BIZ_FG : '||P_REQ_BIZ_FG);
     dbms_output.put_line('P_REGISTER_ID : '||P_REGISTER_ID);
     dbms_output.put_line('P_REQ_REMARK : '||P_REQ_REMARK);
     dbms_output.put_line('P_APPR_ID : '||P_APPR_ID);
     dbms_output.put_line('P_APPR_ID : '||#{reqSeq});
     
-- 7. HRMLINK 연동결재 마스터 등록(TB_LINK001@HRMLINK) 
      INSERT INTO HRMLINK.TB_LINK001@LN_OHEP_APPR_INF (
          REQ_SYS
        , REQ_SEQ
        , REQ_SYS_FG
        , PROC_DATE
        , STATUS
        , REQ_EMPNO
        , REQ_DATE
        , REMARK
      ) VALUES (
          GV_APPR_LINK_SYS_NAME
        , V_APPR_LINK_SEQ
        , P_REQ_BIZ_FG
        , TO_CHAR(SYSDATE, 'YYYYMMDD')
        , '10'
        , P_REGISTER_ID
        , SYSDATE
        , P_REQ_REMARK
      );
      
    -- COMMIT;
 	]]>	      
	-- 20191029 김신성 추가 시작
    <if test="aprvGbn =='01'">
    <![CDATA[
	    /* PC자산 상품발주 수정 ( PC자산관리(01:PC자산발주,02:유휴자산신청) */
	    INSERT INTO HRMLINK.TB_LINK002@LN_OHEP_APPR_INF (
	        REQ_SYS
	      , REQ_SEQ
	      , REQ_SYS_FG
	      , EXEC_SQL_SUCC
	      , EXEC_SQL_FAIL
	    ) VALUES (
	        GV_APPR_LINK_SYS_NAME
	      , V_APPR_LINK_SEQ
	      , P_REQ_BIZ_FG		
		 , 'UPDATE ITSM_APP.TB_PCB001@ITSM_LINK A SET STAT_CD=''700'' , MOD_DATE=SYSDATE  WHERE A.GOOD_ORDRG_NO='''|| #{aprvKey} ||''''
		 , 'UPDATE ITSM_APP.TB_PCB001@ITSM_LINK A SET STAT_CD=''600'' , MOD_DATE=SYSDATE  WHERE A.GOOD_ORDRG_NO='''|| #{aprvKey} ||''''
	    );
    ]]>
    </if>
    <if test="aprvGbn =='02'">
    <![CDATA[
      /* PC자산 유휴자산신청 수정 ( PC자산관리(01:PC자산관리->PC자산발주,02:PC자산관리->유휴자산신청)  */
	    INSERT INTO HRMLINK.TB_LINK002@LN_OHEP_APPR_INF (
	        REQ_SYS
	      , REQ_SEQ
	      , REQ_SYS_FG
	      , EXEC_SQL_SUCC
	      , EXEC_SQL_FAIL
	    ) VALUES (
	        GV_APPR_LINK_SYS_NAME
	      , V_APPR_LINK_SEQ
	      , P_REQ_BIZ_FG		
		  , 'DECLARE BEGIN ITSM_APP.PR_ITSM_APL_STAT_CD@ITSM_LINK(''700'',''' || #{aprvKey} || '''); END;'
		  , 'DECLARE BEGIN ITSM_APP.PR_ITSM_APL_STAT_CD@ITSM_LINK(''600'',''' || #{aprvKey} || '''); END;'
	    );
	    
	 --  COMMIT;
    ]]>
    </if>	
	-- 20191029 김신성 추가 종료 (아래 if문 추가함 (aprvGbn == null or aprvGbn  ==''))
	
    <if test="aprvGbn == null or aprvGbn =='' or (aprvGbn !='01' and aprvGbn !='02')">	
      INSERT INTO HRMLINK.TB_LINK002@LN_OHEP_APPR_INF (
          REQ_SYS
        , REQ_SEQ
        , REQ_SYS_FG
		, EXEC_SQL_SUCC
		, EXEC_SQL_FAIL
      ) VALUES (
          GV_APPR_LINK_SYS_NAME
        , V_APPR_LINK_SEQ
        , P_REQ_BIZ_FG
<choose>
    <when test='aprvGbn == null or aprvGbn == ""'> <!-- CSR 승인요청 -->
    	, 'DECLARE BEGIN ITSM_APP.PR_CSR_APPROVE_BATCH@ITSM_LINK('''|| #{aprvGbn} ||''','''|| P_CSR_NO ||''','''|| P_SEQ ||''', ''ITSM_01'','''|| P_REGISTER_ID ||''',''''); END;'
        , 'UPDATE ITSM_APP.TB_ITR001@ITSM_LINK A SET STAT_CD=''600'' , MOD_DATE=SYSDATE  WHERE A.CSR_NO='''|| P_CSR_NO ||''' AND A.SEQ='''|| P_SEQ ||''''
    </when>
    <when test='aprvGbn == "auth"'> <!-- 권한요청 -->
        , 'DECLARE BEGIN ITSM_APP.PR_CSR_APPROVE_BATCH@ITSM_LINK('''|| #{aprvGbn} ||''','''|| P_CSR_NO ||''','''|| P_SEQ ||''', '''','''|| P_REGISTER_ID ||''',''''); END;'
        , 'UPDATE ITSM_APP.TB_ITR001@ITSM_LINK A SET STAT_CD=''600'' , MOD_DATE=SYSDATE  WHERE A.CSR_NO='''|| P_CSR_NO ||''' AND A.SEQ='''|| P_SEQ ||''''
    </when>
    <when test='aprvGbn == "project"'> <!-- 프로젝트 승인요청 -->
        , 'DECLARE BEGIN ITSM_APP.PR_CSR_APPROVE_BATCH@ITSM_LINK('''|| #{aprvGbn} ||''','''|| P_CSR_NO ||''','''|| P_SEQ ||''', ''ITSM_01'','''|| P_REGISTER_ID ||''',''''); END;'
        , 'UPDATE ITSM_APP.TB_ITR040@ITSM_LINK A SET STAT_CD=''600'' , MOD_DATE=SYSDATE  WHERE A.PJT_KEY='''|| P_CSR_NO ||''''
    </when>
    <when test='aprvGbn == "project_complete"'> <!-- 프로젝트 완료요청 -->
        , 'UPDATE ITSM_APP.TB_ITR040@ITSM_LINK A SET STAT_CD=''900'' , MOD_DATE=SYSDATE  WHERE A.PJT_KEY='''|| P_CSR_NO ||''''
        , 'UPDATE ITSM_APP.TB_ITR040@ITSM_LINK A SET STAT_CD=''700'' , MOD_DATE=SYSDATE  WHERE A.PJT_KEY='''|| P_CSR_NO ||''''
    </when>
    <when test='aprvGbn =="csr_test" or aprvGbn =="prj_test"'> <!-- 배포승인요청 -->
        , 'DECLARE BEGIN ITSM_APP.PR_CSR_APPROVE_BATCH@ITSM_LINK('''|| #{aprvGbn} ||''','''|| P_CSR_NO ||''','''|| P_SEQ ||''', ''ITSM_03'','''|| P_REGISTER_ID ||''','''|| P_TEST_ID ||'''); END;'
        , 'UPDATE ITSM_APP.TB_ITR046@ITSM_LINK A SET STAT_CD=''450'' , MOD_DATE=SYSDATE  WHERE A.CSR_NO='''|| P_CSR_NO ||''' AND A.TEST_ID='''|| P_TEST_ID ||''''
    </when>
    <when test='aprvGbn == "csrMntr"'> <!-- 분기별 모니터링 승인요청 -->
        , 'UPDATE ITSM_APP.TB_ITR050@ITSM_LINK A SET STAT_CD=''900'' , MOD_DATE=SYSDATE  WHERE A.CORP_CD='''|| P_CSR_NO ||''' AND A.BIZ_YEAR='''|| P_BIZ_YEAR ||'''  AND A.QUAT='''|| P_QUAT ||''''
        , 'UPDATE ITSM_APP.TB_ITR050@ITSM_LINK A SET STAT_CD=''600'' , MOD_DATE=SYSDATE  WHERE A.CORP_CD='''|| P_CSR_NO ||''' AND A.BIZ_YEAR='''|| P_BIZ_YEAR ||'''  AND A.QUAT='''|| P_QUAT ||''''
    </when>
    <when test='aprvGbn == "batchJob"'> <!-- 배치잡등록 승인요청 -->
        , 'UPDATE ITSM_APP.TB_ITR053@ITSM_LINK A SET STAT_CD=''900'' , MOD_DATE=SYSDATE  WHERE A.BATCH_NO='''|| P_CSR_NO ||''''
        , 'UPDATE ITSM_APP.TB_ITR053@ITSM_LINK A SET STAT_CD=''600'' , MOD_DATE=SYSDATE  WHERE A.BATCH_NO='''|| P_CSR_NO ||''''
    </when>
    <when test='aprvGbn == "systemOprtn"'> <!-- 시스템운영현황 승인요청 -->
        , 'UPDATE ITSM_APP.TB_ITR058@ITSM_LINK A SET STAT_CD=''900'' , MOD_DATE=SYSDATE  WHERE A.REG_YM='''|| P_CSR_NO ||''''
        , 'UPDATE ITSM_APP.TB_ITR058@ITSM_LINK A SET STAT_CD=''600'' , MOD_DATE=SYSDATE  WHERE A.REG_YM='''|| P_CSR_NO ||''''
    </when>
    <when test='aprvGbn == "vpn"'> <!-- 시스템운영현황 승인요청 -->
       , 'DECLARE BEGIN ITSM_APP.PR_CSR_APPROVE_BATCH@ITSM_LINK('''','''|| P_CSR_NO ||''','''|| P_SEQ ||''', ''ITSM_01'','''|| P_REGISTER_ID ||''',''''); END;'
        , 'UPDATE ITSM_APP.TB_ITR001@ITSM_LINK A SET STAT_CD=''600'' , MOD_DATE=SYSDATE  WHERE A.CSR_NO='''|| P_CSR_NO ||''' AND A.SEQ='''|| P_SEQ ||''''
    </when>    
</choose>
      );
      
    --  COMMIT;
    </if>
END;
	</update>
	
	
    <insert id="csrReqMgtDao.insertIkep4ApprDocData">
    <![CDATA[ ${queryId}
    INSERT INTO IKEP4_APPR_DOC_DATA@LN_OHEP_APPR_INF (
        APPR_ID
    ,   DOC_VERSION
    ,   FORM_VERSION
    ,   FORM_EDITOR_DATA
    ,   REGISTER_ID
    ,   REGISTER_NAME
    ,   REGIST_DATE 
    ) VALUES (
        #{apprId}
    ,   '1.0'
    ,   '2.0'
    ,   #{htmlBody}
    ,   #{usrId}
    ,   #{usrNm}
    ,   SYSDATE 
    )
    
    ]]>
    </insert>
    
    <insert id="csrReqMgtDao.insertApprLine">
    <![CDATA[ ${queryId}
DECLARE

     P_APPR_ID  VARCHAR2(100);
     P_APPR_TYPE  VARCHAR2(100);
     P_APPROVER_ID  VARCHAR2(100);
     P_APPROVER_TYPE  VARCHAR2(100);
     P_APPR_ORDER  VARCHAR2(100);
     P_APPR_STATUS  VARCHAR2(100);
     P_APPR_MESSAGE  VARCHAR2(100);
     P_LINE_MODIFY_AUTH  VARCHAR2(100);
     P_DOC_MODIFY_AUTH  VARCHAR2(100);
     P_READ_MODIFY_AUTH  VARCHAR2(100);
     P_APPR_PARALLEL_ORDER  VARCHAR2(100);
     P_RTN_CD  VARCHAR2(100);
     P_RTN_MSG  VARCHAR2(100);          

     V_APPROVER_NAME       VARCHAR2(600) := NULL;
     V_APPROVER_MAIL       VARCHAR2(600) := NULL;
     V_APPROVER_GROUP_NAME VARCHAR2(600) := NULL;
     V_APPROVER_JOB_TITLE  VARCHAR2(600) := NULL;
     V_FORM_NAME           VARCHAR2(600) := NULL;
     V_APPR_REQ_YMD        VARCHAR2(600) := NULL;
     V_APPR_USER           VARCHAR2(600) := NULL;
     V_APPR_USER_NAME      VARCHAR2(600) := NULL;
     V_APPR_USER_MAIL      VARCHAR2(600) := NULL;
     V_MAIL_SEQ            NUMBER        := 0;
     V_APPR_TITLE          VARCHAR2(600) := NULL;
     
BEGIN  

      P_APPR_ID            := #{apprId};
      P_APPR_TYPE          := NVL(#{apprType},'0');
      P_APPROVER_ID        := #{approverId};
      P_APPROVER_TYPE      := #{approverType};
      P_APPR_ORDER         := #{apprOrder};
      P_APPR_STATUS        := #{apprStatus};
      P_APPR_MESSAGE       := #{apprMessage};

      P_LINE_MODIFY_AUTH   := '';
      P_DOC_MODIFY_AUTH    := '';
      P_READ_MODIFY_AUTH    := '';

      P_APPR_PARALLEL_ORDER := '';
 
 	  P_RTN_CD := '';
	  P_RTN_MSG := '';
 
   SELECT USER_NAME
        , MAIL
        , TEAM_NAME
        , NVL((SELECT JOB_DUTY_NAME
             FROM IKEP4_EV_JOB_DUTY@LN_OHEP_APPR_INF
            WHERE JOB_DUTY_CODE = U.JOB_DUTY_CODE
              AND PORTAL_ID      = U.PORTAL_ID
              AND COMP_CD        = U.COMP_CD)
        , (SELECT JOB_TITLE_NAME
             FROM IKEP4_EV_JOB_TITLE@LN_OHEP_APPR_INF
            WHERE JOB_TITLE_CODE = U.JOB_TITLE_CODE
              AND PORTAL_ID      = U.PORTAL_ID
              AND COMP_CD        = U.COMP_CD)) AS APPROVER_JOB_TITLE
     INTO V_APPROVER_NAME
        , V_APPROVER_MAIL
        , V_APPROVER_GROUP_NAME
        , V_APPROVER_JOB_TITLE
     FROM IKEP4_EV_USER@LN_OHEP_APPR_INF U
    WHERE USER_ID = P_APPROVER_ID;
 
       SELECT (SELECT FORM_NAME FROM IKEP4_APPR_FORM@LN_OHEP_APPR_INF WHERE FORM_ID = A.FORM_ID) AS FORM_NAME
           , TO_CHAR(A.APPR_REQ_DATE, 'YYYY-MM-DD') AS APPR_REQ_YMD
           , B.USER_NAME
           , B.MAIL
           , B.USER_NAME||' '||NVL((SELECT JOB_DUTY_NAME
                 FROM IKEP4_EV_JOB_DUTY@LN_OHEP_APPR_INF
                WHERE JOB_DUTY_CODE  = B.JOB_DUTY_CODE
                  AND PORTAL_ID      = B.PORTAL_ID
                  AND COMP_CD        = B.COMP_CD)
            , (SELECT JOB_TITLE_NAME
                 FROM IKEP4_EV_JOB_TITLE@LN_OHEP_APPR_INF
                WHERE JOB_TITLE_CODE = B.JOB_TITLE_CODE
                  AND PORTAL_ID      = B.PORTAL_ID
                  AND COMP_CD        = B.COMP_CD))
                        ||' '||B.TEAM_NAME AS APPR_USER
           , A.APPR_TITLE
        INTO V_FORM_NAME
           , V_APPR_REQ_YMD
           , V_APPR_USER_NAME
           , V_APPR_USER_MAIL
           , V_APPR_USER
           , V_APPR_TITLE
        FROM IKEP4_APPR_DOC@LN_OHEP_APPR_INF A
           , IKEP4_EV_USER@LN_OHEP_APPR_INF  B
       WHERE A.REGISTER_ID = B.USER_ID
         AND A.APPR_ID = P_APPR_ID;
 
       INSERT INTO IKEP4_APPR_LINE@LN_OHEP_APPR_INF (
          APPR_ID
        , APPR_TYPE
        , APPROVER_ID
        , APPROVER_NAME
        , APPROVER_GROUP_NAME
        , APPROVER_JOB_TITLE
        , APPROVER_TYPE
        , APPR_ORDER
        , APPR_STATUS
        , APPR_MESSAGE
        , LINE_MODIFY_AUTH
        , DOC_MODIFY_AUTH
        , READ_MODIFY_AUTH
        , APPR_PARALLEL_ORDER
       ) VALUES (
          P_APPR_ID
        , P_APPR_TYPE
        , P_APPROVER_ID
        , V_APPROVER_NAME
        , V_APPROVER_GROUP_NAME
        , V_APPROVER_JOB_TITLE
        , NVL(P_APPROVER_TYPE, 0)
        , P_APPR_ORDER
        , NVL(P_APPR_STATUS, 0)
        , P_APPR_MESSAGE
        , DECODE(P_LINE_MODIFY_AUTH, 'Y', 1, 0)
        , DECODE(P_DOC_MODIFY_AUTH, 'Y', 1, 0)
        , DECODE(P_READ_MODIFY_AUTH, 'Y', 1, 0)
        , P_APPR_PARALLEL_ORDER
       );
	  /*
       OHHN_APP.SP_CO_REG_EMAIL@LN_OHEP_APPR_INF(
		                 P_RTN_CD
		               , P_RTN_MSG
		               , V_MAIL_SEQ
		               , V_APPR_USER_NAME
		               , V_APPR_USER_MAIL
		               , V_APPROVER_NAME
		               , V_APPROVER_MAIL
		               , V_APPR_TITLE||' 결재가 요청되었습니다.'
		               , '<span style="color: #5F84C2;">*</span><span style="color: #5F84C2;">'||
		               V_FORM_NAME||'</span> 안녕하세요. IT Helpdesk입니다.<BR> CSR 승인요청건이 있습니다.<BR>그룹웨어 > 전자결재에서 승인처리 해주시기 바랍니다.<BR>감사합니다.<br/>요청일시 : '||V_APPR_REQ_YMD||
		               '<br/>기안자 : '||V_APPR_USER||'<br/><br/><br/><a id="linkButton" href="http://webmail.ourhome.co.kr/Mail/Message/Common/popup.aspx?popupyn=no&amp;width=1000&amp;height=700&amp;targetUrl=http://ep.ourhome.co.kr%2Fapproval%2Fwork%2FapprWorkDoc%2FviewApprDoc.do%3FapprId%3D'||P_APPR_ID||'%26listType%3DlistApprTodo%26linkType%3D" title="title="결재문서 바로가기"><span>결재문서 바로가기</span></a>&nbsp;&nbsp;&nbsp;<span style="color:red;">*모바일에서는 결재문서 Link가 불가합니다.</span>' || 
		               '&nbsp;&nbsp;<a id="linkButton" href="http://webmail.ourhome.co.kr/Mail/Message/Common/popup2.aspx?width=1000&amp;height=700&amp;targetUrl=http://ep.ourhome.co.kr%2Fapproval%2Fwork%2FapprWorkDoc%2FviewApprDoc.do%3FapprId%3D'||P_APPR_ID||'%26listType%3DlistApprTodo%26linkType%3D" title="title="팝업"><span>[팝업]</span></a>&nbsp;&nbsp;&nbsp;'
		               , NULL
		               , NULL
		             );
		             
		             
		*/
		
	
	IF P_APPR_ORDER = '1' THEN
		ITSM_APP.SP_SEND_MAIL(
	    				   V_APPR_TITLE||' 결재가 요청되었습니다.'
	                     , '<div style="width: 100%; height: 100%;">
								<div style="width:100%;height: 50px; margin: 0px;background-color: #67614f;"></div>
								<div style="margin: 53px 35px 6px 35px;">
									<div style="margin-left: 5px;color : #231916; font-size : 18px; font-weight: bold;">IT Helpdesk e-Mail</div>
									<p style="border-bottom: #d5d5d5 solid 2px; margin-top: 10px;"></p>
									<div style="margin : 20px 20px 50px 12px; min-height : 280px;">
										<div style="margin: 25px 0 0 0;font-size: 13px;line-height:23px;">
											결재 문서를 승인하여 주십시오.<br/>요청일시 : '||V_APPR_REQ_YMD||
											 '<br/>기안자 : '||V_APPR_USER||'<br/><br/><br/><a id="linkButton" href="https://mpams.ourhome.co.kr/moffice/approvalViewLink/viewLink.do?pageId=approval_view&listType=listApprTodo&apprId='||P_APPR_ID||'&moveUrl=http://ep.ourhome.co.kr%2Fapproval%2Fwork%2FapprWorkDoc%2FviewApprDoc.do%3FapprId%3D' || P_APPR_ID || '%26listType%3DlistApprTodo%26linkType%3D" title="title="결재문서 바로가기"><span>결재문서 바로가기</span></a>' || 
											 '&nbsp;&nbsp;
										</div>
									</div>
								</div>
								<div style="width:100%;height: 50px; margin: 0px;background-color: #67614f ;">
									<div style="padding: 15px 0 0px 20px; color : #fff;font-size: 13px;font-weight: bold;">
										본 메일은 발신전용 메일이므로 회신이 되지않습니다.
									</div>
								</div>
							</div>'
			               , V_APPR_USER_NAME
			               , V_APPR_USER_MAIL
			               , V_APPROVER_NAME
			               , V_APPROVER_MAIL                                                                                                          
	                     , P_RTN_CD
	                     , P_RTN_MSG
	                     ); 
	END IF;

END;
    ]]>
    </insert>
    
    
    
    <insert id="csrReqMgtDao.insertApprRead">
    <![CDATA[ ${queryId}
DECLARE 
  
      P_APPR_ID            VARCHAR2(100);
      P_READ_ID            VARCHAR2(100);
      P_REGISTER_ID        VARCHAR2(100);
 
BEGIN

     P_APPR_ID  := #{apprId};
     P_READ_ID  := #{readId};
     P_REGISTER_ID  := #{usrId};
 
     INSERT INTO IKEP4_APPR_READ@LN_OHEP_APPR_INF   (
         APPR_ID
       , READ_ID
       , READ_TYPE
       , REGISTER_ID
       , REGISTER_NAME
       , REGIST_DATE
       , GROUP_ID )
     SELECT P_APPR_ID AS APPR_ID
          , P_READ_ID AS READ_ID
          , 0  AS READ_TYPE
          , USER_ID AS REGISTER_ID
          , USER_NAME AS REGISTER_NAME
          , SYSDATE   AS REGIST_DATE
          , COMP_CD||ORG_CD  AS GROUP_ID
      FROM IKEP4_EV_USER@LN_OHEP_APPR_INF EU
     WHERE EU.USER_ID = P_REGISTER_ID;
END;
]]>
</insert>

    <insert id="csrReqMgtDao.insertApprReference">
    <![CDATA[ ${queryId}
DECLARE 
  
      P_APPR_ID            VARCHAR2(100);
      P_USER_ID            VARCHAR2(100); 
 
BEGIN

     P_APPR_ID  := #{apprId}; 
     P_USER_ID  := #{usrId};
 
     INSERT INTO IKEP4_APPR_REFERENCE@LN_OHEP_APPR_INF  (
         APPR_ID
       , USER_ID
       , GROUP_ID
       , UPDATE_DATE
     )
     SELECT P_APPR_ID       AS APPR_ID
          , USER_ID         AS REGISTER_ID
          , COMP_CD||ORG_CD AS GROUP_ID
          , SYSDATE         AS UPDATE_DATE
      FROM IKEP4_EV_USER@LN_OHEP_APPR_INF EU
     WHERE EU.USER_ID = P_USER_ID;
END;
]]>
    </insert>

    <select id="csrReqMgtDao.retrieveEpId" resultType="String" >
    <![CDATA[${queryId}
    SELECT  SEQ_IKEP4.NEXTVAL AS EP_ID
    FROM    DUAL
    ]]>
    </select>

    
    <insert id="csrReqMgtDao.insertIkep4DmFile">
    <![CDATA[ ${queryId}
    INSERT INTO IKEP4_DM_FILE@LN_OHEP_APPR_INF
              (FILE_ID,
               FILE_PATH,
               FILE_NAME,
               FILE_REAL_NAME,
               FILE_EXTENSION,
               FILE_CONTENTS_TYPE,
               FILE_SIZE,
               REGISTER_ID,
               REGISTER_NAME,
               REGIST_DATE,
               UPDATER_ID,
               UPDATER_NAME,
               UPDATE_DATE,
               EDITOR_ATTACH)
            VALUES
              (#{fileId},
               #{saveRoute},
               #{saveFlnm},
               #{atchFlnm},
               #{fileContentsType},
               #{fileContentsType},
               #{fileSize},
               #{registerId},
               #{registerNm},
               SYSDATE,
               #{registerId},
               #{registerNm},
               SYSDATE,
               0)
    ]]>
    </insert>
    
    <insert id="csrReqMgtDao.insertIkep4DmFileLink">
    <![CDATA[ ${queryId}
    INSERT INTO IKEP4_DM_FILE_LINK@LN_OHEP_APPR_INF
              (FILE_LINK_ID,
               ITEM_TYPE_CODE,
               ITEM_ID,
               FILE_ID,
               REGISTER_ID,
               REGISTER_NAME,
               REGIST_DATE,
               UPDATER_ID,
               UPDATER_NAME,
               UPDATE_DATE)
            VALUES
              (#{fileLinkId},
               'AP',
               #{apprId},
               #{fileId},
               #{registerId},
               #{registerNm},
               SYSDATE,
               #{registerId},
               #{registerNm},
               SYSDATE)
    ]]>
    </insert>

   <update id="csrReqMgtDao.updateStatus4Approve">
    ${queryId}
         UPDATE TB_ITR001 A
         SET	MODER_ID =#{usrId}
         ,      MOD_DATE = SYSDATE
         ,      STAT_CD = #{forceStatus}
         WHERE  A.CSR_NO  = #{csrNo}
         AND    A.SEQ  = #{seq}
   </update>
   
   	<select id="csrReqMgtDao.retrieveAuthReqstHapYn" resultType="ohMap">
 		<![CDATA[
		${queryId}
 WITH PARAM AS (
                    SELECT REQ_EMPNO EMPNO FROM TB_ITR001 WHERE 1=1 AND CSR_NO = #{csrNo} AND SEQ = #{seq}
                )
 SELECT DISTINCT E.EMPNO                
   FROM TB_ITR010 A
      , OAS_APP.VW_OHR003 E
  WHERE 1=1
    AND A.AUTH_RSPBER_A_EMPNO = E.EMPNO
    AND A.SYS_CD IN ( SELECT X.BIZ_SYS_CD
                        FROM TB_ITR017 X
                           , TB_ITR001 Y
                       WHERE 1=1
                         AND X.CORP_CD = Y.CORP_CD
                         AND X.CSR_NO = Y.CSR_NO
                         AND X.SEQ    = Y.SEQ
                         AND X.CSR_NO = #{csrNo}
                         AND X.SEQ    = #{seq})                                      
    AND E.EMPNO NOT IN ( SELECT  A.EMPNO                  
                           FROM  ( SELECT  A.EMPNO
                                     FROM OAS_APP.VW_OHR003 A
                                        , OAS_APP.VW_OHR004 B
                                    WHERE 1=1
                                      AND A.CORP_CD = B.CORP_CD
                                      AND A.ORGN_CD = B.ORGN_CD
                                 ) A             -- 요청자
                              ,  ( SELECT FC_GET_APPRLINE(P.EMPNO, 'E') EMPNO
                                     FROM DUAL
                                        , PARAM P
                                 ) B
                          WHERE 1=1 
                            AND A.EMPNO = B.EMPNO
                       ) 
    ]]>		
	</select>
	<!--  권한요청에서 결재라인찾기(상위부서 리더추가)-->
	<select id="csrReqMgtDao.retrieveAuthReqstApprLine" resultType="ohMap">
 		<![CDATA[
		${queryId}
				  WITH PARAM AS (
							      SELECT REQ_EMPNO EMPNO FROM TB_ITR001 WHERE 1=1 AND CSR_NO = #{csrNo} AND SEQ = #{seq}
								) 
			      SELECT CHK
			           , APPR_METHOD
			           , APPR_HAN_NM
			           , APPR_EMPNO
			           , CORP_CD
			           , APPR_ORG_NM
			           , RCV_EMAIL
			           , APPR_ORDER
			           , DECODE(APPR_ORDER,3,'N','Y') AS SYSTEM_YN  --시스템 담당자 수정불가 
			        FROM (SELECT CHK              AS CHK
			                   , MAX(APPR_METHOD) AS APPR_METHOD /* 합의자와 결재자가 중복이면 합의자를 제외한다.(2020.03.25) 정명희 책임 */
			                   , APPR_HAN_NM      AS APPR_HAN_NM
			                   , APPR_EMPNO       AS APPR_EMPNO
			                   , CORP_CD          AS CORP_CD
			                   , APPR_ORG_NM      AS APPR_ORG_NM
			                   , RCV_EMAIL        AS RCV_EMAIL
			                   , MAX(APPR_ORDER)  AS APPR_ORDER  -- 합의자 결재자 중복인 경우 중복으로 조회되어 오류 발생하여 수정 2024.05.08 yjh 
			                FROM (
			                ]]>
			              <if test='hapYn != null and hapYn =="Y" '>
			              /* 권한관리담당자(정)- 합의 */
			                      SELECT DISTINCT
			                             '0'                     AS CHK
			                           , '01'                    AS APPR_METHOD
			                           , E.KOR_USR_NM            AS APPR_HAN_NM
			                           , E.EMPNO                 AS APPR_EMPNO
			                           , E.CORP_CD               AS CORP_CD
			                           , E.ORGN_NM               AS APPR_ORG_NM
			                           , E.EMAIL                 AS RCV_EMAIL
			                           , 1                       AS APPR_ORDER
			                        FROM TB_ITR010 A
			                           , OAS_APP.VW_OHR003 E
			                       WHERE 1=1
			                         AND A.AUTH_RSPBER_A_EMPNO = E.EMPNO
			                         AND A.SYS_CD IN (SELECT X.BIZ_SYS_CD
			                                            FROM TB_ITR017 X
			                                               , TB_ITR001 Y
			                                           WHERE 1=1
			                                             AND X.CSR_NO = Y.CSR_NO
			                                             AND X.SEQ    = Y.SEQ
			                                             AND X.CSR_NO = #{csrNo}
			                                             AND X.SEQ    = #{seq})
			                       UNION ALL
			                       </if>
			                      <![CDATA[ 
			                      /* 시스템의 결제자*/
			                      SELECT DISTINCT 
			                             '0'                     AS CHK
			                           , '02'                    AS APPR_METHOD
			                           , D.KOR_USR_NM            AS APPR_HAN_NM
			                           , D.EMPNO                 AS APPR_EMPNO
			                           , D.CORP_CD               AS CORP_CD
			                           , D.ORGN_NM               AS APPR_ORG_NM
			                           , D.EMAIL                 AS RCV_EMAIL
			                           ]]>
			                          <if test='hapYn != null and hapYn =="Y" '>
			                           , 2                       AS APPR_ORDER
			                          </if>
			                          <if test='hapYn != null and hapYn =="N" '>
			                           , 1                       AS APPR_ORDER --합의자 없을경우 1번으로 세팅 
			                          </if>
			                           <![CDATA[
			                        FROM TB_ITR010 A
			                           , OAS_APP.VW_OHR003 D
			                       WHERE 1=1
			                         AND A.APRVL_EMPNO = D.EMPNO
			                         AND A.SYS_CD IN (SELECT X.BIZ_SYS_CD
			                                            FROM TB_ITR017 X
			                                               , TB_ITR001 Y
			                                           WHERE 1=1
			                                             AND X.CSR_NO = Y.CSR_NO
			                                             AND X.SEQ    = Y.SEQ
			                                             AND X.CSR_NO = #{csrNo}
			                                             )
			                       UNION ALL
			                      /* (결재)요청자의 부서장 */
					               SELECT '0'                      AS CHK
								     , '02'                     AS APPR_METHOD
								     , A.KOR_USR_NM             AS APPR_HAN_NM
								     , A.EMPNO                  AS APPR_EMPNO
								     , A.CORP_CD                AS CORP_CD
								     , A.ORGN_NM                AS APPR_ORG_NM
								     , A.EMAIL                  AS RCV_EMAIL
								      ]]>
			                          <if test='hapYn =="Y" '>
			                           , 3                       AS APPR_ORDER
			                          </if>
			                          <if test='hapYn =="N" '>
			                           , 2                       AS APPR_ORDER --합의자 없을경우 2번으로 세팅 
			                          </if>
			                           <![CDATA[
								  FROM  (SELECT A.CORP_CD
				                              , A.EMPNO
				                              , A.KOR_USR_NM
				                              , A.ORGN_CD
 	 			                              , B.ORGN_NM
				                              , A.EMAIL
				                           FROM OAS_APP.VW_OHR003 A
				                              , OAS_APP.VW_OHR004 B
				                          WHERE 1=1
				                            AND A.CORP_CD = B.CORP_CD
				                            AND A.ORGN_CD = B.ORGN_CD
				                        ) A             -- 요청자
				                      , (SELECT FC_GET_APPRLINE(P.EMPNO, 'E') EMPNO
				                           FROM DUAL
				                              , PARAM P
				                         ) B
				                 WHERE 1=1 
				                   AND A.EMPNO = B.EMPNO
				                   AND A.EMPNO NOT IN (SELECT DISTINCT APRVL_EMPNO 
                                                 FROM TB_ITR010
                                                WHERE 1=1
                                                  AND SYS_CD IN (SELECT X.BIZ_SYS_CD
				                                                   FROM TB_ITR017 X
				                                                      , TB_ITR001 Y
				                                                  WHERE 1=1
				                                                    AND X.CSR_NO = Y.CSR_NO
				                                                    AND X.SEQ    = Y.SEQ
				                                                    AND X.CSR_NO = #{csrNo}
							                                        AND X.SEQ    = #{seq}
							                                     )
                                              		  )
				                      )
				                GROUP BY CHK, APPR_HAN_NM, APPR_EMPNO, CORP_CD, APPR_ORG_NM, RCV_EMAIL  --,APPR_ORDER
				             )
				            WHERE 1=1
				            ORDER BY APPR_METHOD, APPR_ORDER, APPR_HAN_NM
		]]>		
	</select>
	
	<!--  권한요청에서 참고자찾기-->
	<select id="csrReqMgtDao.retrieveAuthReqstApprRefer" resultType="ohMap">
 		<![CDATA[
 		${queryId}
        SELECT CHK
             , EMPNO
             , HAN_NM
             , ORG_CD
             , ORG_NM
             , REFR_READ_CHG_YN
          FROM (/* 권한요청에서 참고자/열람자 목록 - 권한관리담당자(부) */
                SELECT '1'            AS CHK
                     , E.USR_ID       AS EMPNO
                     , E.USR_NM       AS HAN_NM
                     , E.ORGN_CD      AS ORG_CD
                     , E.ORGN_NM      AS ORG_NM
                     , 'Y'            AS REFR_READ_CHG_YN
                  FROM TB_ITR001 A
                     , TB_ITR017 B
                     , TB_ITR010 C
                     , TB_ITR011 D
                     , TB_USR001 E
                 WHERE 1=1
                   AND A.CSR_NO   = #{csrNo}
                   AND A.SEQ      = #{seq}
                   AND A.CORP_CD  = B.CORP_CD(+)
                   AND A.CSR_NO   = B.CSR_NO(+)
                   AND A.SEQ      = B.SEQ(+)
                   AND C.SYS_CD   = B.BIZ_SYS_CD
                   AND D.GBN_CD   = 'AUTH'
                   AND D.OPER_SEQ = C.OPER_SEQ
                   AND E.USR_ID   = D.RSPBER_B_EMPNO
               )
           GROUP BY CHK
                  , EMPNO
                  , HAN_NM
                  , ORG_CD
                  , ORG_NM
                  , REFR_READ_CHG_YN
           ORDER BY ORG_CD, EMPNO
		]]>
	</select>
	
	<!--  프로젝트관리에서 결재라인찾기-->
	<select id="csrReqMgtDao.retrieveProjectReqstApprLine" resultType="ohMap">
 		<![CDATA[
		${queryId}
        SELECT CHK
             , APPR_METHOD
             , APPR_HAN_NM
             , APPR_EMPNO
             , CORP_CD
             , APPR_ORG_NM
             , RCV_EMAIL
             , MIN(APPR_ORDER) AS APPR_ORDER
          FROM (
                 SELECT '0'                     AS CHK
                      , '02'                    AS APPR_METHOD
                      , C.KOR_USR_NM            AS APPR_HAN_NM
                      , C.EMPNO                 AS APPR_EMPNO
                      , C.CORP_CD               AS CORP_CD
                      , C.ORGN_NM               AS APPR_ORG_NM
                      , C.EMAIL                 AS RCV_EMAIL
                      , 1                       AS APPR_ORDER
                   FROM OAS_APP.VW_OHR003 A
                      , OAS_APP.VW_OHR007 B
                      , OAS_APP.VW_OHR003 C
                      , TB_ITR040         D
                  WHERE 1=1
                    AND A.CORP_CD         = B.CORP_CD
                    AND A.ORGN_CD         = B.ORGN_CD
                    AND B.CORP_CD         = C.CORP_CD
                    AND B.ORGN_MNGR_EMPNO = C.EMPNO
                    AND D.PJT_KEY         = #{csrNo}
                    AND A.EMPNO           = D.IT_RESP_EMPNO
                  UNION ALL
                 /* 요청자의 부서장 */
                 SELECT '0'                     AS CHK
                      , '02'                    AS APPR_METHOD
                      , C.KOR_USR_NM            AS APPR_HAN_NM -- 요청자의 부서장 이름
                      , C.EMPNO                 AS APPR_EMPNO  -- 요청자의 부서장 사번
                      , C.CORP_CD               AS CORP_CD
                      , C.ORGN_NM               AS APPR_ORG_NM
                      , C.EMAIL                 AS RCV_EMAIL
                      , 2                       AS APPR_ORDER
                   FROM OAS_APP.VW_OHR003 A
                      , OAS_APP.VW_OHR007 B
                      , OAS_APP.VW_OHR003 C
                      , TB_ITR040         D
                  WHERE 1=1
                    AND A.CORP_CD         = B.CORP_CD
                    AND A.ORGN_CD         = B.ORGN_CD
                    AND B.CORP_CD         = C.CORP_CD
                    AND B.ORGN_MNGR_EMPNO = C.EMPNO
                    AND D.PJT_KEY         = #{csrNo}
                    AND A.EMPNO           = D.RESP_EMPNO
               )
         WHERE 1=1
         GROUP BY CHK,APPR_METHOD,APPR_HAN_NM,APPR_EMPNO,CORP_CD,APPR_ORG_NM,RCV_EMAIL
         ORDER BY APPR_METHOD, APPR_ORDER
         
		]]>		
	</select>

	<!--  프로젝트관리에서 참고자찾기-->
	<select id="csrReqMgtDao.retrieveProjectReqstApprRefer" resultType="ohMap">
 		<![CDATA[
 		${queryId}
        /*hint:csrReqMgtDao.retrieveProjectReqstApprLine*/
        SELECT CHK
             , EMPNO
             , HAN_NM
             , ORG_CD
             , ORG_NM
             , REFR_READ_CHG_YN
             , ROWNUM AS APPR_ORDER
          FROM (
                SELECT CHK
                     , EMPNO
                     , HAN_NM
                     , ORG_CD
                     , ORG_NM
                     , REFR_READ_CHG_YN
                  FROM (
                        /* 담당자 */
                        SELECT '1'        AS CHK
                             , C.USR_ID   AS EMPNO
                             , C.USR_NM   AS HAN_NM
                             , C.ORGN_CD  AS ORG_CD
                             , C.ORGN_NM  AS ORG_NM
                             , 'Y'        AS REFR_READ_CHG_YN
                             , 1          AS ORD
                          FROM TB_ITR040 A
                             , TB_USR001 C
                         WHERE 1=1
                           AND A.PJT_KEY    = #{csrNo}
                           AND C.USR_ID     = A.RESP_EMPNO
                         UNION ALL
                        /* IT담당자 */
                        SELECT '1'        AS CHK
                             , C.USR_ID   AS EMPNO
                             , C.USR_NM   AS HAN_NM
                             , C.ORGN_CD  AS ORG_CD
                             , C.ORGN_NM  AS ORG_NM
                             , 'Y'        AS REFR_READ_CHG_YN
                             , 2          AS ORD
                          FROM TB_ITR040 A
                             , TB_USR001 C
                         WHERE 1=1
                           AND A.PJT_KEY    = #{csrNo}
                           AND C.USR_ID     = A.IT_RESP_EMPNO 
                         UNION ALL
                        SELECT '1'        AS CHK
                             , C.USR_ID   AS EMPNO
                             , C.USR_NM   AS HAN_NM
                             , C.ORGN_CD  AS ORG_CD
                             , C.ORGN_NM  AS ORG_NM
                             , 'Y'        AS REFR_READ_CHG_YN
                             , 3          AS ORD
                          FROM TB_ITR040 A
                             , TB_ITR042 B
                             , TB_USR001 C
                         WHERE 1=1
                           AND A.PJT_KEY    = #{csrNo}
                           AND B.PJT_KEY    = A.PJT_KEY
                           AND C.USR_ID     = B.PARTIC_EMPNO
                       )
                 WHERE 1=1
                 GROUP BY CHK, EMPNO, HAN_NM, ORG_CD, ORG_NM, REFR_READ_CHG_YN
               )
         ORDER BY HAN_NM
		]]>		
	</select>
	
	<select id="csrReqMgtDao.retrieveCsrTestApprLine" resultType="ohMap">
 		<![CDATA[
 		${queryId}
        /* 시스템의 결제자*/
        SELECT '0'                     AS CHK
             , '02'                    AS APPR_METHOD
             , C.USR_NM                AS APPR_HAN_NM
             , B.APRVL_EMPNO           AS APPR_EMPNO
             , C.CORP_CD               AS CORP_CD
             , C.ORGN_NM               AS APPR_ORG_NM
             , C.EMAIL                 AS RCV_EMAIL
             , 1                       AS APPR_ORDER 
        FROM TB_ITR001 A
           , TB_ITR010 B
           , TB_USR001 C
        WHERE A.CSR_NO = #{csrNo}
          AND A.STAT_CD = '700'
          AND A.BIZ_SYS_CD = B.SYS_CD
          AND B.APRVL_EMPNO = C.USR_ID
		]]>		
	</select>
	
	<select id="csrReqMgtDao.retrieveProjectTestApprLine" resultType="ohMap">
 		<![CDATA[
 		${queryId}
		/* IT담당자의 부서장 */
		SELECT '0'                     AS CHK
		     , '02'                    AS APPR_METHOD
		     , C.KOR_USR_NM            AS APPR_HAN_NM -- 요청자의 부서장 이름
		     , C.EMPNO                 AS APPR_EMPNO  -- 요청자의 부서장 사번
		     , C.CORP_CD               AS CORP_CD
		     , C.ORGN_NM               AS APPR_ORG_NM
		     , C.EMAIL                 AS RCV_EMAIL
		     , 1                       AS APPR_ORDER
		  FROM OAS_APP.VW_OHR003 A
		     , OAS_APP.VW_OHR007 B
		     , OAS_APP.VW_OHR003 C
		     , TB_ITR040         D
		 WHERE 1=1
		   AND A.CORP_CD = B.CORP_CD
		   AND A.ORGN_CD = B.ORGN_CD
		   AND B.CORP_CD = C.CORP_CD
		   AND B.ORGN_MNGR_EMPNO = C.EMPNO
		   AND D.PJT_KEY = #{csrNo}
		   AND D.STAT_CD = '700'
		   AND A.EMPNO   = D.IT_RESP_EMPNO   /* IT담당자*/
		 GROUP BY C.KOR_USR_NM
		        , C.EMPNO
		        , C.CORP_CD
		        , C.ORGN_NM
		        , C.EMAIL
		]]>		
	</select>

	<select id="csrReqMgtDao.retrieveDeptOwnerApprLine" resultType="ohMap">
 		<![CDATA[
 		${queryId}
		/* 해당사번의 부서장 */
		SELECT '0'                     AS CHK
		     , '02'                    AS APPR_METHOD
		     , C.KOR_USR_NM            AS APPR_HAN_NM -- 요청자의 부서장 이름
		     , C.EMPNO                 AS APPR_EMPNO  -- 요청자의 부서장 사번
		     , C.CORP_CD               AS CORP_CD
		     , C.ORGN_NM               AS APPR_ORG_NM
		     , C.EMAIL                 AS RCV_EMAIL
		     , 1                       AS APPR_ORDER
		  FROM OAS_APP.VW_OHR003 A
		     , OAS_APP.VW_OHR007 B
		     , OAS_APP.VW_OHR003 C
		 WHERE 1=1
		   AND A.CORP_CD         = B.CORP_CD
		   AND A.ORGN_CD         = B.ORGN_CD
		   AND B.CORP_CD         = C.CORP_CD
		   AND B.ORGN_MNGR_EMPNO = C.EMPNO
		   AND A.EMPNO           = #{empno}
		 GROUP BY C.KOR_USR_NM
		        , C.EMPNO
		        , C.CORP_CD
		        , C.ORGN_NM
		        , C.EMAIL
		]]>		
	</select>
	
	<!-- 배치잡등록 결재자 조회 -->
	<select id="csrReqMgtDao.retrieveBatchJobApprLine" resultType="ohMap">
 		<![CDATA[
 		${queryId}
        SELECT CHK
             , APPR_METHOD
             , APPR_HAN_NM
             , APPR_EMPNO
             , CORP_CD
             , APPR_ORG_NM
             , RCV_EMAIL
             , MIN(APPR_ORDER) AS APPR_ORDER
          FROM (
                /* 1차 : 해당사번의 부서장 */
                SELECT '0'                     AS CHK
                     , '02'                    AS APPR_METHOD
                     , C.KOR_USR_NM            AS APPR_HAN_NM -- 요청자의 부서장 이름
                     , C.EMPNO                 AS APPR_EMPNO  -- 요청자의 부서장 사번
                     , C.CORP_CD               AS CORP_CD
                     , C.ORGN_NM               AS APPR_ORG_NM
                     , C.EMAIL                 AS RCV_EMAIL
                     , 1                       AS APPR_ORDER
                  FROM OAS_APP.VW_OHR003 A
                     , OAS_APP.VW_OHR007 B
                     , OAS_APP.VW_OHR003 C
                 WHERE 1=1
                   AND A.CORP_CD         = B.CORP_CD
                   AND A.ORGN_CD         = B.ORGN_CD
                   AND B.CORP_CD         = C.CORP_CD
                   AND B.ORGN_MNGR_EMPNO = C.EMPNO
                   AND A.EMPNO           = #{empno}
                 GROUP BY C.KOR_USR_NM
                        , C.EMPNO
                        , C.CORP_CD
                        , C.ORGN_NM
                        , C.EMAIL
                UNION ALL
                /* 2차 : 시스템의 결재자 */
                SELECT '0'                     AS CHK
                     , '02'                    AS APPR_METHOD
                     , C.USR_NM                AS APPR_HAN_NM
                     , B.APRVL_EMPNO           AS APPR_EMPNO
                     , C.CORP_CD               AS CORP_CD
                     , C.ORGN_NM               AS APPR_ORG_NM
                     , C.EMAIL                 AS RCV_EMAIL
                     , 2                       AS APPR_ORDER 
                FROM TB_ITR053 A
                   , TB_ITR010 B
                   , TB_USR001 C
                WHERE A.BATCH_NO    = #{batchNo}
                  AND A.BIZ_SYS_CD  = B.SYS_CD
                  AND B.APRVL_EMPNO = C.USR_ID
               )
         GROUP BY CHK
             , APPR_METHOD
             , APPR_HAN_NM
             , APPR_EMPNO
             , CORP_CD
             , APPR_ORG_NM
             , RCV_EMAIL
        ORDER BY APPR_ORDER
		]]>		
	</select>

	<!-- 배치잡등록 참조자/열람권자 조회 -->
	<select id="csrReqMgtDao.retrieveBatchJobApprRefer" resultType="ohMap">
 		<![CDATA[
 		${queryId}
        /*hint:csrReqMgtDao.retrieveBatchJobApprRefer*/
        SELECT '1'          CHK
             , A.USR_ID     EMPNO
             , A.USR_NM     HAN_NM
             , A.ORGN_CD    ORG_CD
             , A.ORGN_NM    ORG_NM
             , 'Y'          REFR_READ_CHG_YN
          FROM TB_USR001 A 
             , TB_ITR053 B
         WHERE 1=1 
           AND A.USR_ID   = B.REQ_EMPNO
           AND B.BATCH_NO = #{batchNo}
         GROUP BY A.USR_ID, A.USR_NM, A.ORGN_CD, A.ORGN_NM
		]]>
	</select>

	<!-- 결재시 파일정보 조회 -->
	<select id="csrReqMgtDao.retrieveFileInfo" resultType="ohMap">
 		<![CDATA[
 		${queryId}
		SELECT SUBSTR(REPLACE(STOR_ROUTE,'\','/'), INSTR(REPLACE(STOR_ROUTE,'\','/'),'/itsm/')) AS FILE_PATH
	         , ATCH_FILE_NM AS FILE_NAME
	         , STOR_FILE_NM AS SAVE_FILE_NAME
	         , REVERSE(SUBSTR(REVERSE(ATCH_FILE_NM), 0, INSTR(REVERSE(ATCH_FILE_NM),'.') - 1)) AS FILE_EXT
	         , REVERSE(SUBSTR(REVERSE(ATCH_FILE_NM), 0, INSTR(REVERSE(ATCH_FILE_NM),'.') - 1)) AS FILE_TYPE
		     , FILE_SIZE
		     , ATCH_FILE_ID 
		FROM ITSM_OWN.TB_ITR004
		WHERE ATCH_FILE_ID = #{atchFileId}
		]]>
	</select>

    <insert id="csrReqMgtDao.insertCsrRegMgtSystem">
	    <![CDATA[ 
	    ${queryId}
		INSERT 
		  INTO TB_ITR017
		     ( 
		       CORP_CD                /* 법인코드-아워홈:1000, 사보텐:2000 */
		     , CSR_NO                 /* 권한요청번호 */
		     , SEQ                    /* 요청순번 */
		     , BIZ_SYS_CD             /* 업무시스템코드 */
		     , BIZ_TYPE               /* 업무유형 */
		     , BIZ_CLSF_CD            /* 분류 */
		     , BIZ_SYS_ORD            /* 업무시스템코드순서 */
		     , RGTER_ID               /* 등록자ID */
		     , RGT_DATE               /* 등록일시 */
		     , MODER_ID               /* 수정자ID */
		     , MOD_DATE               /* 수정일시 */
		     )
		     VALUES
		     (
		       #{corpCd}
		     , #{csrNo}
		     , #{seq}
		     , #{bizSysCd}
		     , #{bizType}
		     , #{bizClsfCd}
		     , (SELECT NVL( MAX(BIZ_SYS_ORD), 0 ) +1 FROM TB_ITR017 WHERE CORP_CD = #{corpCd} AND CSR_NO = #{csrNo} AND SEQ = #{seq})
		     , #{usrId}
		     , SYSDATE
		     , #{usrId}
		     , SYSDATE
		     )
	    ]]>
    </insert>

    
    <update id="csrReqMgtDao.updateCsrRegMgtSystem">
	    <![CDATA[ 
	    ${queryId}
	    UPDATE TB_ITR017
	       SET BIZ_SYS_CD  = #{bizSysCd}
	         , BIZ_TYPE    = #{bizType}
	         , BIZ_CLSF_CD = #{bizClsfCd}
	         , BIZ_SYS_ORD = '1'
	         , MODER_ID    = #{usrId}
	         , MOD_DATE    = SYSDATE
	     WHERE 1=1
	       AND CORP_CD = #{corpCd}
		   AND CSR_NO  = #{csrNo}
		   AND SEQ     = #{seq}
	    ]]>
    </update>
    
  	<select id="csrReqMgtDao.retrieveViewVpnListReqMgt" resultMap="clobMap">		
 		<![CDATA[
 		${queryId}
        SELECT CSR_NO
             , SEQ
             , BIZ_SYS_CD
             , BIZ_SYS_CD_NM
             , STAT_CD
             , NVL((SELECT Z.ETC_CHAR_VAL_01 FROM TB_COM001 Z WHERE 1=1 AND Z.GRP_CD = 'SYS_CD' AND Z.COM_CD = BIZ_SYS_CD), 'N') AS AUTHLINE_EDIT_YN
          FROM (
                SELECT B.CSR_NO
                     , B.SEQ
                     , B.BIZ_SYS_CD
                     , (SELECT C.COM_CD_NM FROM TB_ITR010 A, TB_COM001 C WHERE  1=1 AND C.GRP_CD ='SYS_CD' AND A.SYS_CD = C.COM_CD AND A.SYS_CD = B.BIZ_SYS_CD)  BIZ_SYS_CD_NM            /* 업무시스템코드명 */
                     , A.STAT_CD
                  FROM TB_ITR001 A
                     , TB_ITR017 B
                 WHERE 1=1
                   AND B.CORP_CD = A.CORP_CD
                   AND B.CSR_NO  = A.CSR_NO
                   AND B.SEQ     = A.SEQ
                   AND A.CSR_NO  = #{csrNo}
                   AND A.SEQ     = #{seq}
               )
         WHERE 1=1
         GROUP BY CSR_NO
                , SEQ
                , BIZ_SYS_CD
                , BIZ_SYS_CD_NM
                , STAT_CD
		]]>	
	</select> 
	
  	<select id="csrReqMgtDao.retrieveViewVpnReqMgt" resultMap="clobMap">		
 		<![CDATA[
 		${queryId}
        SELECT A.REQ_ORD                                                 AS "NO"
		     , A.CSR_NO
		     , A.SEQ
		     , A.VPN_GROUP_ID											  AS "USR_AUTH_GRP_CD"
			 , (SELECT VPN_GROUP_NM FROM EPORTAL.TB_COMM_VPN_GROUPS@LN_OHEP_APPR_INF WHERE USE_YN = 'Y' AND VPN_GROUP = A.VPN_GROUP_ID) AS "USR_AUTH_GRP_NM"	     
		     , A.VPN_USR_ID                                
		     , B.USER_NAME                                                AS "VPN_USR_NM"
		     , A.VPN_ST_DT
		     , A.VPN_ED_DT
		     , A.ORGN_CD                                                  AS "DEPT_CD"
		     , NVL(FC_GET_EMPNO_TO_DEPT(A.VPN_USR_ID, 'N' ), B.TEAM_NAME)   AS "DEPT_NM"  -- 협력사의 경우 부서정보 없어 그룹웨어기준으로 조회되도록 수정 2024.09.19 yjh
		  FROM TB_ITR018 A
		     , IKEP4_EV_USER B
		 WHERE 1=1
		   AND A.CORP_CD = B.COMP_CD           (+)
		   AND A.VPN_USR_ID = B.USER_ID        (+)  
		   AND A.CSR_NO  = #{csrNo} 
		]]>	 
		<if test="seq != null and seq !=''">
		   AND A.SEQ   = #{seq}
		</if> 
 		<![CDATA[
        ORDER BY A.REQ_ORD
		]]>	
	</select>
  	<select id="csrReqMgtDao.retrieveVpnGrp" resultMap="clobMap">		
 		<![CDATA[
 		${queryId}
        SELECT VPN_GROUP    AS VPN_GRP_CD
		    ,  VPN_GROUP_NM AS VPN_GRP_NM 
		  FROM EPORTAL.TB_COMM_VPN_GROUPS@LN_OHEP_APPR_INF
		 WHERE USE_YN = 'Y'
		 ORDER BY TO_NUMBER(DECODE(VPN_GROUP, 'account', 1, 'insa', 2, 'buy', 3, 'sc', 4, 'jejo', 5, 'fnc', 6, 'lgcns1', 97, 'lgcns2', 98,'admin', 99, 90)), VPN_GROUP
		]]>	
	</select>
    <insert id="csrReqMgtDao.insertCsrRegMgtVpnSystem">
	    <![CDATA[ 
	    ${queryId}
			INSERT 
			  INTO TB_ITR018
		         ( CSR_NO
			     , SEQ
			     , REQ_ORD
			     , BIZ_TYPE
			     , CORP_CD
			     , ORGN_CD
			     , VPN_ST_DT
			     , VPN_ED_DT
			     , VPN_USR_ID
			     , VPN_GROUP_ID
			     , RGTER_ID
			     , RGT_DATE
			     , MODER_ID
			     , MOD_DATE
			     )
			VALUES
			     (
			       #{csrNo}
			     , #{seq}
			     , #{no}
			     , #{bizType}
			     , #{compCd}
			     , #{deptCd}
			     , #{vpnStDt}
			     , #{vpnEdDt}     
			     , #{vpnUsrId}
			     , #{usrAuthGrpCd}
			     , #{usrId}
			     , SYSDATE
			     , #{usrId}
			     , SYSDATE
			     ) 
	    ]]>
    </insert>    



</mapper>
