<?xml version="1.0" encoding="UTF-8"?>
<!DOCTYPE mapper   PUBLIC "-//mybatis.org//DTD Mapper 3.0//EN" "http://mybatis.org/dtd/mybatis-3-mapper.dtd">
<mapper namespace="csrRptDao">

<!-- 2025-06-18 Amazon Q Developer : Converted CLOB to TEXT for PostgreSQL compatibility -->
<resultMap id="clobMap" type="ohMap" >
    <result property="chk"           column="CHK" jdbcType="VARCHAR" javaType="java.lang.String"/>

    <result property="sendCont"       column="SEND_CONT"         jdbcType="TEXT"    javaType="java.lang.String"/>
    <result property="execCont"    column="EXEC_CONT"     jdbcType="TEXT"    javaType="java.lang.String"/> 
    <result property="title"         column="TITLE"            jdbcType="VARCHAR" javaType="java.lang.String"/>
    <result property="atchFileId"    column="ATCH_FILE_ID"     jdbcType="VARCHAR" javaType="java.lang.String"/> 
    <result property="reqEmpnoDeptnm"       column="REQ_EMPNO_DEPTNM"         jdbcType="VARCHAR" javaType="java.lang.String"/>
    <result property="reqEmpnoEmail"        column="REQ_EMPNO_EMAIL"          jdbcType="VARCHAR" javaType="java.lang.String"/>
    <result property="csrNo"         column="CSR_NO"           jdbcType="VARCHAR" javaType="java.lang.String"/>
    <result property="seq"           column="SEQ"              jdbcType="VARCHAR" javaType="java.lang.String"/>
    <result property="reqEmpInfo"        column="REQ_EMP_INFO"          jdbcType="VARCHAR" javaType="java.lang.String"/>
    <result property="delivrDate"    column="DELIVR_DATE"     jdbcType="VARCHAR" javaType="java.lang.String"/>
    <result property="complteDate"    column="COMPLTE_DATE"     jdbcType="VARCHAR" javaType="java.lang.String"/>
    <result property="toEmpno"    column="TO_EMPNO"     jdbcType="VARCHAR" javaType="java.lang.String"/>
    <result property="toEmlAddr"    column="TO_EML_ADDR"     jdbcType="VARCHAR" javaType="java.lang.String"/>
    <result property="compltAltDt"    column="COMPLT_ALT_DT"     jdbcType="VARCHAR" javaType="java.lang.String"/>
    <result property="standWorkhour"    column="STAND_WORKHOUR"     jdbcType="VARCHAR" javaType="java.lang.String"/>
    <result property="execWorkhour"    column="EXEC_WORKHOUR"     jdbcType="VARCHAR" javaType="java.lang.String"/>
    <result property="mailAtchFileId"    column="MAIL_ATCH_FILE_ID"     jdbcType="VARCHAR" javaType="java.lang.String"/>
    <result property="csrCompKey"    column="CSR_COMP_KEY"     jdbcType="VARCHAR" javaType="java.lang.String"/>
    <result property="complteYn"    column="COMPLTE_YN"     jdbcType="VARCHAR" javaType="java.lang.String"/>
    <result property="bizType"    column="BIZ_TYPE"     jdbcType="VARCHAR" javaType="java.lang.String"/>
    <result property="bizTypeNm"    column="BIZ_TYPE_NM"     jdbcType="VARCHAR" javaType="java.lang.String"/>
    <result property="statCd"    column="STAT_CD"     jdbcType="VARCHAR" javaType="java.lang.String"/>
    <result property="prgsgStep"    column="PRGSG_STEP"     jdbcType="VARCHAR" javaType="java.lang.String"/>
    
</resultMap>

<!-- 2025-06-18 Amazon Q Developer : Converted Oracle SQL to PostgreSQL - DUAL removal, NVL to COALESCE, DECODE to CASE, outer join syntax -->
<select id="csrRptDao.retrieveCsrSearch" resultType="ohMap">		
 	 <![CDATA[
 		${queryId}
        WITH PARAM AS (
              SELECT #{empno}  S_EMPNO
                    ,FN_CHK_USER_AUTH_YN('A001',#{empno}) A001_YN /* A001(ADMIN) 권한여부 확인 */
                    ,FN_CHK_USER_AUTH_YN('G020',#{empno}) G020_YN /* G020(시스템운영자) 권한여부 확인 */
        )	
		SELECT *
		  FROM (
				SELECT   TO_CHAR( A.REQ_DT , 'YYYYMMDD') REQ_DT
				,        A.TITLE
				,        A.REQ_EMPNO
				,       (SELECT S1.USR_NM  FROM  TB_USR001 S1 
						 WHERE A.REQ_EMPNO = S1.EMPNO
						 AND ROW_NUMBER() OVER (ORDER BY S1.USR_NM) = 1) REQ_EMPNO_NM
				,        A.BIZ_SYS_CD
				,        A.RSPBER_EMPNO
				,        A.CSR_NO
				,        A.SEQ
				,        A.CORP_CD
				,        A.RECV_TYPE_CD 
				,       (SELECT S1.USR_NM  FROM  TB_USR001 S1 
						 WHERE A.RSPBER_EMPNO = S1.EMPNO
						 AND ROW_NUMBER() OVER (ORDER BY S1.USR_NM) = 1) RSPBER_EMPNO_NM
				,       COALESCE(A.COMPLTE_YN, 'N')	COMPLTE_YN_PRE
				,       COALESCE(A.COMPLTE_YN, 'N')	COMPLTE_YN
				,       COALESCE(B.CSR_COMP_KEY, 'N') CSR_COMP_KEY
				,       A.BIZ_TYPE
                ,       COALESCE(FN_CODENM('CSR_BIZ_TYPE', A.BIZ_TYPE), FN_CODENM('BIZ_TYPE_SUB',A.BIZ_TYPE)) BIZ_TYPE_NM
                ,       A.STAT_CD
                ,       A.PRGSG_STEP
				
				FROM     TB_ITR001 A 
					   LEFT OUTER JOIN TB_ITR009 B ON A.CSR_NO = B.CSR_NO AND A.SEQ = B.SEQ
					   , PARAM P
				WHERE    1=1  
		--        AND      A.SEQ = (SELECT MAX(S.SEQ ) FROM  TB_ITR001 S WHERE S.CSR_NO = A.CSR_NO AND S.MAIN_SEQ = 0 )
				-- AND      A.RSPBER_EMPNO = COALESCE( P.S_EMPNO , A.RSPBER_EMPNO )
				AND    CASE WHEN P.A001_YN = 'Y' THEN 'Y' ELSE A.RSPBER_EMPNO END = CASE WHEN P.A001_YN = 'Y' THEN 'Y' ELSE COALESCE( P.S_EMPNO, A.RSPBER_EMPNO ) END   
		--		AND     ( A.STAT_CD = '900' 
                AND      A.BIZ_TYPE <> #{exptBizType} 
				AND     ( A.STAT_CD IN ('700', '900','990')
					   OR EXISTS ( SELECT 'Y'
								   FROM   TB_ITR003 S 
								   WHERE  S.CSR_NO = A.CSR_NO AND S.SEQ = A.SEQ
								   AND    S.JOIN_RSPBER_EMPNO =  P.S_EMPNO )
						)
			]]>
		    <if test="csrCmplt == 'false' or csrCmplt == null or csrCmplt == ''">
				<if test='dtGbn == "1"'>
					<if test="reqDtSt != null and reqDtSt !='' and reqDtEd != null and reqDtEd !='' ">		   
				   	    AND A.REQ_DT BETWEEN  TO_TIMESTAMP(  #{reqDtSt} ||'000000', 'YYYYMMDDHH24MISS')  AND  TO_TIMESTAMP(  #{reqDtEd} ||'235959', 'YYYYMMDDHH24MISS')
					</if>			     			   		   
				</if>
				
				<if test='dtGbn == "2"'>
					<if test="reqDtSt != null and reqDtSt !='' and reqDtEd != null and reqDtEd !='' ">		   
				   	    AND A.RGT_DATE BETWEEN  TO_TIMESTAMP(  #{reqDtSt} ||'000000', 'YYYYMMDDHH24MISS')  AND  TO_TIMESTAMP(  #{reqDtEd} ||'235959', 'YYYYMMDDHH24MISS')
					   	   
					</if>			     			   		   
				</if>
				
				<if test='dtGbn == "3"'>
					<if test="reqDtSt != null and reqDtSt !='' and reqDtEd != null and reqDtEd !='' ">		   
				   	    AND A.COMPLTE_DATE BETWEEN  TO_TIMESTAMP(  #{reqDtSt} ||'000000', 'YYYYMMDDHH24MISS')  AND  TO_TIMESTAMP(  #{reqDtEd} ||'235959', 'YYYYMMDDHH24MISS')
				   	   
					</if>			     			   		   
				</if>
			</if>		
			<if test="csrCmplt == 'true'">	
                AND COALESCE(A.COMPLTE_YN,'N') != 'Y'
		    </if>

		    <if test="sysCd != null and sysCd !='' ">
                AND A.BIZ_SYS_CD = #{sysCd}
		    </if>
		    <if test="csrBizType != null and csrBizType !='' ">
                AND A.BIZ_TYPE = #{csrBizType}
		    </if>
		    <if test="rspberEmpno != null and rspberEmpno !='' ">
                AND A.RSPBER_EMPNO = #{rspberEmpno}
		    </if>
		    <if test="reqEmpno != null and reqEmpno !='' ">
                AND A.REQ_EMPNO = #{reqEmpno}
		    </if>
		    
		    
		<![CDATA[					
				AND     CASE WHEN A.RECV_TYPE_CD='400' THEN  (SELECT  CASE WHEN MIN(COALESCE(S.JOIN_STAT_CD, '500')) 
																			  = '900' THEN 'Y' ELSE 'N'
																		   END 
															  FROM    TB_ITR003 S
															  WHERE   S.CSR_NO = A.CSR_NO
															  AND     S.SEQ    = A.SEQ
															 ) 
							 ELSE 'Y' END  = 'Y'
				AND      COALESCE((SELECT MAX('N') FROM TB_ITR001 S WHERE S.CSR_NO = A.CSR_NO  AND S.MAIN_SEQ = A.SEQ AND S.STAT_CD <> '900' ) ,'Y') = 'Y'     
				UNION
				SELECT   TO_CHAR( A.REQ_DT , 'YYYYMMDD') REQ_DT
				,        A.TITLE
				,        A.REQ_EMPNO
				,       (SELECT S1.USR_NM  FROM  TB_USR001 S1 
						 WHERE A.REQ_EMPNO = S1.EMPNO
						 AND ROW_NUMBER() OVER (ORDER BY S1.USR_NM) = 1) REQ_EMPNO_NM
				,        A.BIZ_SYS_CD
				,        A.RSPBER_EMPNO
				,        A.CSR_NO
				,        A.SEQ
				,        A.CORP_CD
				,        A.RECV_TYPE_CD 
				,       (SELECT S1.USR_NM  FROM  TB_USR001 S1 
						 WHERE A.RSPBER_EMPNO = S1.EMPNO
						 AND ROW_NUMBER() OVER (ORDER BY S1.USR_NM) = 1) RSPBER_EMPNO_NM
				,       COALESCE(A.COMPLTE_YN, 'N')  COMPLTE_YN_PRE
				,       COALESCE(A.COMPLTE_YN, 'N')  COMPLTE_YN
				,       COALESCE(B.CSR_COMP_KEY, 'N') CSR_COMP_KEY
				,       A.BIZ_TYPE
                ,       COALESCE(FN_CODENM('CSR_BIZ_TYPE', A.BIZ_TYPE), FN_CODENM('BIZ_TYPE_SUB',A.BIZ_TYPE)) BIZ_TYPE_NM
                ,       A.STAT_CD
                ,       A.PRGSG_STEP
				 FROM TB_ITR001 A
					LEFT OUTER JOIN TB_ITR009 B ON A.CSR_NO = B.CSR_NO AND A.SEQ = B.SEQ
					LEFT OUTER JOIN TB_ITR003 C ON A.CSR_NO = C.CSR_NO AND A.SEQ = C.SEQ
					, PARAM P
				WHERE 1=1
				AND      A.RSPBER_EMPNO = B.RGTER_ID
                AND      A.BIZ_TYPE <> #{exptBizType} 
				-- AND      C.JOIN_RSPBER_EMPNO = P.S_EMPNO
				AND    CASE WHEN P.A001_YN = 'Y' THEN 'Y' ELSE C.JOIN_RSPBER_EMPNO END = CASE WHEN P.A001_YN = 'Y' THEN 'Y' ELSE COALESCE( P.S_EMPNO, C.JOIN_RSPBER_EMPNO ) END
				-- AND      C.JOIN_STAT_CD      = '900'
--				AND      A.STAT_CD IN ('700', '900','990')
				
                AND     ( A.STAT_CD IN ('700', '900','990')
					   OR EXISTS ( SELECT 'Y'
								   FROM   TB_ITR003 S 
								   WHERE  S.CSR_NO = A.CSR_NO AND S.SEQ = A.SEQ
								   AND    S.JOIN_RSPBER_EMPNO =  P.S_EMPNO )
						)

			]]>
		    <if test="csrCmplt == 'false' or csrCmplt == null or csrCmplt == ''">
				<if test='dtGbn == "1"'>
					<if test="reqDtSt != null and reqDtSt !='' and reqDtEd != null and reqDtEd !='' ">		   
				   	    AND A.REQ_DT BETWEEN  TO_TIMESTAMP(  #{reqDtSt} ||'000000', 'YYYYMMDDHH24MISS')  AND  TO_TIMESTAMP(  #{reqDtEd} ||'235959', 'YYYYMMDDHH24MISS')
					</if>			     			   		   
				</if>
				
				<if test='dtGbn == "2"'>
					<if test="reqDtSt != null and reqDtSt !='' and reqDtEd != null and reqDtEd !='' ">		   
				   	    AND A.RGT_DATE BETWEEN  TO_TIMESTAMP(  #{reqDtSt} ||'000000', 'YYYYMMDDHH24MISS')  AND  TO_TIMESTAMP(  #{reqDtEd} ||'235959', 'YYYYMMDDHH24MISS')
					   	   
					</if>			     			   		   
				</if>
				
				<if test='dtGbn == "3"'>
					<if test="reqDtSt != null and reqDtSt !='' and reqDtEd != null and reqDtEd !='' ">		   
				   	    AND A.COMPLTE_DATE BETWEEN  TO_TIMESTAMP(  #{reqDtSt} ||'000000', 'YYYYMMDDHH24MISS')  AND  TO_TIMESTAMP(  #{reqDtEd} ||'235959', 'YYYYMMDDHH24MISS')
				   	   
					</if>			     			   		   
				</if>
			</if>		
			<if test="csrCmplt == 'true'">	
                AND COALESCE(A.COMPLTE_YN,'N') != 'Y'
		    </if>

		    <if test="sysCd != null and sysCd !='' ">
                AND A.BIZ_SYS_CD = #{sysCd}
		    </if>
		    <if test="csrBizType != null and csrBizType !='' ">
                AND A.BIZ_TYPE = #{csrBizType}
		    </if>
		    <if test="rspberEmpno != null and rspberEmpno !='' ">
                AND A.RSPBER_EMPNO = #{rspberEmpno}
		    </if>
		    <if test="reqEmpno != null and reqEmpno !='' ">
                AND A.REQ_EMPNO = #{reqEmpno}
		    </if>
		<![CDATA[
/*							
		  	    AND    'Y' = (
			           SELECT  -- 모두 완료면 마스터 완료 처리.
			                   CASE WHEN SUM(CASE WHEN S.JOIN_STAT_CD='900' THEN 1 ELSE 0 END )  =   COUNT(1) THEN 'Y' ELSE 'N' END COMPLET_YN
			           FROM    TB_ITR003 S 
			           WHERE   S.CSR_NO = A.CSR_NO
			           AND     S.SEQ    = A.SEQ 
			          )
*/				
				)
		WHERE COALESCE(PRGSG_STEP,'C') NOT IN ('T','A')		
        ORDER BY CSR_COMP_KEY DESC ,REQ_DT DESC , BIZ_SYS_CD, BIZ_TYPE
        ]]>
	</select>

<!-- 2025-06-18 Amazon Q Developer : Converted Oracle SQL to PostgreSQL - SYSDATE to CURRENT_TIMESTAMP, NVL to COALESCE, outer join syntax -->
<select id="csrRptDao.retrieveCsrRptView" resultMap="clobMap">		
 	 <![CDATA[
 		${queryId}
		SELECT 
	            A.CSR_NO
	    ,       A.SEQ
	    ,       A.CORP_CD
	    ,       A.TITLE
	    ,       FC_GET_EMPNO_TO_DEPT(A.REQ_EMPNO, 'N' /*N:부서명, C:부서코드*/) REQ_EMPNO_DEPTNM
	    ,       A.REQ_EMPNO
        ,       C.USR_NM REQ_EMPNO_NM  --C.KOR_USR_NM REQ_EMPNO_NM
        ,       C.EMAIL REQ_EMPNO_EMAIL  --C.EMAIL REQ_EMPNO_EMAIL
	    ,       FC_GET_EMPNO_TO_DEPT(A.REQ_EMPNO, 'N' /*N:부서명, C:부서코드*/)  
              ||'/'||C.USR_ID--C.EMPNO
              ||'/'||C.USR_NM--C.KOR_USR_NM
              ||'/'||C.CO_TELNO REQ_EMP_INFO    --C.CO_TELNO  REQ_EMP_INFO 
	    ,       TO_CHAR(A.DELIVR_DATE , 'YYYYMMDD' ) DELIVR_DATE
	    /*,       TO_CHAR(A.COMPLTE_DATE, 'YYYYMMDD' ) COMPLTE_DATE */
	    ,       CASE WHEN COALESCE(A.COMPLTE_YN,'N') = 'Y' THEN TO_CHAR(A.COMPLTE_DATE, 'YYYYMMDD' ) ELSE TO_CHAR(CURRENT_TIMESTAMP, 'YYYYMMDD' ) END COMPLTE_DATE
	    ,       B.CSR_COMP_KEY
	    ,       B.MAIL_ATCH_FILE_ID
	    ,       B.TO_EMPNO
	    ,       COALESCE(B.TO_EML_ADDR, C.EMAIL)   TO_EML_ADDR
	    ,       B.CC_EMPNO
	    ,       B.CC_EML_ADDR
	    ,       B.SEND_CONT
	    ,       B.EXEC_CONT
	    ,       B.ATCH_FILE_ID
	    ,       B.COMPLT_ALT_DT
	    ,       A.STAND_WORKHOUR
	    ,       (SELECT SUM(EXEC_WORKHOUR)  FROM  TB_ITR007 S WHERE S.CSR_NO = A.CSR_NO  AND S.SEQ = A.SEQ) EXEC_WORKHOUR     
	    ,       COALESCE(A.COMPLTE_YN,'N') COMPLTE_YN     
	    ,       COALESCE(A.COMPLTE_YN,'N') COMPLTE_YN_PRE     
	    FROM    TB_ITR001 A 
	    LEFT OUTER JOIN TB_ITR009 B ON A.CSR_NO = B.CSR_NO AND A.SEQ = B.SEQ
	    ,       TB_USR001 C
	    --,       OAS_APP.VW_OHR003 C
	    WHERE   A.CORP_CD = C.CORP_CD
        AND     A.REQ_EMPNO = C.USR_ID	    
--	    AND     A.CORP_CD = C.CORP_CD
--	    AND     A.REQ_EMPNO = C.EMPNO
		AND     A.CSR_NO = #{csrNo}
		AND     A.SEQ    = #{seq}
        ]]>
	</select>

<!-- 2025-06-18 Amazon Q Developer : Converted Oracle SQL to PostgreSQL - ROWNUM to ROW_NUMBER, NVL to COALESCE, CONNECT BY to WITH RECURSIVE -->
<select id="csrRptDao.retrieveCsrRptMailInfo" resultType="ohMap">		
 	 <![CDATA[
 		${queryId}
		WITH RECURSIVE split_data AS (
		    SELECT  
		            TRIM(SPLIT_PART(TO_EMPNO, ',', 1)) AS TO_EMPNO,
		            TRIM(SPLIT_PART(TO_EML_ADDR, ',', 1)) AS TO_EML_ADDR,
		            CSR_NO,
		            SEQ,
		            1 AS level_num,
		            ARRAY_LENGTH(STRING_TO_ARRAY(TO_EMPNO, ','), 1) AS max_level
		    FROM    (SELECT A.*
		             FROM   TB_ITR009 A
		             WHERE  1=1
		             AND    A.CSR_NO = #{csrNo}
		             AND    A.SEQ    = #{seq}) A
		    WHERE   TO_EMPNO IS NOT NULL
		    
		    UNION ALL
		    
		    SELECT  
		            TRIM(SPLIT_PART(base.TO_EMPNO, ',', sd.level_num + 1)) AS TO_EMPNO,
		            TRIM(SPLIT_PART(base.TO_EML_ADDR, ',', sd.level_num + 1)) AS TO_EML_ADDR,
		            sd.CSR_NO,
		            sd.SEQ,
		            sd.level_num + 1,
		            sd.max_level
		    FROM    split_data sd
		    JOIN    (SELECT A.*
		             FROM   TB_ITR009 A
		             WHERE  1=1
		             AND    A.CSR_NO = #{csrNo}
		             AND    A.SEQ    = #{seq}) base ON sd.CSR_NO = base.CSR_NO AND sd.SEQ = base.SEQ
		    WHERE   sd.level_num < sd.max_level
		)
		SELECT
		        TO_EMPNO
        ,      (SELECT S1.USR_NM  FROM  TB_USR001 S1 
		                WHERE A.TO_EMPNO = S1.EMPNO
		                AND ROW_NUMBER() OVER (ORDER BY S1.USR_NM) = 1) TO_EMPNO_NM
		,       TO_EML_ADDR
		,       (SELECT S1.USR_NM  FROM  TB_USR001 S1 
		                WHERE A.TO_EMPNO = S1.EMPNO
		                AND ROW_NUMBER() OVER (ORDER BY S1.USR_NM) = 1)
		        ||'/'||TO_EMPNO
		        ||'/'||FC_GET_EMPNO_TO_DEPT(A.TO_EMPNO, 'N' /*N:부서명, C:부서코드*/)  
		        ||'/'||TO_EML_ADDR TO_EMPNO_INFO 
        ,       COALESCE( (SELECT 'Y' FROM TB_ITR001 S WHERE S.CSR_NO = A.CSR_NO AND S.SEQ = A.SEQ AND S.REQ_EMPNO=A.TO_EMPNO ), 'N') IS_REQ_YN	
		FROM    split_data A
		WHERE   TO_EMPNO IS NOT NULL AND TO_EMPNO != ''
        ]]>
	</select>

<!-- 2025-06-18 Amazon Q Developer : Converted Oracle SQL to PostgreSQL - ROWNUM to ROW_NUMBER, NVL to COALESCE, CONNECT BY to WITH RECURSIVE, FROM DUAL removed -->
<select id="csrRptDao.retrieveCsrRptMailInfoCC" resultType="ohMap">		
 	 <![CDATA[
 		${queryId}
		WITH RECURSIVE split_data AS (
		    SELECT  
		            TRIM(SPLIT_PART(CC_EMPNO, ',', 1)) AS TO_EMPNO,
		            TRIM(SPLIT_PART(CC_EML_ADDR, ',', 1)) AS TO_EML_ADDR,
		            CSR_NO,
		            SEQ,
		            1 AS level_num,
		            ARRAY_LENGTH(STRING_TO_ARRAY(CC_EMPNO, ','), 1) AS max_level
		    FROM    (SELECT A.*
		             FROM   TB_ITR009 A
		             WHERE  1=1
		             AND    A.CSR_NO = #{csrNo}
		             AND    A.SEQ    = #{seq}) A
		    WHERE   CC_EMPNO IS NOT NULL
		    
		    UNION ALL
		    
		    SELECT  
		            TRIM(SPLIT_PART(base.CC_EMPNO, ',', sd.level_num + 1)) AS TO_EMPNO,
		            TRIM(SPLIT_PART(base.CC_EML_ADDR, ',', sd.level_num + 1)) AS TO_EML_ADDR,
		            sd.CSR_NO,
		            sd.SEQ,
		            sd.level_num + 1,
		            sd.max_level
		    FROM    split_data sd
		    JOIN    (SELECT A.*
		             FROM   TB_ITR009 A
		             WHERE  1=1
		             AND    A.CSR_NO = #{csrNo}
		             AND    A.SEQ    = #{seq}) base ON sd.CSR_NO = base.CSR_NO AND sd.SEQ = base.SEQ
		    WHERE   sd.level_num < sd.max_level
		)
		SELECT
		        TO_EMPNO
        ,      (SELECT S1.USR_NM  FROM  TB_USR001 S1 
		                WHERE A.TO_EMPNO = S1.EMPNO
		                AND ROW_NUMBER() OVER (ORDER BY S1.USR_NM) = 1) TO_EMPNO_NM
		,       TO_EML_ADDR
		,       (SELECT S1.USR_NM  FROM  TB_USR001 S1 
		                WHERE A.TO_EMPNO = S1.EMPNO
		                AND ROW_NUMBER() OVER (ORDER BY S1.USR_NM) = 1)
		        ||'/'||TO_EMPNO
		        ||'/'||FC_GET_EMPNO_TO_DEPT(A.TO_EMPNO, 'N' /*N:부서명, C:부서코드*/)  
		        ||'/'||TO_EML_ADDR TO_EMPNO_INFO 
        ,       COALESCE( (SELECT 'Y' FROM TB_ITR001 S WHERE S.CSR_NO = A.CSR_NO AND S.SEQ = A.SEQ AND S.REQ_EMPNO=A.TO_EMPNO ), 'N') IS_REQ_YN	
		FROM    split_data A
		WHERE   TO_EMPNO IS NOT NULL AND TO_EMPNO != ''
		
		UNION 
		
		SELECT USR_ID
		     , USR_NM
		     , EMAIL
		     , USR_NM
		      ||'/'||USR_ID
		      ||'/'||FC_GET_EMPNO_TO_DEPT(USR_ID, 'N' /*N:부서명, C:부서코드*/)  
		      ||'/'||EMAIL
		     , 'Y' 
		  FROM TB_USR001
		 WHERE 1=1
		   AND USR_ID IN (
		                  SELECT B.APPROVER_ID
		                    FROM IKEP4_APPR_DOC@LN_OHEP_APPR_INF A
		                       , IKEP4_APPR_LINE@LN_OHEP_APPR_INF B
		                   WHERE 1=1
		                     AND A.APPR_ID = B.APPR_ID
		                     AND A.FORM_ID = '110000003424'
		                     AND B.APPR_TYPE = '0'
                             AND (A.APPR_LINK_SEQ, A.APPR_DOC_NO) = (
                                    SELECT  A.REQ_SEQ, A.DOCU_NO
                                      FROM  HRMLINK.TB_LINK001@LN_OHEP_APPR_INF A
                                           ,HRMLINK.TB_LINK002@LN_OHEP_APPR_INF B
                                     WHERE  A.REQ_SYS  = B.REQ_SYS
                                       AND  A.REQ_SEQ  = B.REQ_SEQ
                                       AND  A.REQ_SYS          = 'ITM'
                                       AND  A.STATUS           = '99'
                                       AND  POSITION(#{csrNo} IN B.EXEC_SQL_SUCC) > 0
                                 )

		                  )
		   AND 'Y' IN (SELECT CASE WHEN COALESCE(#{csrCancelYn}, 'XX') = 'CANCEL' THEN 'Y' ELSE 'N' END)		
        ]]>
	</select>

<!-- 2025-06-18 Amazon Q Developer : Converted Oracle SQL to PostgreSQL - SYSDATE to CURRENT_TIMESTAMP, NVL to COALESCE, LPAD function -->
<select id="csrRptDao.retrieveCsrCompKey" resultType="String">		 
 		<![CDATA[
 		${queryId}
         SELECT TO_CHAR( CURRENT_TIMESTAMP,'YYYYMMDD') || LPAD( COALESCE(MAX( SUBSTRING( CSR_COMP_KEY, 9) ),'0')::INTEGER + 1, 6,'0' ) CSR_COMP_KEY 
         FROM   TB_ITR009 WHERE CSR_COMP_KEY LIKE TO_CHAR( CURRENT_TIMESTAMP, 'YYYYMMDD')||'%' 
		]]>	
	</select>

<!-- 2025-06-18 Amazon Q Developer : Converted Oracle SQL to PostgreSQL - SYSDATE to CURRENT_TIMESTAMP, CLOB parameter handling -->
<insert id="csrRptDao.insertCsrRpt">   
        <![CDATA[
      ${queryId}   
		INSERT INTO TB_ITR009( 
		   CSR_COMP_KEY,
		   CSR_NO,
		   SEQ,
		   CORP_CD,
		   TO_EMPNO,
		   TO_EML_ADDR,
		   SEND_CONT,
		   EXEC_CONT,
		   ATCH_FILE_ID,
		   RGTER_ID,
		   RGT_DATE,
		   MODER_ID,
		   MOD_DATE,
		   COMPLT_ALT_DT)
		VALUES (
		   #{csrCompKey},
		   #{csrNo},
		   #{seq},
		   #{corpCd},
		   #{toEmpno},
		   #{toEmlAddr},
		   #{sendCont},
		   #{execCont},
		   #{atchFileId},
		   #{usrId},
		   CURRENT_TIMESTAMP,
		   #{usrId},
		   CURRENT_TIMESTAMP,
		   CURRENT_TIMESTAMP )
	]]>
	</insert>

<!-- 2025-06-18 Amazon Q Developer : Converted Oracle SQL to PostgreSQL - SYSDATE to CURRENT_TIMESTAMP, CLOB parameter handling -->
<update id="csrRptDao.updateCsrRpt">   
        <![CDATA[
      ${queryId}   
		UPDATE TB_ITR009 
		SET EXEC_CONT     =    #{execCont} 
		,   ATCH_FILE_ID  =    #{atchFileId} 
		,   MODER_ID      =    #{usrId} 
		,   MOD_DATE      =    CURRENT_TIMESTAMP  
		WHERE 
		    CSR_COMP_KEY  =   #{csrCompKey} 
	]]>
	</update>

<!-- 2025-06-18 Amazon Q Developer : Converted Oracle SQL to PostgreSQL - SYSDATE to CURRENT_TIMESTAMP, CLOB parameter handling -->
<update id="csrRptDao.updateCsrRptSendMail">   
        <![CDATA[
      ${queryId}   
		UPDATE TB_ITR009 
		SET TO_EMPNO      =    #{toEmpnoList} 
		,   TO_EML_ADDR   =    #{toEmlAddrList} 
		,   SEND_CONT     =    #{sendCont} 
	    ,   MAIL_ATCH_FILE_ID =    #{mailAtchFileId} 
		,   MODER_ID      =    #{usrId} 
		,   MOD_DATE      =    CURRENT_TIMESTAMP  
		WHERE 
		    CSR_COMP_KEY  =   #{csrCompKey} 
	]]>
	</update>

<!-- 2025-06-18 Amazon Q Developer : Converted Oracle SQL to PostgreSQL - SYSDATE to CURRENT_TIMESTAMP, CLOB parameter handling -->
<update id="csrRptDao.updateCsrRptSendMailCC">   
        <![CDATA[
      ${queryId}   
		UPDATE TB_ITR009 
		SET TO_EMPNO      =    #{toEmpnoList} 
		,   TO_EML_ADDR   =    #{toEmlAddrList} 
        ,   CC_EMPNO      =    #{ccEmpnoList} 
		,   CC_EML_ADDR   =    #{ccEmlAddrList}		
		,   SEND_CONT     =    #{sendCont} 
	    ,   MAIL_ATCH_FILE_ID =    #{mailAtchFileId} 
		,   MODER_ID      =    #{usrId} 
		,   MOD_DATE      =    CURRENT_TIMESTAMP  
		WHERE 
		    CSR_COMP_KEY  =   #{csrCompKey} 
	]]>
	</update>

<!-- 2025-06-18 Amazon Q Developer : Standard DELETE statement - no Oracle-specific features to convert -->
<delete id="csrRptDao.deleteCsrRpt">   		
        <![CDATA[
     		 ${queryId}
			DELETE FROM  TB_ITR009  
			WHERE CSR_NO = #{csrNo}
			AND   SEQ    = #{seq}
        ]]>
    </delete>

<!-- 2025-06-18 Amazon Q Developer : Standard SELECT statement - no Oracle-specific features to convert -->
<select id="csrRptDao.retrieveCsrFileInfo" resultType="ohMap">		
 		<![CDATA[
 		${queryId}
          SELECT STOR_ROUTE||'/'||STOR_FILE_NM FILE_PATH FROM TB_ITR004 A WHERE A.ATCH_FILE_ID= #{atchFileId} AND DEL_YN = 'N'
		]]>	
	</select>

<!-- 2025-06-18 Amazon Q Developer : Converted Oracle SQL to PostgreSQL - DECODE to CASE WHEN, SYSDATE to CURRENT_TIMESTAMP -->
<update id="csrRptDao.updateCsrCompleteYn">   		
        <![CDATA[
        ${queryId}
		UPDATE TB_ITR001 
		SET    COMPLTE_YN   = #{complteYn}
		,      STAT_CD      = CASE WHEN #{complteYn} = 'Y' THEN '900' WHEN #{complteYn} = '700' THEN '990' ELSE STAT_CD END  /*작업완료*/
		,      COMPLTE_DATE = CASE WHEN #{complteYn} = 'Y' THEN CURRENT_TIMESTAMP ELSE NULL END
		,      MODER_ID =    #{usrId} 
		,      MOD_DATE =    CURRENT_TIMESTAMP 
		WHERE 
		       CSR_NO  =   #{csrNo} 
		AND    SEQ     =   #{seq}
        ]]>
    </update>

<!-- 2025-06-18 Amazon Q Developer : Converted Oracle SQL to PostgreSQL - DECODE to CASE WHEN, SYSDATE to CURRENT_TIMESTAMP, TRIM function -->
<update id="csrRptDao.updateCsrCompleteYnV1">
        <![CDATA[
        ${queryId}
		UPDATE TB_ITR001 
		SET    COMPLTE_YN   = CASE WHEN #{complteYn} = 'N' THEN 'N' ELSE 'Y' END
		,      STAT_CD      = CASE WHEN #{complteYn} = 'Y' THEN '900' WHEN #{complteYn} = '700' THEN '990' ELSE STAT_CD END  /*작업완료*/
		,      COMPLTE_DATE = CASE WHEN #{complteYn} = 'N' THEN NULL ELSE CASE WHEN TRIM(#{complteDate}) IS NULL THEN CURRENT_TIMESTAMP ELSE #{complteDate} END END 
		,      MODER_ID =    #{usrId} 
		,      MOD_DATE =    CURRENT_TIMESTAMP 
		WHERE 
		       CSR_NO  =   #{csrNo} 
		AND    SEQ     =   #{seq}
        ]]>
    </update>

<!-- 2025-06-18 Amazon Q Developer : Converted Oracle SQL to PostgreSQL - SYSDATE to CURRENT_TIMESTAMP -->
<insert id="csrRptDao.insertCsrCompInfo">   
        <![CDATA[
      ${queryId}   
				   INSERT INTO TB_ITR048
						SELECT A.CORP_CD             AS CORP_CD
						     , A.CSR_NO              AS CSR_NO
						     , A.SEQ                 AS SEQ
						     , ''                    AS DIST_REQ_CD
						     , A.RSPBER_EMPNO        AS DIST_REQ_EMPNO
						     , B.MOD_DATE            AS DIST_REQ_DT
						     , 'Y'                   AS DIST_APRV_YN
						     , C.APRVL_EMPNO         AS DIST_APRV_EMPNO
						     , B.MOD_DATE            AS DIST_APRV_DT
						     , 'Y'                   AS DEV_CMPLT_YN
						     , B.RGTER_ID            AS DEV_EMPNO   
						     , B.RGT_DATE            AS DEV_CMPLT_DT
						     , 'Y'                   AS DIST_CMPLT_YN
						     , B.SYS_APLY_RSPBER     AS DIST_EMPNO
						     , B.RGT_DATE            AS DIST_CMPLT_DT
						     , A.RSPBER_EMPNO
						     , CURRENT_TIMESTAMP
						     , A.RSPBER_EMPNO
						     , CURRENT_TIMESTAMP
						  FROM TB_ITR001 A
						     , TB_ITR046 B
						     , TB_ITR010 C
						 WHERE 1=1
						   AND A.CSR_NO = B.CSR_NO
						   AND A.SEQ    = B.SEQ
						   AND A.CSR_NO = #{csrNo}
						   AND A.SEQ    = #{seq}
						   AND A.BIZ_SYS_CD = C.SYS_CD
						   AND B.SUTBL_YN = 'Y'
						   AND B.TEST_ID IN (SELECT MAX(TEST_ID) FROM TB_ITR046 WHERE CSR_NO = B.CSR_NO AND SEQ = B.SEQ) /*배포승인2번이상일경우 최근 TEST_ID로 정보 조회*/
	]]>
	</insert>

<!-- 2025-06-18 Amazon Q Developer : Converted Oracle stored procedure call to PostgreSQL function call -->
<select id="csrRptDao.csrRegAdminAuto" statementType="CALLABLE" parameterType="ohMap">
    	{ call pr_csr_reg_admin_auto(#{usrId,mode=IN,jdbcType=VARCHAR}
                                    , #{csrNo,mode=IN,jdbcType=VARCHAR}
    				                , #{resultStatus,mode=OUT,jdbcType=VARCHAR} 
    				                , #{resultMessage,mode=OUT,jdbcType=VARCHAR} 
                                     ) 
 		}	
 	</select>

<!-- 2025-06-18 Amazon Q Developer : Converted Oracle SQL to PostgreSQL - NVL to COALESCE, ROW_NUMBER, outer join syntax -->
<select id="csrRptDao.retrieveCsrAdmMgt" resultType="ohMap">		
 		<![CDATA[
 		${queryId}
 
	WITH TB_MST AS (
	     SELECT CD1.COM_CD_NM  BIZ_TYPE_NM
	     ,      CD2.COM_CD_NM  WORK_LEVEL_NM
	     ,      CD2.COM_CD    WORK_LEVEL 
	     ,      A.CSR_TYPE
	     ,      COALESCE( C.BIZ_TYPE_SUB, C.BIZ_TYPE) BIZ_TYPE
	     ,      CD1.SORT_SEQC BIZ_TYPE_SORT
	     ,      CD2.SORT_SEQC WORK_LVL_SORT
	     FROM   (SELECT S.COM_CD CSR_TYPE, S.COM_CD_NM BIZ_TYPE_NM FROM  TB_COM001 S WHERE GRP_CD = 'CSR_TYPE'  AND USE_YN='Y')   A /*구분마스터 */
	     ,      TB_ITR022  B /*구분항목   */
	     
	     ,      TB_ITR015  C /*표준공수관리 */
	     ,      TB_ITR016  D /*평가지표단계 */
	 
	     ,      TB_COM001  CD1 /*BIZ_TYPE */
	     ,      TB_COM001  CD2 /*WORK_LEVEL */
	     WHERE  1=1
	     AND    CD1.COM_CD =   COALESCE( C.BIZ_TYPE_SUB, C.BIZ_TYPE) 
	     AND    A.CSR_TYPE      = B.CSR_TYPE
	     AND    B.CSR_TYPE_ITEM = C.CSR_TYPE_ITEM
	     AND    C.STND_WORKHOUR_SEQ = D.STND_WORKHOUR_SEQ
	     AND    CD2.COM_CD =   D.WORK_LEVEL 
	) 
	,
	TB_WORK AS (
	   SELECT S.CSR_NO, S.SEQ, S.WORK_DT, S.RSPBER_EMPNO
	   FROM  (
	          SELECT C.CSR_NO, C.SEQ, C.WORK_DT, C.RSPBER_EMPNO, ROW_NUMBER() OVER( PARTITION BY C.CSR_NO, C.SEQ, C.WORK_DT, C.RSPBER_EMPNO  ORDER BY 1)  RN  
	            FROM  TB_ITR007 C  
	            WHERE 1=1
	              AND C.CSR_NO = #{csrNo} AND SEQ = #{seq}
	              AND COALESCE(C.WORK_JOB_NO||C.WORK_JOB_SEQ,'Y') = COALESCE((SELECT MAX(WORK_JOB_NO||WORK_JOB_SEQ) FROM TB_ITR007 WHERE CSR_NO = C.CSR_NO AND SEQ = C.SEQ),'Y')
	              /* AND COALESCE(C.WORK_JOB_NO,'Y') = COALESCE((SELECT MAX(WORK_JOB_NO) FROM TB_ITR007 WHERE CSR_NO = C.CSR_NO AND SEQ = C.SEQ),'Y') */
	         ) S
	   WHERE S.RN = 1 
	) 
    , TB_WORK_ONE AS (
        SELECT BIZ_TYPE, WORK_LEVEL, MAX(WORK_JOB_NO||WORK_JOB_SEQ) WORK_JOB_NO_SEQ
          FROM TB_ITR007
         WHERE CSR_NO = #{csrNo} AND SEQ = #{seq}
         GROUP BY BIZ_TYPE, WORK_LEVEL
    )   	
	, TB_DATA AS (

    SELECT A.BIZ_TYPE
    ,      B.COM_CD_NM 
    ,      TO_CHAR(B.SORT_SEQC ) SORT_SEQC 
    ,     COALESCE( A.COMPLTE_YN , 'N') COMPLTE_YN
    ,     '['||(SELECT S.COM_CD_NM FROM TB_COM001 S WHERE S.COM_CD = A.BIZ_SYS_CD )||'] '||A.TITLE   TITLE
    ,     A.CSR_NO
    ,     A.SEQ
    ,     A.WORK_ST_DATE AS WORK_DT
    ,     A.TITLE  ORG_TITLE
    ,     A.RSPBER_EMPNO
    ,     A.STAT_CD
    ,     A.RECV_TYPE_CD
    ,     A.PRGSG_STEP    
    FROM  TB_ITR001 A  
    ,     TB_COM001 B       
    ,     TB_WORK  W
    WHERE 1=1
    AND   A.CSR_NO = #{csrNo}
    AND   A.SEQ    = #{seq}  
    AND   A.SEQ = (SELECT MAX(S.SEQ) FROM TB_ITR001 S WHERE S.CSR_NO = A.CSR_NO AND S.MAIN_SEQ = 0 )  
    AND   A.BIZ_TYPE = B.COM_CD   
    AND   A.STAT_CD IN (   '700', '900','990')  /*승인건만, 작업완료*/
    AND   A.CSR_NO          = W.CSR_NO
    AND   A.SEQ             = W.SEQ
    AND   W.RSPBER_EMPNO = A.RSPBER_EMPNO
/* 2022.05.13 공수관리화면 삭제로 인하여 불필요    
    AND    'Y'  = CASE WHEN  COALESCE( A.COMPLTE_YN,'N') = 'N' THEN 'Y'  --미완료시, 계속 
                       WHEN  COALESCE( A.COMPLTE_YN,'N') = 'Y' AND W.CSR_NO IS NOT NULL THEN 'Y'  --완료시  , 입력한날짜까지만 조회 
                  END
*/                  
/* 화면이 합쳐지며 기능이 삭제되어 중복으로 보이는 현상을 제거함.
    -- 공동작업자 
    UNION ALL
    SELECT  A.BIZ_TYPE
    ,       B.COM_CD_NM  
    ,       TO_CHAR(B.SORT_SEQC ) SORT_SEQC 
    ,       CASE WHEN A2.JOIN_STAT_CD = '900' --공동작업 작업완료
                 THEN 'Y' ELSE 'N' END  COMPLTE_YN
    ,       '['||(SELECT S.COM_CD_NM FROM TB_COM001 S WHERE S.COM_CD = A.BIZ_SYS_CD )||'] '||A.TITLE   TITLE
    ,       A.CSR_NO
    ,       A.SEQ
    ,       A.WORK_ST_DATE AS WORK_DT
    ,       A.TITLE  ORG_TITLE
    ,       A2.JOIN_RSPBER_EMPNO AS RSPBER_EMPNO
    ,       A.STAT_CD
    ,       A.RECV_TYPE_CD
    ,       A.PRGSG_STEP        
    FROM    TB_ITR001 A
    ,       TB_ITR003 A2
    ,       TB_COM001 B   
    ,       TB_WORK   W
    WHERE   1=1
    AND   A.CSR_NO = --csrNo
    AND   A.SEQ    = --seq  
    AND     A.CSR_NO = A2.CSR_NO
    AND     A.SEQ    = A2.SEQ
    AND     A.SEQ = (SELECT MAX(S.SEQ) FROM TB_ITR001 S WHERE S.CSR_NO = A.CSR_NO AND S.MAIN_SEQ = 0 )   
    AND     A.STAT_CD IN (   '700', '900','990')  --승인건만, 작업완료
    AND     A.BIZ_TYPE = B.COM_CD   
    AND     A.RSPBER_EMPNO <>  A2.JOIN_RSPBER_EMPNO
    AND     A.CSR_NO     = W.CSR_NO(+)
    AND     A.SEQ        = W.SEQ(+)
-- 2022.05.13 공수관리화면 삭제로 인하여 불필요    
    AND    'Y'           = CASE WHEN  COALESCE( A.COMPLTE_YN,'N') = 'N' THEN 'Y'  --미완료시, 계속 
                                WHEN  COALESCE( A.COMPLTE_YN,'N') = 'Y' AND W.CSR_NO IS NOT NULL THEN 'Y'  --완료시  , 입력한날짜까지만 조회 
                           END
--                           
*/                           
    /* 연계 피 지정*/
    UNION ALL
    SELECT A.BIZ_TYPE
    ,      B.COM_CD_NM 
 
    ,      TO_CHAR(B.SORT_SEQC ) SORT_SEQC 
    ,      COALESCE( A3.COMPLTE_YN , 'N') COMPLTE_YN
    ,     '['||(SELECT S.COM_CD_NM FROM TB_COM001 S WHERE S.COM_CD = A.BIZ_SYS_CD )||'] '||A.TITLE   TITLE
    ,     A3.CSR_NO
    ,     A3.SEQ
    ,     A3.WORK_ST_DATE AS WORK_DT 
    ,     A.TITLE  ORG_TITLE
    ,     A3.RSPBER_EMPNO 
    ,     A.STAT_CD
    ,     A.RECV_TYPE_CD 
    ,     A.PRGSG_STEP        
    FROM  TB_ITR001 A   
    ,     TB_ITR001 A3  
    ,     TB_COM001 B   
    ,     TB_WORK   W
    WHERE 1=1  
    AND   A.CSR_NO = #{csrNo}
    AND   A.SEQ    = #{seq}  
  
    /* 연계데이타 */
    AND   A.CSR_NO   = A3.CSR_NO
    AND   A.SEQ      = A3.MAIN_SEQ
    
    AND   A.BIZ_TYPE = B.COM_CD   
    AND   A.STAT_CD IN (   '700', '900','990')  /*승인건만, 작업완료, 업무종결*/ 
    AND   A3.CSR_NO = W.CSR_NO
    AND   A3.SEQ    = W.SEQ
/* 2022.05.13 공수관리화면 삭제로 인하여 불필요 
    AND    'Y'  = CASE WHEN  COALESCE( A3.COMPLTE_YN,'N') = 'N' THEN 'Y'  --미완료시, 계속 
                       WHEN  COALESCE( A3.COMPLTE_YN,'N') = 'Y' AND W.CSR_NO IS NOT NULL THEN 'Y'  --완료시  , 입력한날짜까지만 조회 
                   END
*/                   
)
     
SELECT
   *
FROM  (
    SELECT D_TYPE
    ,      CSR_TYPE    
    ,      BIZ_TYPE
    ,      COM_CD_NM 
    ,      SORT_SEQC
    ,      WORK_LVL_SORT
    ,      DELIVR_WORKHOUR
    ,      EXEC_WORKHOUR
    ,      COMPLTE_YN  
    ,      COM_CD_NM TITLE 
    ,      WORK_LEVEL    
    ,      CSR_NO
    ,      SEQ    
    ,      LVL
    ,      A.ORG_TITLE
    ,      '' WORK_JOB_NO
    ,      '' WORK_JOB_SEQ
    ,      '' STAT_CD
    ,      '' RECV_TYPE_CD    
    ,      '' RSPBER_EMPNO
    ,      '' PRGSG_STEP    
    FROM (
	        SELECT 'DT' D_TYPE
	        ,      '' CSR_TYPE    
	        ,       BIZ_TYPE
	        ,       A.COM_CD_NM 
	        ,       SORT_SEQC
	        ,      0 WORK_LVL_SORT
	        ,      ''  DELIVR_WORKHOUR  
/*            ,      (SELECT SUM(EXEC_WORKHOUR)  FROM TB_ITR007 S  WHERE S.CSR_NO = A.CSR_NO  AND S.SEQ = A.SEQ AND S.BIZ_TYPE = A.BIZ_TYPE 
                                                                   AND S.RSPBER_EMPNO = A.RSPBER_EMPNO AND S.WORK_LEVEL IS NOT NULL )  EXEC_WORKHOUR
*/
            ,      (SELECT SUM(EXEC_WORKHOUR)  FROM TB_ITR007 S  
                     WHERE S.CSR_NO = A.CSR_NO  AND S.SEQ = A.SEQ 
                       AND (S.BIZ_TYPE, S.WORK_LEVEL, S.WORK_JOB_NO||S.WORK_JOB_SEQ) IN ( SELECT BIZ_TYPE, WORK_LEVEL, WORK_JOB_NO_SEQ FROM TB_WORK_ONE)
                   )  EXEC_WORKHOUR
                   
	        ,      '' COMPLTE_YN  
	        ,      A.COM_CD_NM TITLE 
	        ,      ''WORK_LEVEL    
	        ,      A.CSR_NO
	        ,      A.SEQ    
	        ,      1  LVL 
	        ,      A.ORG_TITLE
	        ,      ROW_NUMBER () OVER ( PARTITION BY A.BIZ_TYPE ORDER BY A.CSR_NO ) RN
	        FROM   TB_DATA A 
        )    A 
    WHERE  RN = 1
    UNION ALL
    SELECT 'DSYS' D_TYPE
    ,      '' CSR_TYPE
    ,      BIZ_TYPE
    ,      ''  COM_CD_NM  
    ,       SORT_SEQC
    ,      0 WORK_LVL_SORT    
    ,      (SELECT TO_CHAR( SUM(WORK_HOUR)  )   FROM TB_ITR006 S WHERE S.CSR_NO = A.CSR_NO  AND S.SEQ = A.SEQ   )  DELIVR_WORKHOUR
/*    ,      (SELECT SUM(EXEC_WORKHOUR)    FROM TB_ITR007 S WHERE S.CSR_NO = A.CSR_NO  AND S.SEQ = A.SEQ 
                                                            AND S.RSPBER_EMPNO = A.RSPBER_EMPNO  AND S.WORK_LEVEL IS NOT NULL )  EXEC_WORKHOUR
*/                                                             

    ,      (SELECT SUM(EXEC_WORKHOUR)  FROM TB_ITR007 S  
             WHERE S.CSR_NO = A.CSR_NO  AND S.SEQ = A.SEQ 
               AND (S.BIZ_TYPE, S.WORK_LEVEL, S.WORK_JOB_NO||S.WORK_JOB_SEQ) IN ( SELECT BIZ_TYPE, WORK_LEVEL, WORK_JOB_NO_SEQ FROM TB_WORK_ONE)
           )  EXEC_WORKHOUR
           
    ,      COALESCE( A.COMPLTE_YN,'N' ) COMPLTE_YN 
    ,      A.TITLE 
    ,      ''WORK_LEVEL    
    ,      A.CSR_NO
    ,      A.SEQ     
    ,      2  LVL   
    ,      A.ORG_TITLE 
    ,      '' WORK_JOB_NO
    ,      '' WORK_JOB_SEQ
    ,      A.STAT_CD
    ,      A.RECV_TYPE_CD
    ,      A.RSPBER_EMPNO
    ,      A.PRGSG_STEP    
    FROM   TB_DATA A 
    UNION ALL
    SELECT 'DLVL' D_TYPE
    ,       A.CSR_TYPE    
    ,       A.BIZ_TYPE
    ,       A.COM_CD_NM  
    ,       A.SORT_SEQC
    ,       A.WORK_LVL_SORT    
    ,       TO_CHAR( A.DELIVR_WORKHOUR) DELIVR_WORKHOUR
    ,       C.EXEC_WORKHOUR EXEC_WORKHOUR
    ,       '' COMPLTE_YN  
    ,       A.TITLE
    ,       A.WORK_LEVEL
    ,       A.CSR_NO
    ,       A.SEQ 
    ,       A.LVL
    ,       A.ORG_TITLE
    ,       TO_CHAR(C.WORK_JOB_NO   )  WORK_JOB_NO
    ,       TO_CHAR(C.WORK_JOB_SEQ   ) WORK_JOB_SEQ
    ,       A.STAT_CD
    ,       A.RECV_TYPE_CD
    ,       A.RSPBER_EMPNO
    ,       ''                         PRGSG_STEP    
    FROM   (
			    SELECT 'DLVL' D_TYPE
			    ,       M.CSR_TYPE
			    ,       B.BIZ_TYPE
			    ,       B.COM_CD_NM  
			    ,       B.SORT_SEQC
			    ,       M.WORK_LVL_SORT
			    ,       C.WORK_HOUR  DELIVR_WORKHOUR  
			    ,       M.WORK_LEVEL_NM TITLE
			    ,       M.WORK_LEVEL
			    ,       B.CSR_NO
			    ,       B.SEQ 
			    ,       3  LVL
			    ,       B.ORG_TITLE
			    ,       B.RSPBER_EMPNO  
			    ,       B.STAT_CD
			    ,       B.RECV_TYPE_CD
			   FROM   
			           TB_DATA B 
			    ,      TB_MST  M
			    ,      TB_ITR006 C
	          WHERE    B.BIZ_TYPE  =   M.BIZ_TYPE  
	            AND    B.CSR_NO     =   C.CSR_NO
	            AND    B.SEQ        =   C.SEQ
	            AND    M.WORK_LEVEL =   C.WORK_LEVEL 
            ) A
	/* ,       TB_ITR007 C */
	   ,   ( SELECT * 
	           FROM TB_ITR007 
	          WHERE (BIZ_TYPE, WORK_LEVEL, WORK_JOB_NO||WORK_JOB_SEQ) IN ( SELECT BIZ_TYPE, WORK_LEVEL, WORK_JOB_NO_SEQ FROM TB_WORK_ONE)
	       ) C	   
    WHERE  1=1
    AND    A.BIZ_TYPE   = C.BIZ_TYPE 
    AND    A.WORK_LEVEL = C.WORK_LEVEL 
    AND    A.CSR_NO     = C.CSR_NO
    AND    A.SEQ           = C.SEQ
    AND    A.RSPBER_EMPNO  = C.RSPBER_EMPNO
    /* AND    COALESCE(C.WORK_JOB_NO,'Y') = COALESCE((SELECT MAX(WORK_JOB_NO) FROM TB_ITR007 WHERE CSR_NO = C.CSR_NO AND SEQ = C.SEQ),'Y') */ 
   ) A
   LEFT OUTER JOIN TB_ITR008 B ON A.CSR_NO = B.CSR_NO AND A.SEQ = B.SEQ AND A.RSPBER_EMPNO = B.JOIN_RSPBER_EMPNO AND A.WORK_LEVEL = B.WORK_LEVEL
WHERE 1=1
ORDER BY TO_NUMBER( A.SORT_SEQC ) 
,        A.CSR_NO
,        A.WORK_LVL_SORT
,        CASE WHEN A.D_TYPE = 'DT' THEN 1 
              WHEN A.D_TYPE = 'DSYS' THEN 2
              ELSE 3
         END

      
		]]>	
		 
	</select>

</mapper>
