<?xml version="1.0" encoding="UTF-8"?>
<!DOCTYPE mapper   PUBLIC "-//mybatis.org//DTD Mapper 3.0//EN" "http://mybatis.org/dtd/mybatis-3-mapper.dtd">

<mapper namespace="csrRcvMgtDao"> 
 <resultMap id="clobMap" type="ohMap" >
    <result property="chk"           column="CHK" jdbcType="VARCHAR" javaType="java.lang.String"/>

    <result property="reqCont"       column="REQ_CONT"         jdbcType="CLOB"    javaType="java.lang.String"/>
    <result property="recvCont"      column="RECV_CONT"         jdbcType="CLOB"    javaType="java.lang.String"/>
    <result property="addReqCont"    column="ADD_REQ_CONT"     jdbcType="CLOB"    javaType="java.lang.String"/>
    <result property="bizType"       column="BIZ_TYPE"         jdbcType="VARCHAR" javaType="java.lang.String"/>
    <result property="bizSysCd"      column="BIZ_SYS_CD"       jdbcType="VARCHAR" javaType="java.lang.String"/>
    <result property="title"         column="TITLE"            jdbcType="VARCHAR" javaType="java.lang.String"/>
    <result property="atchFileId"    column="ATCH_FILE_ID"     jdbcType="VARCHAR" javaType="java.lang.String"/> 
    <result property="rgterNm"       column="RGTER_NM"         jdbcType="VARCHAR" javaType="java.lang.String"/>
    <result property="corpCd"        column="CORP_CD"          jdbcType="VARCHAR" javaType="java.lang.String"/>
    <result property="csrNo"         column="CSR_NO"           jdbcType="VARCHAR" javaType="java.lang.String"/>
    <result property="seq"           column="SEQ"              jdbcType="VARCHAR" javaType="java.lang.String"/>
    <result property="statCd"        column="STAT_CD"          jdbcType="VARCHAR" javaType="java.lang.String"/>
    <result property="recvTypeCd"    column="RECV_TYPE_CD"     jdbcType="VARCHAR" javaType="java.lang.String"/>
    <result property="checkReqCont"    column="CHECK_REQ_CONT"     jdbcType="CLOB" javaType="java.lang.String"/>
    <result property="checkConfCont"    column="CHECK_CONF_CONT"     jdbcType="CLOB" javaType="java.lang.String"/>
    <result property="checkRspberEmpno"    column="CHECK_RSPBER_EMPNO"     jdbcType="VARCHAR" javaType="java.lang.String"/>
    <result property="checkRspberEmpnoNm"    column="CHECK_RSPBER_EMPNO_NM"     jdbcType="VARCHAR" javaType="java.lang.String"/>
    <result property="checkRspberDeptNm"    column="CHECK_RSPBER_DEPT_NM"     jdbcType="VARCHAR" javaType="java.lang.String"/>
    <result property="standWorkhour"    column="STAND_WORKHOUR"     jdbcType="VARCHAR" javaType="java.lang.String"/>
    <result property="totWorkhour"    column="TOT_WORKHOUR"     jdbcType="VARCHAR" javaType="java.lang.String"/>
    <result property="bizClsfCd" column="BIZ_CLSF_CD"                 jdbcType="VARCHAR" javaType="java.lang.String"/>
    <result property="recvYn"    column="RECV_YN"     jdbcType="VARCHAR" javaType="java.lang.String"/>
</resultMap>
 
	<select id="csrRcvMgtDao.retrieveCsrRcvMgt" resultType="ohMap">		
 		<![CDATA[
 		${queryId}
 		 WITH PARAM AS (
              SELECT #{empno} S_EMPNO
                    ,FN_CHK_USER_AUTH_YN('A001',#{empno}) A001_YN /* A001(ADMIN) 권한여부 확인 */
                    ,FN_CHK_USER_AUTH_YN('G020',#{empno}) G020_YN /* G020(시스템운영자) 권한여부 확인 */
                FROM DUAL
        ) 
        SELECT TO_CHAR( A.REQ_DT , 'YYYYMMDD') REQ_DT 
		 
		,      A.BIZ_SYS_CD
		,      A.TITLE 
   		,      NVL(( SELECT S.USR_NM FROM TB_USR001 S WHERE S.USR_ID =  A.RGTER_ID AND ROWNUM =1  ), A.RGTER_ID  ) RGTER_NM 
        ,      B.ORGN_NM
        ,      NVL(B.USR_NM, A.REQ_EMPNO  ) REQ_EMPNO_NM         
        ,      A.CSR_NO
        ,      A.STAT_CD 
        ,      A.RECV_TYPE_CD
 		,      CASE WHEN TRIM(A.RECV_TYPE_CD) IS NULL THEN 'N' ELSE 'Y' END RECV_YN
        ,      CASE WHEN NVL( A.RECV_TYPE_CD, 'Z9999')  <> '300' THEN -- 타시스템 외.
                         (SELECT  LISTAGG( NVL( RECV_TYPE_CD,'999'), ','  ) WITHIN GROUP  (ORDER BY CSR_ORD, CASE WHEN RECV_TYPE_CD IS NULL THEN  0 
                                                                                                             ELSE RECV_TYPE_CD - MAIN_SEQ
                                                                                                             END, SEQ )    FROM TB_ITR001 S WHERE S.CSR_NO = A.CSR_NO  )  
                    WHEN A.RECV_TYPE_CD = '300' AND  NVL(P.S_EMPNO,'ZZZZZ') = DECODE(P.S_EMPNO,NULL,'ZZZZZ', A.RSPBER_EMPNO ) --타시스템 원담당자
                    THEN
                         (SELECT  LISTAGG( NVL( RECV_TYPE_CD,'999'), ','  ) WITHIN GROUP  (ORDER BY CASE WHEN S.SEQ =A.SEQ THEN 9999 ELSE S.SEQ END)    FROM TB_ITR001 S WHERE S.CSR_NO = A.CSR_NO ) 
                    WHEN A.RECV_TYPE_CD = '300' AND  P.S_EMPNO <> A.RSPBER_EMPNO --타시스템 원담당자 아닐경우
                    THEN
                          (SELECT  LISTAGG(  NVL( RECV_TYPE_CD,'999')  , ',') WITHIN GROUP  (ORDER BY SEQ)    FROM TB_ITR001 S WHERE S.CSR_NO = A.CSR_NO AND  ( S.MAIN_SEQ = 0   OR S.RSPBER_EMPNO =  NVL( P.S_EMPNO,  S.RSPBER_EMPNO) ) )
                    ELSE
                      ''
                    END  RECV_TYPE_CD_S                    
        ,      CASE WHEN NVL( A.RECV_TYPE_CD, 'Z9999')  <> '300' THEN -- 타시스템 외.
                         (SELECT  LISTAGG(SEQ, ',') WITHIN GROUP  (ORDER BY CSR_ORD, CASE WHEN RECV_TYPE_CD IS NULL THEN  0 
                                                                                                             ELSE RECV_TYPE_CD - MAIN_SEQ
                                                                                                             END, SEQ )   FROM TB_ITR001 S WHERE S.CSR_NO = A.CSR_NO  ) 
                    WHEN A.RECV_TYPE_CD = '300' AND  NVL(P.S_EMPNO,'ZZZZZ') = DECODE(P.S_EMPNO,NULL,'ZZZZZ', A.RSPBER_EMPNO ) --타시스템 원담당자
                    THEN
                         (SELECT  LISTAGG( S.SEQ, ',') WITHIN GROUP  (ORDER BY CASE WHEN S.SEQ =A.SEQ THEN 9999 ELSE S.SEQ END)    FROM TB_ITR001 S WHERE S.CSR_NO = A.CSR_NO )  
                    WHEN A.RECV_TYPE_CD = '300' AND  P.S_EMPNO <> A.RSPBER_EMPNO --타시스템 원담당자 아닐경우
                    THEN
                          (SELECT  LISTAGG(SEQ, ',') WITHIN GROUP  (ORDER BY SEQ)    FROM TB_ITR001 S WHERE S.CSR_NO = A.CSR_NO AND  ( S.MAIN_SEQ = 0   OR S.RSPBER_EMPNO =  NVL( P.S_EMPNO,  S.RSPBER_EMPNO) ) )
                    ELSE
                      ''
                    END  SEQ
        ,      A.BIZ_CLSF_CD
		FROM   TB_ITR001 A
		     , TB_USR001 B
		     , PARAM P
		WHERE  1=1
        AND    A.CORP_CD = B.CORP_CD(+)
        AND    A.REQ_EMPNO = B.USR_ID(+)
        AND    A.STAT_CD <> '150'
        AND    A.BIZ_TYPE <> 'BT1180'
        AND    A.SEQ = (SELECT MAX(S.SEQ ) FROM  TB_ITR001 S WHERE S.CSR_NO = A.CSR_NO  AND S.MAIN_SEQ = 0 )
        -- AND    DECODE(P.A001_YN, 'Y', 'Y', A.RSPBER_EMPNO) = DECODE(P.A001_YN, 'Y', 'Y', NVL( P.S_EMPNO, A.RSPBER_EMPNO ))
        AND    ( (DECODE(P.A001_YN, 'Y', 'Y', A.RSPBER_EMPNO) = DECODE(P.A001_YN, 'Y', 'Y', NVL( P.S_EMPNO, A.RSPBER_EMPNO ))) OR 
                 (DECODE(P.A001_YN, 'Y', 'Y', NVL(A.RSPBER_EMPNO,'Z')) = DECODE(P.A001_YN, 'Y', 'Y', 'Z'))
                )

        AND ((EXISTS (SELECT 1 FROM TABLE(FN_TB_SYSCD(P.S_EMPNO,'3','Y')) WHERE SPLIT_VALUE = A.BIZ_SYS_CD)) 
        --	OR
        --     (A.REQ_EMPNO  = NVL( P.S_EMPNO, A.REQ_EMPNO))
             )         
                
		]]>
		<if test="csrNoAccptYn == 'false' or csrNoAccptYn == null or csrNoAccptYn == ''">
            AND    A.REQ_DT BETWEEN  TO_DATE(  #{reqDtSt} ||'000000', 'YYYYMMDDHH24MISS')  AND  TO_DATE(  #{reqDtEd} ||'235959', 'YYYYMMDDHH24MISS')   
		</if>
		<if test="csrNoAccptYn == 'true'">
		    AND TRIM(A.RECV_TYPE_CD) IS NULL
		</if>	
		<if test="rspberEmpno != null and rspberEmpno !=''">  
		  AND  A.RSPBER_EMPNO =  #{rspberEmpno} 
        </if>
             
                     
		<if test="corpCd != null and corpCd !=''">
		   AND A.CORP_CD   = #{corpCd}
		</if>
		<if test="csrNo != null and csrNo !=''">
		   AND A.CSR_NO   = #{csrNo}
		</if>
		<if test="sysCd != null and sysCd !=''">  
		   AND A.BIZ_SYS_CD   = #{sysCd}
		</if>
 		<![CDATA[
        ORDER BY CASE WHEN TRIM(A.RECV_TYPE_CD) IS NULL THEN 'N' ELSE 'Y' END
               /* , CASE WHEN A.RECV_TYPE_CD < 500 THEN 'N' ELSE A.RECV_TYPE_CD END DESC */
               , CASE WHEN A.RECV_TYPE_CD < 500 THEN 'N' ELSE 'Y' END
               , A.REQ_DT DESC, A.BIZ_SYS_CD
		]]>	
	</select>
  	<select id="csrRcvMgtDao.retrieveViewCsrRcvMgt" resultMap="clobMap">		
 		<![CDATA[
 		${queryId}
        WITH PARAM AS (
              SELECT #{empno} EMPNO FROM DUAL
        ) 
		SELECT TO_CHAR( A.REQ_DT , 'YYYYMMDD') REQ_DT
		,      A.REQ_CONT
		,      A.RECV_CONT
		,      A.BIZ_TYPE
		,      A.BIZ_SYS_CD
		,      A.TITLE
		,      A.ATCH_FILE_ID 
        ,      NVL(( SELECT S.USR_NM FROM TB_USR001 S WHERE S.USR_ID =  A.RGTER_ID AND ROWNUM =1  ), A.RGTER_ID  ) RGTER_NM 
        ,      A.CORP_CD
        ,      A.CSR_NO
        ,      A.SEQ
        ,      A.STAT_CD
        ,      A.RECV_TYPE_CD ORG_RECV_TYPE_CD        
        ,      CASE WHEN  A.RECV_TYPE_CD IS NULL OR A.RECV_TYPE_CD ='340' THEN '500' ELSE A.RECV_TYPE_CD END  RECV_TYPE_CD  /*초기와 검토확인 는 접수완료 페이지 */
        ,      CASE WHEN TRIM(A.RECV_TYPE_CD) IS NULL THEN 'N' ELSE 'Y' END RECV_YN
        ,      A.RSPBER_EMPNO
        ,      ( SELECT S.USR_NM FROM TB_USR001 S WHERE S.EMPNO =  A.RSPBER_EMPNO AND ROWNUM = 1    ) RSPBER_EMPNO_NM 
        ,      (SELECT  LISTAGG(SEQ, ',') WITHIN GROUP  (ORDER BY SEQ)    FROM TB_ITR001 S WHERE S.CSR_NO = A.CSR_NO ) SEQ 
        ,      (SELECT COUNT(S.SEQ) FROM TB_ITR001 S WHERE S.CSR_NO = A.CSR_NO ) SEQ_CNT 
		,      A.ADD_REQ_CONT          
        ,      A.REQ_EMPNO
        ,      A.CSR_ORD||'차 CSR '
               ||CASE WHEN  A.RECV_TYPE_CD IS NOT NULL   THEN
                           ' 접수 ['||(  SELECT  S.COM_CD_NM
                                    FROM    TB_COM001 S
                                    WHERE   S.GRP_CD = 'RECV_TYPE_CD'
                                    AND     S.COM_CD = A.RECV_TYPE_CD
                                    AND ROWNUM =1 ) ||'] '
                         ELSE '접수'
                         END TITLE_NAME 
                         
                         
		,      A.STAND_WORKHOUR  
		,      A.CHECK_RSPBER_EMPNO 
        ,      NVL(( SELECT S.USR_NM FROM TB_USR001 S WHERE S.EMPNO =  A.CHECK_RSPBER_EMPNO AND ROWNUM =1  ), A.CHECK_RSPBER_EMPNO  ) CHECK_RSPBER_EMPNO_NM 
        ,      ( SELECT S.ORGN_NM FROM TB_USR001 S WHERE S.EMPNO =  A.CHECK_RSPBER_EMPNO AND ROWNUM =1  ) CHECK_RSPBER_DEPT_NM
		,      A.CHECK_REQ_CONT
        ,      A.CHECK_CONF_CONT
        ,      TO_CHAR(A.WORK_ST_DATE, 'YYYYMMDD' )  WORK_ST_DATE
        ,      TO_CHAR(A.DELIVR_DATE , 'YYYYMMDD' )  DELIVR_DATE
		          
        ,      CASE WHEN A.RECV_TYPE_CD IS NULL  THEN 'Y' 
                    WHEN A.STAT_CD >= '550' THEN 'N' 
                    WHEN A.RSPBER_EMPNO = NVL( P.EMPNO, A.RSPBER_EMPNO ) THEN 'Y' ELSE 'N' END EDIT_YN
        ,      A.SCREEN_CNT
        ,      (SELECT SUM(S.WORK_HOUR )   FROM TB_ITR006 S WHERE S.CSR_NO= A.CSR_NO AND S.SEQ = A.SEQ    ) TOT_WORKHOUR
		,      A.BIZ_CLSF_CD
		FROM   TB_ITR001 A
		,      PARAM P
		WHERE  1=1
		AND    A.CSR_NO  = #{csrNo}
		AND    A.SEQ     = #{seq} 
		]]>	 

 		<![CDATA[
        ORDER BY A.REQ_DT DESC
		]]>	
	</select>

	<select id="csrRcvMgtDao.retrieveViewVpnListRcvMgt" resultMap="clobMap">		
 		<![CDATA[
 		${queryId}
        SELECT A.CORP_CD               /* 법인코드-아워홈:1000, 사보텐:2000 */
             , A.CSR_NO                /* 권한요청번호 */
             , MAX(A.SEQ) AS SEQ       /* 요청순번 */
             , NVL(B.BIZ_SYS_CD, A.BIZ_SYS_CD)  AS BIZ_SYS_CD /* 업무시스템코드 */
             , (SELECT S.COM_CD_NM FROM TB_COM001 S WHERE  1=1 AND S.GRP_CD ='SYS_CD' AND S.COM_CD = NVL(B.BIZ_SYS_CD, A.BIZ_SYS_CD)) AS BIZ_SYS_CD_NM            /* 업무시스템코드명 */
             , A.BIZ_TYPE              /* 업무유형 */
             , NVL(B.BIZ_CLSF_CD, A.BIZ_CLSF_CD) AS BIZ_CLSF_CD           /* 분류 */
             , NVL(B.BIZ_SYS_ORD, '1') AS BIZ_SYS_ORD           /* 업무시스템코드순서 */
             , NVL((SELECT Z.ETC_CHAR_VAL_01 FROM TB_COM001 Z WHERE 1=1 AND Z.GRP_CD = 'SYS_CD' AND Z.COM_CD = NVL(B.BIZ_SYS_CD, A.BIZ_SYS_CD)), 'N') AS AUTHLINE_EDIT_YN 
          FROM TB_ITR001 A
             , TB_ITR017 B
         WHERE 1=1
           AND B.CORP_CD(+) = A.CORP_CD
           AND B.CSR_NO(+)  = A.CSR_NO
           AND B.SEQ(+)     = A.SEQ
           AND A.CSR_NO     = #{csrNo}
		   AND A.SEQ		= #{seq}           
         GROUP BY A.CORP_CD
             , A.CSR_NO
             , B.BIZ_SYS_CD
             , A.BIZ_TYPE
             , B.BIZ_CLSF_CD
             , B.BIZ_SYS_ORD
             , A.BIZ_SYS_CD
             , A.BIZ_CLSF_CD
         ORDER BY B.BIZ_SYS_ORD
		]]>	
	</select>    

	<select id="csrRcvMgtDao.retrieveViewVpnRcvMgt" resultMap="clobMap">		
 		<![CDATA[
 		${queryId}
        SELECT A.REQ_ORD                                                 AS "NO"
		     , A.CSR_NO
		     , A.SEQ
		     , A.CORP_CD												  AS "COMP_CD"							
		     , A.VPN_GROUP_ID											  AS "USR_AUTH_GRP_CD"
		     , A.VPN_USR_ID                                
		     , B.USER_NAME                                                AS "VPN_USR_NM"
		     , A.VPN_ST_DT
		     , A.VPN_ED_DT
		     , A.ORGN_CD                                                  AS "DEPT_CD"
		     , NVL(FC_GET_EMPNO_TO_DEPT(A.VPN_USR_ID, 'N' ), B.TEAM_NAME)   AS "DEPT_NM" -- 협력사의 경우 부서정보 없어 그룹웨어기준으로 조회되도록 수정 2024.09.19 yjh
		  FROM TB_ITR018 A
		     , IKEP4_EV_USER B
		 WHERE 1=1
		   AND A.CORP_CD = B.COMP_CD           (+)
		   AND A.VPN_USR_ID = B.USER_ID        (+)  
		   AND A.CSR_NO  = #{csrNo} 
		]]>	 
		<if test="seq != null and seq !=''">
		   AND A.SEQ   = #{seq}
		</if> 
 		<![CDATA[
        ORDER BY A.REQ_ORD
		]]>	
	</select>    	
    
	<select id="csrRcvMgtDao.retrieveCsrNo" resultType="ohMap">		
 		<![CDATA[
 		${queryId}
	      SELECT TO_CHAR( SYSDATE, 'YYYYMMDD') || LPAD(SQ_TB_ITR001_CSR_NO.NEXTVAL, 7 , '0') CSR_NO FROM   DUAL 
		]]>	
	</select>
    <insert id="csrRcvMgtDao.insertCsrRcvMgt">   		
 
        <![CDATA[
      ${queryId}
INSERT INTO TB_ITR001( 
   CORP_CD,
   CSR_NO,
   SEQ,
   CSR_ORD,
   BIZ_TYPE,
   BIZ_SYS_CD,
   TITLE,
   ATCH_FILE_ID,
   REQ_EMPNO,
   REQ_DT,
   REQ_CONT,
   STAT_CD,
   RECV_TYPE_CD, 
   RSPBER_EMPNO,
   STAND_WORKHOUR, 
   SCREEN_CNT,
   ADD_REQ_CONT,
   WORK_ST_DATE,
   DELIVR_DATE,
   COMPLTE_DATE,
   CHECK_RSPBER_EMPNO,
   CHECK_REQ_CONT,
   CHECK_CONF_CONT,
   MAIN_SEQ,
   BIZ_CLSF_CD,
   RGTER_ID,
   RGT_DATE,
   MODER_ID,
   MOD_DATE,
   BI_CD,
   RECV_CONT)
SELECT 
   CORP_CD,
   CSR_NO,
   #{newSeq},
   CSR_ORD,
   #{bizType},
   #{bizSysCd},
   TITLE,
   ATCH_FILE_ID,
   REQ_EMPNO,
   REQ_DT,
   REQ_CONT,
   CASE WHEN  #{recvTypeCd}  = '330' THEN '100' /*타부서검토, 요청상태 유지*/
        WHEN  #{recvTypeCd}  = '400' THEN '500'
        WHEN  #{recvTypeCd}  = '300' THEN '250'  /*연계 -> 접수중*/
        WHEN  #{recvTypeCd}  = '600' THEN '650'  /*접수반려 -> 접수반려*/
              ELSE #{recvTypeCd}  END,   /*타부서검토 : 접수중, 공동작업(400) : 500 접수완료로. 그외는 접수구분 따라.*/
   #{recvTypeCd}, 
   #{rspberEmpno},
   #{standWorkhour},
   #{screenCnt},
   #{addReqCont},
   #{workStDate},
   #{delivrDate},
   COMPLTE_DATE,
   #{checkRspberEmpno} ,
   #{checkReqCont:CLOB},   
   #{checkConfCont:CLOB}, 
   NVL(#{mainSeq}, 0 ),
   A.BIZ_CLSF_CD,
   #{usrId},
   SYSDATE,
   #{usrId},
   SYSDATE,
   BI_CD,
   #{recvCont:CLOB}
FROM   TB_ITR001  A
WHERE  A.CSR_NO = #{csrNo}
AND    A.SEQ    = #{seq} 

        ]]>
    </insert>                
    <update id="csrRcvMgtDao.updateCsrRcvMgt">   		
        <![CDATA[
      ${queryId}
	UPDATE TB_ITR001 
	SET   
	    BIZ_TYPE =    #{bizType} 
	,   BIZ_SYS_CD =    #{bizSysCd} 
	
	,   STAT_CD =      CASE WHEN  #{recvTypeCd}  = '330' THEN '100'
	                        WHEN  #{recvTypeCd}  = '400' THEN '500'
	                        WHEN  #{recvTypeCd}  = '300' THEN '250'  /*연계 -> 접수중*/
                            WHEN  #{recvTypeCd}  = '600' THEN '650'  /*접수반려 -> 접수반려*/
	                        ELSE  #{recvTypeCd}  END    /*타부서검토 : 접수중, 공동작업(400) : 500 접수완료로. 그외는 접수구분 따라.*/
	                        
	,   RECV_TYPE_CD       =   #{recvTypeCd} 
	,   ORG_RECV_TYPE_CD   =  CASE WHEN  #{recvTypeCd} = '500' THEN   RECV_TYPE_CD
	                               ELSE 
	                                     #{recvTypeCd}
	                               END
	,   STAND_WORKHOUR  =   #{standWorkhour} 
	,   SCREEN_CNT      =   #{screenCnt} 
	  
	,   WORK_ST_DATE   =    #{workStDate} 
	,   DELIVR_DATE    =    #{delivrDate}  
	,   ADD_REQ_CONT   =    #{addReqCont}
	,   MODER_ID =    #{usrId} 
	,   MOD_DATE =    SYSDATE 
	,   RSPBER_EMPNO =    #{rspberEmpno} 
	,   CHECK_RSPBER_EMPNO = #{checkRspberEmpno} 
	,   CHECK_REQ_CONT     = #{checkReqCont:CLOB}
	,   CHECK_CONF_CONT    = #{checkConfCont:CLOB}
	,   RECV_CONT          = #{recvCont:CLOB}
	
	WHERE  CSR_NO  =   #{csrNo} 
	AND   SEQ  =   #{seq} 
		 
        ]]>
    </update> 
    
    <delete id="csrRcvMgtDao.deleteCsrReqRegMgt">   		
        <![CDATA[ 
			DELETE FROM  TB_ITR001 
			WHERE 
			   STND_WORKHOUR_SEQ  =   #{stndWorkhourSeq} 
        ]]>
    </delete> 
  



	<select id="csrRcvMgtDao.retrieveDiffDegre" resultMap="clobMap">		
 		<![CDATA[
 		${queryId}
		SELECT (SELECT S.CORP_CD  FROM TB_ITR001 S WHERE S.CSR_NO = #{csrNo}  AND S.SEQ = #{seq} ) CORP_CD
        ,      #{csrNo} CSR_NO
        ,      #{seq} SEQ
        ,      C.COM_CD  DIFF_TYPE_CD_KEY 
      --  ,      A.DIFF_TYPE_CD
        ,      A.DIFF_TYPE_VAL
        ,      A.DIFF_TYPE_VAL_H
        
        ,      C.COM_CD     DIFF_TYPE_CD
        ,      C.COM_CD_NM  DIFF_TYPE_CD_NM
		FROM   TB_ITR005 A
        ,      TB_COM001 C
        WHERE  'DIFF_ITEM' = C.GRP_CD
        AND    A.DIFF_TYPE_CD(+) = C.COM_CD
        AND    C.USE_YN ='Y'
		AND    A.CSR_NO(+)  = #{csrNo}
		AND    A.SEQ(+)     = #{seq} 
 
		]]>	 

 		<![CDATA[
        ORDER BY C.SORT_SEQC
		]]>	
	</select>
	<select id="csrRcvMgtDao.retrieveDiffDegre2" resultMap="clobMap">		
 		<![CDATA[
 		${queryId}
		SELECT A.CORP_CD
        ,      A.CSR_NO
        ,      A.SEQ
        ,      A.DIFF_TYPE_CD DIFF_TYPE_CD_KEY 
        ,      A.DIFF_TYPE_CD
        ,      A.DIFF_TYPE_VAL
        ,      A.DIFF_TYPE_VAL_H
		FROM   TB_ITR005 A
        ,      TB_COM001 C
        WHERE  'DIFF_ITEM' = C.GRP_CD
        AND    A.DIFF_TYPE_CD = C.COM_CD

		AND    A.CSR_NO  = #{csrNo}
		AND    A.SEQ     = #{seq} 
		]]>	 

 		<![CDATA[
        ORDER BY C.SORT_SEQC
		]]>	
	</select>
	
	
    <update id="csrRcvMgtDao.updateCsrRcvDiffDegre">   		
        <![CDATA[
      ${queryId}
MERGE INTO  TB_ITR005 A USING 
       (SELECT    #{corpCd} CORP_CD
       ,          #{csrNo} CSR_NO
       ,          #{seq} SEQ
       ,          #{diffTypeCd} DIFF_TYPE_CD
        FROM DUAL    ) B 
ON (        A.CORP_CD = #{corpCd}
       AND  A.CSR_NO = #{csrNo}
       AND  A.SEQ = #{seq}
       AND  A.DIFF_TYPE_CD = #{diffTypeCdKey}       ) 
WHEN MATCHED THEN 
   UPDATE  
   SET 
   DIFF_TYPE_VAL =    #{diffTypeVal} 
   ,   DIFF_TYPE_VAL_H =    #{diffTypeValH} 
 
   ,   MODER_ID =    #{usrId} 
   ,   MOD_DATE =    SYSDATE
WHEN NOT MATCHED THEN 
INSERT  ( 
   CORP_CD,
   CSR_NO,
   SEQ,
   DIFF_TYPE_CD,
   DIFF_TYPE_VAL,
   DIFF_TYPE_VAL_H,
   RGTER_ID,
   RGT_DATE,
   MODER_ID,
   MOD_DATE)
VALUES (
   #{corpCd},
   #{csrNo},
   #{seq},
   #{diffTypeCd},
   #{diffTypeVal},
   #{diffTypeValH},
   #{usrId},
   SYSDATE,
   #{usrId},
   SYSDATE)
        ]]>
    </update> 
    
    <delete id="csrRcvMgtDao.deleteCsrRcvDiffDegre">   		
        <![CDATA[ 
            ${queryId}
			DELETE FROM  TB_ITR005 
			WHERE CSR_NO  =   #{csrNo} 
			AND   SEQ    =   #{seq} 
			AND   DIFF_TYPE_CD  =   #{diffTypeCd} 
        ]]>
    </delete> 
  
	<select id="csrRcvMgtDao.retrieveCsrWorkLevel" resultType="ohMap">		
 		<![CDATA[
 		${queryId}
		WITH  TB_MST AS (
		 
		    SELECT   NVL ( A.BIZ_TYPE_SUB , A.BIZ_TYPE) BIZ_TYPE
		    ,        B.WORK_LEVEL
		    ,        C.WORKHOUR
		    ,        D.COM_CD_NM WORK_LEVEL_NM
		    ,        D.SORT_SEQC
		    ,        C.PAGE_WH_USR_YN
		    ,        C.WEIGHT_USE_YN
		    FROM     TB_ITR015 A
		    ,        TB_ITR016 B 
		    ,        (SELECT S.COM_CD WH_LVL, S.COM_CD_NM, S.ETC_CHAR_VAL_01 WORKHOUR, NVL(S.ETC_CHAR_VAL_02,'N') PAGE_WH_USR_YN, NVL(S.ETC_CHAR_VAL_03,'N') WEIGHT_USE_YN FROM  TB_COM001 S WHERE GRP_CD = 'CSR_BIZ_LVL'  AND USE_YN='Y') C
		    ,        TB_COM001 D
		    WHERE    A.STND_WORKHOUR_SEQ = B.STND_WORKHOUR_SEQ 
		    AND      B.WORK_LEVEL = C.WH_LVL
		    AND      C.WH_LVL     = D.COM_CD
		    AND      NVL ( A.BIZ_TYPE_SUB , A.BIZ_TYPE) = #{bizType}
		)
		
		 SELECT
		      #{csrNo} CSR_NO
		,     #{seq}   SEQ
		,     M.WORK_LEVEL 
		,     M.WORK_LEVEL_NM
		,     M.PAGE_WH_USR_YN
		,     M.WEIGHT_USE_YN
		,     NVL( A.WORK_HOUR, M.WORKHOUR ) WORK_HOUR
        ,     M.WORKHOUR STND_WORK_HOUR		
		,     NVL( A.CORP_CD, (SELECT S.CORP_CD  FROM  TB_ITR001 S WHERE S.CSR_NO =#{csrNo} AND S.SEQ=1 ) )   CORP_CD
		FROM     
		      (SELECT  A.CSR_NO
		        ,      A.SEQ
		        ,      A.CORP_CD
		        ,      A.BIZ_TYPE
		        ,      B.WORK_HOUR
                ,      B.WORK_LEVEL
                ,      A.BIZ_CLSF_CD
		        FROM  TB_ITR001  A
		        ,     TB_ITR006  B
		        WHERE A.CSR_NO = B.CSR_NO(+)
		        AND   A.SEQ = B.SEQ(+) 
		        AND   A.CSR_NO = #{csrNo}
		        AND   A.SEQ    = #{seq} 
		      ) A
		,        TB_MST    M 
		WHERE    M.BIZ_TYPE = A.BIZ_TYPE(+) 
        AND      M.WORK_LEVEL = A.WORK_LEVEL(+) 
		ORDER BY M.SORT_SEQC
        
		]]>	
 
	</select>
 

    <update id="csrRcvMgtDao.insertCsrWorkHour">   		
        <![CDATA[
      ${queryId} 
		INSERT INTO TB_ITR006( 
		   CSR_NO,
		   SEQ,
		   WORK_LEVEL,
		   CORP_CD,
		   WORK_HOUR,
		   RGTER_ID,
		   RGT_DATE,
		   MODER_ID,
		   MOD_DATE)
		VALUES (
		   #{csrNo},
		   #{seq},
		   #{workLevel},
		   #{corpCd},
		   #{workHour},
		   #{usrId},
		   SYSDATE,
		   #{usrId},
		   SYSDATE)
      ]]>
     </update>

    <delete id="csrRcvMgtDao.deleteCsrWorkHour">   		
        <![CDATA[ 
            ${queryId}
			DELETE FROM  TB_ITR006 
			WHERE  CSR_NO  =   #{csrNo}
			AND    SEQ     =   #{seq}
        ]]>
    </delete> 
  



<!-- 
  타부서검토요청 확인
 -->

    <insert id="csrRcvMgtDao.insertCsrReviewConfMgt">   		
 
        <![CDATA[
      ${queryId}
INSERT INTO TB_ITR001( 
   CORP_CD,
   CSR_NO,
   SEQ,
   CSR_ORD,
   BIZ_TYPE,
   BIZ_SYS_CD,
   TITLE,
   ATCH_FILE_ID,
   REQ_EMPNO,
   REQ_DT,
   REQ_CONT,
   STAT_CD,
   RECV_TYPE_CD,
   RSPBER_EMPNO,
   STAND_WORKHOUR, 
   ADD_REQ_CONT,
   WORK_ST_DATE,
   DELIVR_DATE,
   COMPLTE_DATE,
   CHECK_RSPBER_EMPNO,
   CHECK_REQ_CONT,
   CHECK_CONF_CONT,
   BIZ_CLSF_CD,
   RGTER_ID,
   RGT_DATE,
   MODER_ID,
   MOD_DATE)
SELECT 
   CORP_CD,
   CSR_NO,
   #{newSeq},
   CSR_ORD,
   BIZ_TYPE,
   BIZ_SYS_CD,
   TITLE,
   ATCH_FILE_ID,
   REQ_EMPNO,
   REQ_DT,
   REQ_CONT,
   #{recvTypeCd} ,    
   #{recvTypeCd},
   #{rspberEmpno},
   #{standWorkhour},
   #{addReqCont},
   #{workStDate},
   #{delivrDate},
   COMPLTE_DATE,
   CHECK_RSPBER_EMPNO,
   CHECK_REQ_CONT, 
   #{checkConfCont}, 
   A.BIZ_CLSF_CD,
   #{usrId},
   SYSDATE,
   #{usrId},
   SYSDATE
FROM   TB_ITR001  A
WHERE  A.CSR_NO = #{csrNo}
AND    A.SEQ    = #{seq} 

        ]]>
    </insert>                
    <update id="csrRcvMgtDao.updateCsrReviewConfMgt">   		
        <![CDATA[
      ${queryId}
UPDATE TB_ITR001 
SET MODER_ID =    #{usrId} 
,   MOD_DATE =    SYSDATE  
,   CHECK_CONF_CONT    = #{checkConfCont:CLOB}
WHERE  CSR_NO  =   #{csrNo} 
AND    SEQ  =   #{seq} 
		 
        ]]>
    </update> 


<!-- 공동작업 -->
	<select id="csrRcvMgtDao.retrieveCsrRcvMgt4JoinJob" resultType="ohMap">		
 		<![CDATA[
      ${queryId}
        SELECT A.CORP_CD
        ,      A.CSR_NO
        ,      A.SEQ
        ,      A.JOIN_STAT_CD
        ,      A.JOIN_RSPBER_EMPNO
        ,      NVL(( SELECT S.USR_NM FROM TB_USR001 S WHERE S.EMPNO=  A.JOIN_RSPBER_EMPNO AND ROWNUM =1  ), A.JOIN_RSPBER_EMPNO  ) JOIN_RSPBER_EMPNO_NM 
 
        ,     (SELECT  LISTAGG( WORK_LEVEL, ',') WITHIN GROUP  (ORDER BY WORK_LEVEL)    
               FROM    TB_ITR008 S 
               WHERE   S.CSR_NO = A.CSR_NO 
               AND     S.SEQ    = A.SEQ
               AND     S.JOIN_RSPBER_EMPNO = A.JOIN_RSPBER_EMPNO
               ) WORK_LEVEL 
        ,     (SELECT  LISTAGG( C.COM_CD_NM , ',') WITHIN GROUP  (ORDER BY C.COM_CD_NM )    
               FROM    TB_ITR008 S 
               ,       TB_COM001 C
               WHERE   S.CSR_NO = A.CSR_NO 
               AND     S.SEQ    = A.SEQ
               AND   S.WORK_LEVEL = C.COM_CD
               AND     S.JOIN_RSPBER_EMPNO = A.JOIN_RSPBER_EMPNO
               ) WORK_LEVEL_NM
        ,      TO_CHAR( A.WORK_ST_DATE, 'YYYYMMDD' )  WORK_ST_DATE
        ,      TO_CHAR( A.DELIVR_DATE , 'YYYYMMDD' )  DELIVR_DATE
        FROM   TB_ITR003 A
        WHERE  A.CSR_NO = #{csrNo}
        AND    A.SEQ    = #{seq}
        ORDER BY  JOIN_RSPBER_EMPNO_NM
    ]]>
    </select>


  <update id="csrRcvMgtDao.updateCsrJoinJob">   		
        <![CDATA[
      ${queryId}
MERGE INTO  TB_ITR003 A USING 
       (SELECT    #{csrNo} CSR_NO
       ,          #{seq} SEQ
       ,          #{joinRspberEmpno} JOIN_RSPBER_EMPNO
        FROM DUAL    ) B 
ON (        A.CSR_NO = #{csrNo}
       AND  A.SEQ = #{seq}
       AND  A.JOIN_RSPBER_EMPNO = #{joinRspberEmpno}       ) 
WHEN MATCHED THEN 
   UPDATE  
   SET 
       CORP_CD =    #{corpCd} 
   ,   JOIN_STAT_CD =    #{statCd} 
   ,   WORK_ST_DATE =    #{workStDate} 
   ,   DELIVR_DATE =    #{delivrDate}  
   ,   MODER_ID =    #{usrId} 
   ,   MOD_DATE =    SYSDATE 
WHEN NOT MATCHED THEN 
INSERT  ( 
   CSR_NO,
   SEQ,
   JOIN_RSPBER_EMPNO,
   CORP_CD,
   JOIN_STAT_CD,
   WORK_ST_DATE,
   DELIVR_DATE,
   RGTER_ID,
   RGT_DATE,
   MODER_ID,
   MOD_DATE)
VALUES (
   #{csrNo},
   #{seq},
   #{joinRspberEmpno},
   #{corpCd},
   #{statCd},
   #{workStDate},
   #{delivrDate},
   #{usrId},
   SYSDATE,
   #{usrId},
   SYSDATE )

        ]]>
    </update> 
    <update id="csrRcvMgtDao.deleteCsrJoinJob">   		
        <![CDATA[
      ${queryId}
		DELETE FROM  TB_ITR003 
		WHERE    CSR_NO  =   #{csrNo} 
		AND     SEQ  =   #{seq}  
        ]]>
    </update> 
    
    
    <!-- 공동작업 작업단계 -->
  <update id="csrRcvMgtDao.updateCsrJoinJobWorkLvl">   		
        <![CDATA[
      ${queryId}
  INSERT INTO TB_ITR008( 
   CSR_NO,
   SEQ,
   JOIN_RSPBER_EMPNO,
   WORK_LEVEL,
   RGTER_ID,
   RGT_DATE,
   MODER_ID,
   MOD_DATE)
VALUES (
   #{csrNo},
   #{seq},
   #{joinRspberEmpno},
   #{workLevel},
   #{usrId},
   SYSDATE,
   #{usrId},
   SYSDATE )
  

        ]]>
    </update> 
    <update id="csrRcvMgtDao.deleteCsrJoinJobWorkLvl">   		
        <![CDATA[
      ${queryId}
		DELETE FROM  TB_ITR008 
		WHERE  CSR_NO  =   #{csrNo} 
		AND     SEQ  =   #{seq}  
        ]]>
    </update> 
    
    
<!-- 타시스템연계  -->
	<select id="csrRcvMgtDao.retrieveCsrOthSystemLink" resultType="ohMap">		
 		<![CDATA[
      ${queryId}
        SELECT A.CORP_CD
        ,      A.CSR_NO
        ,      A.SEQ 
        ,      A.CORP_CD
        ,      A.BIZ_SYS_CD
        ,      A.RSPBER_EMPNO
        ,      NVL(( SELECT S.USR_NM FROM TB_USR001 S WHERE S.EMPNO=  A.RSPBER_EMPNO AND ROWNUM =1  ), A.RSPBER_EMPNO  ) RSPBER_EMPNO_NM 
 
        FROM   TB_ITR002 A
        WHERE  A.CSR_NO = #{csrNo}
        AND    A.SEQ    = #{seq}
        ORDER BY  RSPBER_EMPNO_NM
    ]]>
    </select>
    
    <!--   타시스템연계-->
  <update id="csrRcvMgtDao.insertCsrOthSystemLink">   		
        <![CDATA[
      ${queryId}
  INSERT INTO TB_ITR002 (
   CSR_NO,
   SEQ,
   CORP_CD,
   BIZ_SYS_CD,
   RSPBER_EMPNO, 
   RGTER_ID,
   RGT_DATE,
   MODER_ID,
   MOD_DATE)
VALUES (
   #{csrNo},
   #{seq},
   #{corpCd},
   #{bizSysCd},
   #{rspberEmpno},
   #{usrId},
   SYSDATE,
   #{usrId},
   SYSDATE )
  

        ]]>
    </update> 
    <update id="csrRcvMgtDao.deleteCsrOthSystemLink">   		
        <![CDATA[
      ${queryId}
		DELETE FROM  TB_ITR002 
		WHERE  CSR_NO  =   #{csrNo} 
		AND     SEQ  =   #{seq}  
        ]]>
    </update> 
 
    <insert id="csrRcvMgtDao.insertCsrOthSystemLink4Req">   		
        <![CDATA[
      ${queryId}
INSERT INTO TB_ITR001( 
   CORP_CD,
   CSR_NO,
   SEQ,
   CSR_ORD,
   BIZ_TYPE,
   BIZ_SYS_CD,
   TITLE,
   ATCH_FILE_ID,
   REQ_EMPNO,
   REQ_DT,
   REQ_CONT,
   STAT_CD, 
   RECV_TYPE_CD,
   RSPBER_EMPNO,  
   WORK_ST_DATE,
   DELIVR_DATE, 
   MAIN_SEQ,
   SCREEN_CNT,
   RGTER_ID,
   RGT_DATE,
   MODER_ID,
   MOD_DATE)
SELECT 
   CORP_CD,
   CSR_NO,
   #{newSeq},
   CSR_ORD,
   BIZ_TYPE,
   #{bizSysCd},
   TITLE,
   ATCH_FILE_ID,
   REQ_EMPNO,
   REQ_DT,
   REQ_CONT,
   '320',
   '320',
   #{rspberEmpno},  
   #{workStDate},
   #{delivrDate}, 
    A.SEQ,
   #{screenCnt},
   #{usrId},
   SYSDATE,
   #{usrId},
   SYSDATE
FROM   TB_ITR001  A
WHERE  A.CSR_NO = #{csrNo}
AND    A.SEQ    = #{mainSeq} 

        ]]>
    </insert>  
 
    <delete id="csrRcvMgtDao.deleteCsrOthSystemLink4Req">   		
        <![CDATA[
      ${queryId}
		DELETE FROM  TB_ITR001 
		WHERE  CSR_NO      =   #{csrNo} 
		AND    MAIN_SEQ    =   #{mainSeq}  
        ]]>
    </delete> 
 
 
 
<!-- 타시스템연계 지정건 저장시 체크  -->
	<select id="csrRcvMgtDao.checkCsrOthSystemLink4MainCsr" resultType="ohMap">		
 		<![CDATA[
      ${queryId}
          SELECT     TO_CHAR( COUNT(1) )   CNT
            FROM     TB_ITR001 A WHERE A.CSR_NO= #{csrNo}
             AND     A.MAIN_SEQ = (SELECT S.MAIN_SEQ FROM  TB_ITR001 S WHERE S.CSR_NO = #{csrNo} AND S.SEQ = #{seq})
             AND     A.STAT_CD <> '500'
             AND     ROWNUM =1 
       ]]>
    </select>
    
 

    <update id="csrRcvMgtDao.updateCsrOthSystemLink4MainCsr">   		
        <![CDATA[
      ${queryId}
        UPDATE TB_ITR001
        SET    STAT_CD  =    '500'
        ,      RECV_TYPE_CD  =    '500'
		,      MODER_ID =    #{usrId} 
		,      MOD_DATE =    SYSDATE
		WHERE  CSR_NO   =  	 #{csrNo}
		  AND     SEQ   =    DECODE((SELECT S.MAIN_SEQ FROM  TB_ITR001 S WHERE S.CSR_NO = #{csrNo} AND S.SEQ >= #{seq}), 0, #{SEQ}, (SELECT S.MAIN_SEQ FROM  TB_ITR001 S WHERE S.CSR_NO = #{csrNo} AND S.SEQ = #{seq}))
        ]]>
    </update> 
 
 

    <insert id="csrRcvMgtDao.insertCsrRegMgtSystem">
	    <![CDATA[ 
	    ${queryId}
		INSERT 
		  INTO TB_ITR017
		     ( 
		       CORP_CD                /* 법인코드-아워홈:1000, 사보텐:2000 */
		     , CSR_NO                 /* 권한요청번호 */
		     , SEQ                    /* 요청순번 */
		     , BIZ_SYS_CD             /* 업무시스템코드 */
		     , BIZ_TYPE               /* 업무유형 */
		     , BIZ_CLSF_CD            /* 분류 */
		     , BIZ_SYS_ORD            /* 업무시스템코드순서 */
		     , RGTER_ID               /* 등록자ID */
		     , RGT_DATE               /* 등록일시 */
		     , MODER_ID               /* 수정자ID */
		     , MOD_DATE               /* 수정일시 */
		     )
		     VALUES
		     (
		       #{corpCd}
		     , #{csrNo}
		     , #{newSeq}
		     , #{bizSysCd}
		     , #{bizType}
		     , #{bizClsfCd}
		     , '1'
		     , #{usrId}
		     , SYSDATE
		     , #{usrId}
		     , SYSDATE
		     )
	    ]]>
    </insert>
    
    <update id="csrRcvMgtDao.updateCsrRegMgtSystem">
	    <![CDATA[ 
	    ${queryId}
	    UPDATE TB_ITR017
	       SET BIZ_SYS_CD  = #{bizSysCd}
	         , BIZ_TYPE    = #{bizType}
	         , BIZ_CLSF_CD = #{bizClsfCd}
	         , BIZ_SYS_ORD = '1'
	         , MODER_ID    = #{usrId}
	         , MOD_DATE    = SYSDATE
	     WHERE 1=1
	       AND CORP_CD = #{corpCd}
		   AND CSR_NO  = #{csrNo}
		   AND SEQ     = #{newSeq}
	    ]]>
    </update> 
</mapper>
