<?xml version="1.0" encoding="UTF-8"?>
<!DOCTYPE mapper   PUBLIC "-//mybatis.org//DTD Mapper 3.0//EN" "http://mybatis.org/dtd/mybatis-3-mapper.dtd">
<mapper namespace="csrReqAdmMgtDao">

<!-- 2025-06-18 Amazon Q Developer : Converted CLOB to TEXT for PostgreSQL compatibility -->
<resultMap id="clobMap" type="ohMap" >
    <result property="bizTypeNm"           column="BIZ_TYPE_NM"         jdbcType="VARCHAR" javaType="java.lang.String"/>
    <result property="lvl"                 column="LVL"                 jdbcType="VARCHAR" javaType="java.lang.String"/>
    <result property="execWorkhour"        column="EXEC_WORKHOUR"       jdbcType="VARCHAR" javaType="java.lang.String"/>
    <result property="delivrWorkhour"      column="DELIVR_WORKHOUR"     jdbcType="VARCHAR" javaType="java.lang.String"/>
    <result property="hrnkComCd"           column="HRNK_COM_CD"         jdbcType="VARCHAR" javaType="java.lang.String"/> 
    <result property="bizType"             column="BIZ_TYPE"            jdbcType="VARCHAR" javaType="java.lang.String"/>
    <result property="sortSeqc"            column="SORT_SEQC"           jdbcType="VARCHAR" javaType="java.lang.String"/>
    <result property="complteYn"           column="COMPLTE_YN"          jdbcType="VARCHAR" javaType="java.lang.String"/>
    <result property="execCont"            column="EXEC_CONT"           jdbcType="TEXT" javaType="java.lang.String"/>
</resultMap>

<!-- 2025-06-18 Amazon Q Developer : Converted Oracle outer joins and NVL functions to PostgreSQL syntax -->
<select id="csrReqAdmMgtDao.retrieveBasJobAdmMgt" resultMap="clobMap">		
 		<![CDATA[
 		${queryId} 
		WITH TB_MST AS (
		     SELECT CD1.COM_CD_NM  BIZ_TYPE_NM
		     ,      CD2.COM_CD_NM  WORK_LEVEL_NM
		     ,      A.CSR_TYPE
		     ,      COALESCE( C.BIZ_TYPE_SUB, C.BIZ_TYPE) BIZ_TYPE
		     ,      CD1.SORT_SEQC BIZ_TYPE_SORT
		     FROM   (SELECT S.COM_CD CSR_TYPE, S.COM_CD_NM BIZ_TYPE_NM FROM  TB_COM001 S WHERE GRP_CD = 'CSR_TYPE'  AND USE_YN='Y')   A --구분마스터
		     ,      TB_ITR022  B --구분항목
		     
		     ,      TB_ITR015  C --표준공수관리
		     LEFT JOIN TB_ITR016  D ON C.STND_WORKHOUR_SEQ = D.STND_WORKHOUR_SEQ --평가지표단계
		 
		     ,      TB_COM001  CD1 --BIZ_TYPE
		     LEFT JOIN TB_COM001  CD2 ON CD2.COM_CD = D.WORK_LEVEL --WORK_LEVEL
		     WHERE  1=1
		     AND    CD1.COM_CD =   COALESCE( C.BIZ_TYPE_SUB, C.BIZ_TYPE) 
		     AND    A.CSR_TYPE      = B.CSR_TYPE
		     AND    B.CSR_TYPE_ITEM = C.CSR_TYPE_ITEM
		     AND    A.CSR_TYPE  ='B00010'
		)  
		   SELECT  M.WORK_JOB_NO
		   ,       M.WORK_JOB_SEQ::text WORK_JOB_SEQ
		   ,       M.WORK_DT
		   ,       A.CSR_TYPE
		   ,       A.BIZ_TYPE_NM 
		   ,       A.BIZ_TYPE
		   ,       M.EXEC_WORKHOUR::text EXEC_WORKHOUR
		   ,       M.EXEC_CONT
		   ,       BIZ_TYPE_SORT
		   FROM    TB_ITR007 M
		   RIGHT JOIN TB_MST A ON M.BIZ_TYPE = A.BIZ_TYPE
		   WHERE   1=1
		   AND     M.WORK_DT = #{workDt} 
		   AND     M.RSPBER_EMPNO = #{empno}
		   ORDER BY BIZ_TYPE_SORT
		]]>	
		 
	</select>

<!-- 2025-06-18 Amazon Q Developer : Converted Oracle outer joins, NVL functions, and date functions to PostgreSQL syntax -->
<select id="csrReqAdmMgtDao.retrieveCsrAdmMgt" resultType="ohMap">		
 		<![CDATA[
 		${queryId}
 
	WITH TB_MST AS (
	     SELECT CD1.COM_CD_NM  BIZ_TYPE_NM
	     ,      CD2.COM_CD_NM  WORK_LEVEL_NM
	     ,      CD2.COM_CD    WORK_LEVEL 
	     ,      A.CSR_TYPE
	     ,      COALESCE( C.BIZ_TYPE_SUB, C.BIZ_TYPE) BIZ_TYPE
	     ,      CD1.SORT_SEQC BIZ_TYPE_SORT
	     ,      CD2.SORT_SEQC WORK_LVL_SORT
	     FROM   (SELECT S.COM_CD CSR_TYPE, S.COM_CD_NM BIZ_TYPE_NM FROM  TB_COM001 S WHERE GRP_CD = 'CSR_TYPE'  AND USE_YN='Y')   A --구분마스터
	     ,      TB_ITR022  B --구분항목
	     
	     ,      TB_ITR015  C --표준공수관리
	     LEFT JOIN TB_ITR016  D ON C.STND_WORKHOUR_SEQ = D.STND_WORKHOUR_SEQ --평가지표단계
	 
	     ,      TB_COM001  CD1 --BIZ_TYPE
	     LEFT JOIN TB_COM001  CD2 ON CD2.COM_CD = D.WORK_LEVEL --WORK_LEVEL
	     WHERE  1=1
	     AND    CD1.COM_CD =   COALESCE( C.BIZ_TYPE_SUB, C.BIZ_TYPE) 
	     AND    A.CSR_TYPE      = B.CSR_TYPE
	     AND    B.CSR_TYPE_ITEM = C.CSR_TYPE_ITEM
	) 
	,
	TB_WORK AS (
	   SELECT S.CSR_NO, S.SEQ, S.WORK_DT, S.RSPBER_EMPNO
	   FROM  (
	          SELECT C.CSR_NO, C.SEQ, C.WORK_DT, C.RSPBER_EMPNO, ROW_NUMBER() OVER( PARTITION BY C.CSR_NO, C.SEQ, C.WORK_DT, C.RSPBER_EMPNO  ORDER BY 1)  RN  FROM  TB_ITR007 C  WHERE C.WORK_DT  =  #{workDt}
	         ) S
	   WHERE S.RN = 1 
	) 
	, TB_DATA AS (

    SELECT A.BIZ_TYPE
    ,      B.COM_CD_NM 
    ,      B.SORT_SEQC::text SORT_SEQC 
    ,     COALESCE( A.COMPLTE_YN , 'N') COMPLTE_YN
    ,     '['||(SELECT S.COM_CD_NM FROM TB_COM001 S WHERE S.COM_CD = A.BIZ_SYS_CD )||'] '||A.TITLE   TITLE
    ,     A.CSR_NO
    ,     A.SEQ
    ,     #{workDt} WORK_DT
    ,     A.TITLE  ORG_TITLE
    ,     A.RSPBER_EMPNO
    ,     A.STAT_CD
    ,     A.RECV_TYPE_CD
    ,     A.PRGSG_STEP    
    FROM  TB_ITR001 A  
    ,     TB_COM001 B       
    LEFT JOIN TB_WORK  W ON A.CSR_NO = W.CSR_NO AND A.SEQ = W.SEQ AND W.WORK_DT = #{workDt} AND W.RSPBER_EMPNO = A.RSPBER_EMPNO
    WHERE 1=1  
    AND   A.SEQ = (SELECT MAX(S.SEQ) FROM TB_ITR001 S WHERE S.CSR_NO = A.CSR_NO AND S.MAIN_SEQ = 0 )  
    AND   A.BIZ_TYPE = B.COM_CD   
    AND   A.STAT_CD IN (   '700', '900')  /*승인건만, 작업완료*/
    AND   A.RSPBER_EMPNO = COALESCE( #{empno}, A.RSPBER_EMPNO )   
    AND   A.WORK_ST_DATE <= TO_TIMESTAMP(  #{workDt} ||'000000', 'YYYYMMDDHH24MISS' )
    AND    'Y'  = CASE WHEN  COALESCE( A.COMPLTE_YN,'N') = 'N' THEN 'Y'  /*미완료시, 계속 */
                       WHEN  COALESCE( A.COMPLTE_YN,'N') = 'Y' AND W.CSR_NO IS NOT NULL THEN 'Y'  /*완료시  , 입력한날짜까지만 조회 */
                  END
    /* 공동작업자*/ 
    UNION ALL
    SELECT  A.BIZ_TYPE
    ,       B.COM_CD_NM  
    ,       B.SORT_SEQC::text SORT_SEQC 
    ,       CASE WHEN A2.JOIN_STAT_CD = '900' /*공동작업 작업완료*/ THEN 'Y' ELSE 'N' END  COMPLTE_YN
    ,       '['||(SELECT S.COM_CD_NM FROM TB_COM001 S WHERE S.COM_CD = A.BIZ_SYS_CD )||'] '||A.TITLE   TITLE
    ,       A.CSR_NO
    ,       A.SEQ
    ,       #{workDt} WORK_DT  
    ,       A.TITLE  ORG_TITLE
    ,       A2.JOIN_RSPBER_EMPNO AS RSPBER_EMPNO
    ,       A.STAT_CD
    ,       A.RECV_TYPE_CD
    ,       A.PRGSG_STEP        
    FROM    TB_ITR001 A
    ,       TB_ITR003 A2
    ,       TB_COM001 B   
    LEFT JOIN TB_WORK   W ON #{empno} = W.RSPBER_EMPNO AND A.CSR_NO = W.CSR_NO AND A.SEQ = W.SEQ AND W.WORK_DT = #{workDt}
    WHERE   A.CSR_NO = A2.CSR_NO
    AND     A.SEQ    = A2.SEQ
    AND     A.SEQ = (SELECT MAX(S.SEQ) FROM TB_ITR001 S WHERE S.CSR_NO = A.CSR_NO AND S.MAIN_SEQ = 0 )   
    AND     A.STAT_CD IN (   '700', '900')  /*승인건만, 작업완료*/
    AND     A.BIZ_TYPE = B.COM_CD   
    AND     A2.JOIN_RSPBER_EMPNO =  #{empno}   
    AND     A.WORK_ST_DATE <= TO_TIMESTAMP(  #{workDt} ||'000000', 'YYYYMMDDHH24MISS' )
    AND     A.RSPBER_EMPNO <>  A2.JOIN_RSPBER_EMPNO
    AND    'Y'           = CASE WHEN  COALESCE( A.COMPLTE_YN,'N') = 'N' THEN 'Y'  /*미완료시, 계속 */
                                WHEN  COALESCE( A.COMPLTE_YN,'N') = 'Y' AND W.CSR_NO IS NOT NULL THEN 'Y'  /*완료시  , 입력한날짜까지만 조회 */
                           END
                           
    /* 연계 피 지정*/
    UNION ALL
    SELECT A.BIZ_TYPE
    ,      B.COM_CD_NM 
 
    ,      B.SORT_SEQC::text SORT_SEQC 
    ,      COALESCE( A3.COMPLTE_YN , 'N') COMPLTE_YN
    ,     '['||(SELECT S.COM_CD_NM FROM TB_COM001 S WHERE S.COM_CD = A.BIZ_SYS_CD )||'] '||A.TITLE   TITLE
    ,     A3.CSR_NO
    ,     A3.SEQ
    ,    #{workDt} WORK_DT
    ,     A.TITLE  ORG_TITLE
    ,     A3.RSPBER_EMPNO 
    ,     A.STAT_CD
    ,     A.RECV_TYPE_CD 
    ,     A.PRGSG_STEP        
    FROM  TB_ITR001 A   
    ,     TB_ITR001 A3  
    ,     TB_COM001 B   
    LEFT JOIN TB_WORK   W ON A3.CSR_NO = W.CSR_NO AND A3.SEQ = W.SEQ AND #{empno} = W.RSPBER_EMPNO AND W.WORK_DT = #{workDt}
    WHERE 1=1  
  
    --연계데이타
    AND   A.CSR_NO   = A3.CSR_NO
    AND   A.SEQ      = A3.MAIN_SEQ
    
    AND   A.BIZ_TYPE = B.COM_CD   
    AND   A3.RSPBER_EMPNO = COALESCE( #{empno}, A3.RSPBER_EMPNO )   
    AND   A.STAT_CD IN (   '700', '900')  /*승인건만, 작업완료*/ 
    AND   A.WORK_ST_DATE <= TO_TIMESTAMP(  #{workDt} ||'000000', 'YYYYMMDDHH24MISS' )
 
    AND    'Y'  = CASE WHEN  COALESCE( A3.COMPLTE_YN,'N') = 'N' THEN 'Y'  /*미완료시, 계속 */
                       WHEN  COALESCE( A3.COMPLTE_YN,'N') = 'Y' AND W.CSR_NO IS NOT NULL THEN 'Y'  /*완료시  , 입력한날짜까지만 조회 */
                   END
)
     
SELECT
   *
FROM  (
    SELECT D_TYPE
    ,      CSR_TYPE    
    ,      BIZ_TYPE
    ,      COM_CD_NM 
    ,      SORT_SEQC
    ,      WORK_LVL_SORT
    ,      DELIVR_WORKHOUR
    ,      EXEC_WORKHOUR
    ,      COMPLTE_YN  
    ,      COM_CD_NM TITLE 
    ,      WORK_LEVEL    
    ,      CSR_NO
    ,      SEQ    
    ,      LVL
    ,      A.ORG_TITLE
    ,      '' WORK_JOB_NO
    ,      '' WORK_JOB_SEQ
    ,      '' STAT_CD
    ,      '' RECV_TYPE_CD    
    ,      '' RSPBER_EMPNO
    ,      '' PRGSG_STEP    
    FROM (
	        SELECT 'DT' D_TYPE
	        ,      '' CSR_TYPE    
	        ,       BIZ_TYPE
	        ,       A.COM_CD_NM 
	        ,       SORT_SEQC
	        ,      0 WORK_LVL_SORT
	        ,      ''  DELIVR_WORKHOUR  
            ,      (SELECT SUM(EXEC_WORKHOUR)  FROM TB_ITR007 S  WHERE S.CSR_NO = A.CSR_NO  AND S.SEQ = A.SEQ AND S.BIZ_TYPE = A.BIZ_TYPE AND S.WORK_DT= A.WORK_DT AND S.RSPBER_EMPNO = A.RSPBER_EMPNO AND S.WORK_LEVEL IS NOT NULL )  EXEC_WORKHOUR
	        ,      '' COMPLTE_YN  
	        ,      A.COM_CD_NM TITLE 
	        ,      ''WORK_LEVEL    
	        ,      A.CSR_NO
	        ,      A.SEQ    
	        ,      1  LVL 
	        ,      A.ORG_TITLE
	        ,      ROW_NUMBER () OVER ( PARTITION BY A.BIZ_TYPE ORDER BY A.CSR_NO ) RN
	        FROM   TB_DATA A 
        )    A 
    WHERE  RN = 1
    UNION ALL
    SELECT 'DSYS' D_TYPE
    ,      '' CSR_TYPE
    ,      BIZ_TYPE
    ,      ''  COM_CD_NM  
    ,       SORT_SEQC
    ,      0 WORK_LVL_SORT    
    ,      (SELECT SUM(WORK_HOUR)::text   FROM TB_ITR006 S WHERE S.CSR_NO = A.CSR_NO  AND S.SEQ = A.SEQ   )  DELIVR_WORKHOUR
    ,      (SELECT SUM(EXEC_WORKHOUR)    FROM TB_ITR007 S WHERE S.CSR_NO = A.CSR_NO  AND S.SEQ = A.SEQ AND S.WORK_DT = A.WORK_DT AND S.RSPBER_EMPNO = A.RSPBER_EMPNO  AND S.WORK_LEVEL IS NOT NULL )  EXEC_WORKHOUR
    ,      COALESCE( A.COMPLTE_YN,'N' ) COMPLTE_YN 
    ,      A.TITLE 
    ,      ''WORK_LEVEL    
    ,      A.CSR_NO
    ,      A.SEQ     
    ,      2  LVL   
    ,      A.ORG_TITLE 
    ,      '' WORK_JOB_NO
    ,      '' WORK_JOB_SEQ
    ,      A.STAT_CD
    ,      A.RECV_TYPE_CD
    ,      A.RSPBER_EMPNO
    ,      A.PRGSG_STEP    
    FROM   TB_DATA A 
    UNION ALL
    SELECT 'DLVL' D_TYPE
    ,       A.CSR_TYPE    
    ,       A.BIZ_TYPE
    ,       A.COM_CD_NM  
    ,       A.SORT_SEQC
    ,       A.WORK_LVL_SORT    
    ,       A.DELIVR_WORKHOUR::text DELIVR_WORKHOUR
    ,       C.EXEC_WORKHOUR EXEC_WORKHOUR
    ,       '' COMPLTE_YN  
    ,       A.TITLE
    ,       A.WORK_LEVEL
    ,       A.CSR_NO
    ,       A.SEQ 
    ,       A.LVL
    ,       A.ORG_TITLE
    ,       C.WORK_JOB_NO::text  WORK_JOB_NO
    ,       C.WORK_JOB_SEQ::text WORK_JOB_SEQ
    ,       A.STAT_CD
    ,       A.RECV_TYPE_CD
    ,       A.RSPBER_EMPNO
    ,       ''                         PRGSG_STEP    
    FROM   (
			    SELECT 'DLVL' D_TYPE
			    ,       M.CSR_TYPE
			    ,       B.BIZ_TYPE
			    ,       B.COM_CD_NM  
			    ,       B.SORT_SEQC
			    ,       M.WORK_LVL_SORT
			    ,       C.WORK_HOUR  DELIVR_WORKHOUR  
			    ,       M.WORK_LEVEL_NM TITLE
			    ,       M.WORK_LEVEL
			    ,       B.CSR_NO
			    ,       B.SEQ 
			    ,       3  LVL
			    ,       B.ORG_TITLE
			    ,       B.RSPBER_EMPNO  
			    ,       B.STAT_CD
			    ,       B.RECV_TYPE_CD
			   FROM   
			           TB_DATA B 
			    ,      TB_MST  M
			    ,      TB_ITR006 C
	          WHERE    B.BIZ_TYPE  =   M.BIZ_TYPE  
	            AND    B.CSR_NO     =   C.CSR_NO
	            AND    B.SEQ        =   C.SEQ
	            AND    M.WORK_LEVEL =   C.WORK_LEVEL 
            ) A
	LEFT JOIN TB_ITR007 C ON A.BIZ_TYPE = C.BIZ_TYPE AND A.WORK_LEVEL = C.WORK_LEVEL AND A.CSR_NO = C.CSR_NO AND A.SEQ = C.SEQ AND A.RSPBER_EMPNO = C.RSPBER_EMPNO AND C.WORK_DT = #{workDt}
     
   ) A
   LEFT JOIN TB_ITR008 B ON A.CSR_NO = B.CSR_NO AND A.SEQ = B.SEQ AND A.RSPBER_EMPNO = B.JOIN_RSPBER_EMPNO AND A.WORK_LEVEL = B.WORK_LEVEL
WHERE 1=1
ORDER BY A.SORT_SEQC::integer
,        A.CSR_NO
,        A.WORK_LVL_SORT
,        CASE WHEN A.D_TYPE = 'DT' THEN 1 
              WHEN A.D_TYPE = 'DSYS' THEN 2
              ELSE 3
         END

      
		]]>	
		 
	</select>

<!-- 2025-06-18 Amazon Q Developer : Converted Oracle sequence and date functions to PostgreSQL syntax -->
<select id="csrReqAdmMgtDao.retrieveWorkJobNo" resultType="ohMap">	
		  	 SELECT TO_CHAR(CURRENT_TIMESTAMP, 'YYYYMMDD' )|| LPAD(nextval('sq_tb_itr007_work_job_no')::text,  6 , '0' ) WORK_JOB_NO
	</select>

<!-- 2025-06-18 Amazon Q Developer : Converted SYSDATE to CURRENT_TIMESTAMP for PostgreSQL compatibility -->
<insert id="csrReqAdmMgtDao.insertWork">   		
        <![CDATA[
      ${queryId}
INSERT INTO TB_ITR007( 
   WORK_JOB_NO,
   WORK_JOB_SEQ,
   WORK_DT,
   CSR_TYPE,
   CSR_NO,
   SEQ,
   BIZ_TYPE,
   WORK_LEVEL,
   EXEC_WORKHOUR,
   EXEC_CONT,
   RGTER_ID,
   RGT_DATE,
   MODER_ID,
   MOD_DATE,
   RSPBER_EMPNO)
VALUES (
   #{workJobNo},
   (SELECT COALESCE( MAX(WORK_JOB_SEQ ), 0 ) + 1 FROM TB_ITR007 S WHERE S.WORK_JOB_NO = #{workJobNo} ),
   #{workDt},
   #{csrType},
   #{csrNo},
   #{seq},
   #{bizType},
   #{workLevel},
   #{execWorkhour},
   #{execCont},
   #{usrId},
   CURRENT_TIMESTAMP,
   #{usrId},
   CURRENT_TIMESTAMP,
   #{rspberEmpno})
        ]]>
    </insert>

<!-- 2025-06-18 Amazon Q Developer : Converted SYSDATE to CURRENT_TIMESTAMP for PostgreSQL compatibility -->
<update id="csrReqAdmMgtDao.updateWork_1">   		
        <![CDATA[
      ${queryId}
UPDATE TB_ITR007 
SET EXEC_WORKHOUR =    #{execWorkhour} 
,   EXEC_CONT =    #{execCont} 

,   MODER_ID =    #{usrId} 
,   MOD_DATE =    CURRENT_TIMESTAMP
,   RSPBER_EMPNO =    #{rspberEmpno} 
WHERE 
     WORK_JOB_NO  =   #{workJobNo} 
AND	 WORK_JOB_SEQ =   #{workJobSeq}     

        ]]>
    </update>

<!-- 2025-06-18 Amazon Q Developer : Converted Oracle MERGE statement to PostgreSQL INSERT...ON CONFLICT syntax -->
<update id="csrReqAdmMgtDao.updateWork">   		
        <![CDATA[
      ${queryId}
		INSERT INTO TB_ITR007 (
		   WORK_JOB_NO,
		   WORK_JOB_SEQ,
		   WORK_DT,
		   RSPBER_EMPNO,
		   CSR_TYPE,
		   CSR_NO,
		   SEQ,
		   BIZ_TYPE,
		   WORK_LEVEL,
		   EXEC_WORKHOUR, 
		   RGTER_ID,
		   RGT_DATE,
		   MODER_ID,
		   MOD_DATE)
		VALUES (
		   #{workJobNo},
           (SELECT COALESCE( MAX(WORK_JOB_SEQ ), 0 ) + 1 FROM TB_ITR007 S WHERE S.WORK_JOB_NO = #{workJobNo} ),
		   #{workDt},
		   #{rspberEmpno},
		   #{csrType},
		   #{csrNo},
		   #{seq},
		   #{bizType},
		   #{workLevel},
		   #{execWorkhour}, 
		   #{usrId},
		   CURRENT_TIMESTAMP,
		   #{usrId},
		   CURRENT_TIMESTAMP)
		ON CONFLICT (WORK_JOB_NO, WORK_JOB_SEQ)
		DO UPDATE SET
		   WORK_DT = #{workDt},
		   RSPBER_EMPNO = #{rspberEmpno},
		   CSR_TYPE = #{csrType},
		   CSR_NO = #{csrNo},
		   BIZ_TYPE = #{bizType},
		   WORK_LEVEL = #{workLevel},
		   EXEC_WORKHOUR = #{execWorkhour},
		   MODER_ID = #{usrId},
		   MOD_DATE = CURRENT_TIMESTAMP

        ]]>
    </update>

<!-- 2025-06-18 Amazon Q Developer : No conversion needed - standard DELETE syntax -->
<update id="csrReqAdmMgtDao.deleteWork">   		
        <![CDATA[
      ${queryId}
	   DELETE FROM  TB_ITR007  
	   WHERE 
	   WORK_DT  =   #{workDt} 
	   AND  RSPBER_EMPNO = #{empno}
	   AND  CSR_TYPE = #{csrType}
	   AND  CSR_NO	 = #{csrNo}
	   AND	SEQ		 = #{seq}
        ]]>
    </update>

<!-- 2025-06-18 Amazon Q Developer : No conversion needed - standard DELETE syntax -->
<update id="csrReqAdmMgtDao.deleteWork4Csr">   		
        <![CDATA[
      ${queryId}
	   DELETE FROM  TB_ITR007  
	   WHERE 
	   WORK_DT           =   #{workDt} 
	   AND  RSPBER_EMPNO =   #{empno}
	   AND  CSR_TYPE     =   #{csrType}
	   AND  CSR_NO       =   #{csrNo}
	   AND  SEQ          =   #{seq}
        ]]>
    </update>

<!-- 2025-06-18 Amazon Q Developer : Converted DECODE functions and SYSDATE to PostgreSQL syntax -->
<update id="csrReqAdmMgtDao.updateCsrCompleteYn">   		
        <![CDATA[
        ${queryId}
		UPDATE TB_ITR001 
		SET    COMPLTE_YN   = #{complteYn}
		,      STAT_CD      = CASE WHEN #{complteYn} = 'Y' THEN '900' ELSE STAT_CD END  /*작업완료*/
		,      COMPLTE_DATE = CASE WHEN #{complteYn} = 'Y' THEN CURRENT_TIMESTAMP ELSE NULL END
		,      MODER_ID =    #{usrId} 
		,      MOD_DATE =    CURRENT_TIMESTAMP 
		WHERE 
		       CSR_NO  =   #{csrNo} 
		AND    SEQ     =   #{seq}
        ]]>
    </update>

<!-- 2025-06-18 Amazon Q Developer : Converted DECODE functions and SYSDATE to PostgreSQL syntax -->
<update id="csrReqAdmMgtDao.updateCsrCompleteYn4JoinWork">   		
        <![CDATA[
        ${queryId}
		UPDATE TB_ITR003 S
		SET     
		        JOIN_STAT_CD = CASE WHEN #{complteYn} = 'Y' THEN '900' ELSE '500' END /*900작업완료, 500접수완료*/
		,       MODER_ID     =   #{usrId} 
		,       MOD_DATE     =   CURRENT_TIMESTAMP 
		WHERE   CSR_NO       =   #{csrNo} 
		AND     SEQ          =   #{seq}
		AND     JOIN_RSPBER_EMPNO =#{rspberEmpno}
        ]]>
    </update>

<!-- 2025-06-18 Amazon Q Developer : Converted DECODE functions and SYSDATE to PostgreSQL syntax -->
<update id="csrReqAdmMgtDao.updateCsrCompleteYn4JoinWorkAfter">   		
        <![CDATA[
        ${queryId}

		UPDATE TB_ITR001  A
		SET    COMPLTE_YN   =  #{complteYn}
		,      STAT_CD      =  CASE WHEN #{complteYn} = 'Y' THEN '900' ELSE STAT_CD END  /*작업완료*/
		,      COMPLTE_DATE =  CASE WHEN #{complteYn} = 'Y' THEN CURRENT_TIMESTAMP ELSE NULL END
		,      MODER_ID     =  #{usrId} 
		,      MOD_DATE     =  CURRENT_TIMESTAMP 
		WHERE 
		       CSR_NO  =   #{csrNo} 
		AND    SEQ     =   #{seq} 
        AND    'Y' = (
                       SELECT  /* 모두 완료면 마스터 완료 처리.*/
                               CASE WHEN SUM(CASE WHEN S.JOIN_STAT_CD='900' THEN 1 ELSE 0 END )  =   COUNT(1) THEN 'Y' ELSE 'N' END COMPLET_YN
                       FROM    TB_ITR003 S 
                       WHERE   S.CSR_NO = A.CSR_NO
                       AND     S.SEQ    = A.SEQ 
                     )
                       
        ]]>
    </update>

<!-- 2025-06-18 Amazon Q Developer : Converted ROWNUM to LIMIT for PostgreSQL compatibility -->
<select id="csrReqAdmMgtDao.retrieveCsrIsCheckSave" resultType="ohMap">		
 		<![CDATA[
 		${queryId}
 		SELECT 'Y' FROM TB_ITR009 WHERE CSR_NO =#{csrNo} AND SEQ =#{seq} LIMIT 1
       ]]>
   </select>

</mapper>
