<?xml version="1.0" encoding="UTF-8"?>
<!DOCTYPE mapper   PUBLIC "-//mybatis.org//DTD Mapper 3.0//EN" "http://mybatis.org/dtd/mybatis-3-mapper.dtd">
<mapper namespace="csrReqMgtDao">

<!-- 2025-06-18 Amazon Q Developer : Converted CLOB to TEXT for PostgreSQL compatibility -->
<resultMap id="clobMap" type="ohMap" >
    <result property="chk"           column="CHK" jdbcType="VARCHAR" javaType="java.lang.String"/>
    <result property="reqDt"           column="reqDt" jdbcType="VARCHAR" javaType="java.lang.String"/>
    <result property="reqCont"       column="REQ_CONT"         jdbcType="TEXT" javaType="java.lang.String"/>
    <result property="bizType"         column="BIZ_TYPE"         jdbcType="VARCHAR" javaType="java.lang.String"/>
    <result property="biCd"         column="BI_CD"         jdbcType="VARCHAR" javaType="java.lang.String"/>
    <result property="bizSysCd"       column="BIZ_SYS_CD"         jdbcType="VARCHAR" javaType="java.lang.String"/>
    <result property="title"       column="TITLE"         jdbcType="VARCHAR" javaType="java.lang.String"/>
    <result property="atchFileId"         column="ATCH_FILE_ID"      jdbcType="VARCHAR" javaType="java.lang.String"/> 
    <result property="rgterNm"        column="RGTER_NM"    jdbcType="VARCHAR"    javaType="java.lang.String"/>
    <result property="corpCd" column="CORP_CD"                 jdbcType="VARCHAR" javaType="java.lang.String"/>
    <result property="csrNo" column="CSR_NO"                 jdbcType="VARCHAR" javaType="java.lang.String"/>
    <result property="seq" column="SEQ"                 jdbcType="VARCHAR" javaType="java.lang.String"/>
    <result property="statCd" column="STAT_CD"                 jdbcType="VARCHAR" javaType="java.lang.String"/>
    <result property="recvTypeCd" column="RECV_TYPE_CD"                 jdbcType="VARCHAR" javaType="java.lang.String"/>
    <result property="approveStatus" column="APPROVE_STATUS"                 jdbcType="VARCHAR" javaType="java.lang.String"/>
    <result property="bizClsfCd" column="BIZ_CLSF_CD"                 jdbcType="VARCHAR" javaType="java.lang.String"/>
    <result property="templateCont"       column="TEMPLATE_CONT"         jdbcType="TEXT"    javaType="java.lang.String"/>
    <result property="recvCont"       column="RECV_CONT"         jdbcType="TEXT"    javaType="java.lang.String"/>
</resultMap>

<!-- 2025-06-18 Amazon Q Developer : Converted Oracle SQL to PostgreSQL - removed FROM DUAL, converted NVL to COALESCE, LISTAGG to STRING_AGG, ROWNUM to LIMIT -->
<select id="csrReqMgtDao.retrieveCsrReqMgt" resultType="ohMap">		
 		<![CDATA[
 		${queryId}
        WITH PARAM AS (
              SELECT #{empno} EMPNO
        ) 
        SELECT TO_CHAR( A.REQ_DT , 'YYYYMMDD') REQ_DT 
		 
		,      A.BIZ_SYS_CD
		,      A.TITLE 
        ,      COALESCE(( SELECT S.USR_NM FROM TB_USR001 S WHERE S.USR_ID =  A.RGTER_ID LIMIT 1  ), A.RGTER_ID  ) RGTER_NM 
        ,      A.CSR_NO 
        ,      A.STAT_CD 
        ,      A.RECV_TYPE_CD
        ,      (SELECT COUNT(S.SEQ) FROM TB_ITR001 S WHERE S.CSR_NO = A.CSR_NO ) SEQ_CNT
        ,      (SELECT  STRING_AGG(SEQ::text    , ',' ORDER BY CSR_ORD, CASE WHEN RECV_TYPE_CD IS NULL THEN  0 
                                                                                    ELSE RECV_TYPE_CD - MAIN_SEQ
                                                                                    END, SEQ )    FROM TB_ITR001 S WHERE S.CSR_NO = A.CSR_NO ) SEQ
        ,      (SELECT  STRING_AGG(STAT_CD, ',' ORDER BY CSR_ORD, CASE WHEN RECV_TYPE_CD IS NULL THEN  0 
                                                                                    ELSE RECV_TYPE_CD - MAIN_SEQ
                                                                                    END, SEQ )   FROM TB_ITR001 S WHERE S.CSR_NO = A.CSR_NO ) STAT_CD_S 
        ,      CASE WHEN  A.REQ_EMPNO = COALESCE( P.EMPNO, A.REQ_EMPNO ) THEN 'Y' ELSE 'N' END EDIT_YN  
        ,      A.CSR_ORD
        ,      A.RECV_CONT
		FROM   TB_ITR001 A
		,      PARAM     P
		WHERE  1=1
        AND    A.SEQ = (SELECT MAX(S.SEQ ) FROM  TB_ITR001 S WHERE S.CSR_NO = A.CSR_NO AND S.MAIN_SEQ = 0 )
		]]>	
		<if test="corpCd != null and corpCd !=''">
		   AND A.CORP_CD   = #{corpCd}
		</if>
		<if test="csrNo != null and csrNo !=''">
		   AND A.CSR_NO   = #{csrNo}
		</if>
 		<![CDATA[
        ORDER BY A.REQ_DT DESC
		]]>	
	</select>

<!-- 2025-06-18 Amazon Q Developer : Converted Oracle SQL to PostgreSQL - removed FROM DUAL, converted NVL to COALESCE, LISTAGG to STRING_AGG, ROWNUM to LIMIT, CHR to CHR with integer cast -->
<select id="csrReqMgtDao.retrieveViewCsrReqMgt" resultMap="clobMap">		
 		<![CDATA[
 		${queryId}
        WITH PARAM AS (
              SELECT #{empno} EMPNO
        ) 
		SELECT TO_CHAR( A.REQ_DT , 'YYYYMMDD') REQ_DT
		/* ,      (CASE WHEN A.STAT_CD = '200' THEN A.ADD_REQ_CONT  ELSE  A.REQ_CONT  END  || A.RECV_CONT) AS REQ_CONT */
		,      (CASE WHEN A.STAT_CD = '200' THEN A.ADD_REQ_CONT  ELSE CASE WHEN A.RECV_TYPE_CD = '330' THEN A.REQ_CONT ||CHR(13)||CHR(13) || A.CHECK_REQ_CONT ELSE A.REQ_CONT END  END  || A.RECV_CONT) AS REQ_CONT
        /* ,      CASE WHEN A.STAT_CD = '200' THEN A.ADD_REQ_CONT  ELSE  A.REQ_CONT  END || chr(13) ||chr(13) || */
        , (SELECT X.RECV_CONT FROM TB_ITR001 X WHERE X.CSR_NO = #{csrNo} AND X.SEQ = (SELECT MAX(SEQ) FROM TB_ITR001 WHERE CSR_NO = X.CSR_NO)) AS RECV_CONT
		,      A.BIZ_TYPE
		,      A.BI_CD
		,      A.BIZ_SYS_CD
		,      A.BIZ_CLSF_CD
		,      A.TITLE
		,      A.ATCH_FILE_ID 
 	    ,      COALESCE(( SELECT S.USR_NM FROM TB_USR001 S WHERE S.USR_ID =  A.RGTER_ID LIMIT 1  ), A.RGTER_ID  ) RGTER_NM 
        ,      A.CORP_CD
        ,      A.CSR_NO
        ,      A.SEQ
        ,      A.CSR_ORD
        ,      A.STAT_CD
        ,      A.RECV_TYPE_CD
        ,      (SELECT  STRING_AGG(SEQ::text, ',' ORDER BY SEQ)    FROM TB_ITR001 S WHERE S.CSR_NO = A.CSR_NO ) SEQ 
        ,      (SELECT  STRING_AGG(STAT_CD, ',' ORDER BY SEQ)    FROM TB_ITR001 S WHERE S.CSR_NO = A.CSR_NO ) STAT_CD_S 
        ,      (SELECT COUNT(S.SEQ) FROM TB_ITR001 S WHERE S.CSR_NO = A.CSR_NO ) SEQ_CNT
        ,      A.CSR_ORD||'차 CSR '
               ||CASE WHEN  A.RECV_TYPE_CD IS NOT NULL   THEN
                           ' 접수 ['||(  SELECT  S.COM_CD_NM
                                    FROM    TB_COM001 S
                                    WHERE   S.GRP_CD = 'RECV_TYPE_CD'
                                    AND     S.COM_CD = A.RECV_TYPE_CD
                                    LIMIT 1 ) ||'] '
                         ELSE '등록'
                         END TITLE_NAME 
        ,      TO_CHAR(A.WORK_ST_DATE, 'YYYY-MM-DD' ) WORK_ST_DATE
        ,      TO_CHAR(A.DELIVR_DATE , 'YYYY-MM-DD' ) DELIVR_DATE 
        ,      FC_GET_EMPNO_TO_DEPT(A.RSPBER_EMPNO, 'N' /*N:부서명, C:부서코드*/) 
        	   ||'/'||( SELECT S.USR_ID FROM TB_USR001 S WHERE S.EMPNO =  A.RSPBER_EMPNO LIMIT 1  ) 
               ||'/'||( SELECT S.USR_NM FROM TB_USR001 S WHERE S.EMPNO =  A.RSPBER_EMPNO LIMIT 1  )  RSPBER_EMPNO_NM 
		,      CASE WHEN #{viewPoint} = 'req' THEN    
                      CASE WHEN (SELECT COUNT(S.SEQ) FROM TB_ITR001 S WHERE S.CSR_NO = A.CSR_NO AND S.SEQ > A.SEQ LIMIT 1) > 0  THEN 'N' ELSE 'Y' END  
                   ELSE 'N' 
               END EDIT_YN1   	    
               
        ,      CASE WHEN  A.REQ_EMPNO = COALESCE( P.EMPNO, A.REQ_EMPNO ) THEN 'Y' ELSE 'N' END EDIT_YN    
        ,      ( SELECT S.STATUS FROM  HRMLINK.TB_LINK001@LN_OHEP_APPR_INF S WHERE REQ_SEQ = A.APPROVE_KEY ) APPROVE_STATUS
	    ,       FC_GET_EMPNO_TO_DEPT(A.REQ_EMPNO, 'N' /*N:부서명, C:부서코드*/)
      		   ||'/'||A.REQ_EMPNO
               ||'/'||B.USR_NM  REQ_EMP_INFO 
		FROM   TB_ITR001 A
		,      TB_USR001 B
		,      PARAM     P
		WHERE  1=1
	    AND    A.CORP_CD   = B.CORP_CD
	    AND    A.REQ_EMPNO = B.USR_ID
		AND    A.CSR_NO  = #{csrNo} 
		]]>	 
		
		<if test="seq != null and seq !=''">
		   AND A.SEQ   = #{seq}
		</if> 
 		<![CDATA[
        ORDER BY A.REQ_DT DESC
		]]>	
	</select>

<!-- 2025-06-18 Amazon Q Developer : No Oracle-specific features found, kept as is -->
<select id="csrReqMgtDao.retrieveSeqCont" resultMap="clobMap">		
 		<![CDATA[
 		${queryId}
			SELECT TEMPLATE_CONT
			  FROM TB_ITR026
			 WHERE 1=1 
			   AND REQ_TEMPLATE_SEQ = 'BT2160'
		]]>
	</select>

<!-- 2025-06-18 Amazon Q Developer : Converted Oracle SQL to PostgreSQL - removed FROM DUAL, converted SYSDATE to CURRENT_TIMESTAMP, sequence NEXTVAL to nextval(), LPAD to LPAD -->
<select id="csrReqMgtDao.retrieveCsrNo" resultType="ohMap">		
 		<![CDATA[
 		${queryId}
	      SELECT 'CSR'||TO_CHAR( CURRENT_TIMESTAMP, 'YYMMDD') || LPAD(nextval('sq_tb_itr001_csr_no')::text, 4 , '0') CSR_NO
		]]>	
	</select>

<!-- 2025-06-18 Amazon Q Developer : No Oracle-specific features found, kept as is -->
<select id="csrReqMgtDao.retrieveCsrFileInfo" resultType="ohMap">		
 		<![CDATA[
 		${queryId}
          SELECT STOR_ROUTE||'/'||STOR_FILE_NM FILE_PATH FROM TB_ITR004 A WHERE A.ATCH_FILE_ID= #{atchFileId}
		]]>	
	</select>

<!-- 2025-06-18 Amazon Q Developer : Converted Oracle NVL to PostgreSQL COALESCE -->
<select id="csrReqMgtDao.retrieveCsrNoSeq" resultType="ohMap">		
 		<![CDATA[
 		${queryId}
	      SELECT COALESCE( MAX(SEQ), 0 ) + 1 SEQ FROM   TB_ITR001
	      WHERE CSR_NO = #{csrNo} 
		]]>	
	</select>

<!-- 2025-06-18 Amazon Q Developer : Converted Oracle SYSDATE to PostgreSQL CURRENT_TIMESTAMP, NVL to COALESCE -->
<insert id="csrReqMgtDao.insertCsrReqMgt">   		
 
        <![CDATA[ 
      ${queryId}
INSERT INTO TB_ITR001( 
   CORP_CD,
   CSR_NO,
   SEQ,
   CSR_ORD,
   BIZ_TYPE,
   BI_CD,   
   BIZ_SYS_CD,
   TITLE,
   ATCH_FILE_ID,
   REQ_EMPNO,
   REQ_DT,
   REQ_CONT,
   STAT_CD,
   RECV_TYPE_CD,
   STAND_WORKHOUR, 
 
   WORK_ST_DATE,
   DELIVR_DATE,
   COMPLTE_DATE,
   CHECK_RSPBER_EMPNO,
   CHECK_REQ_CONT, 
   BIZ_CLSF_CD,
   RGTER_ID,
   RGT_DATE,
   MODER_ID,
   MOD_DATE)
VALUES (
   #{corpCd},
   #{csrNo},
   #{seq},
 (  CASE WHEN #{statCd} = '100' THEN
        (SELECT COALESCE( MAX(S.CSR_ORD), 0 ) +1   FROM TB_ITR001 S WHERE S.CSR_NO = #{csrNo}  )
   ELSE
       1
   END  )  ,
   #{bizType},
   #{biCd},   
   #{bizSysCd},
   #{title},
   #{atchFileId},
   #{empno},   
   CURRENT_TIMESTAMP,
   #{reqCont},
   #{statCd},
   #{recvTypeCd},
   #{standWorkhour}, 
 
   #{workStDate},
   #{delivrDate},
   #{complteDate},
   #{checkRspberEmpno},
   #{checkReqCont}, 
   #{bizClsfCd},
   #{usrId},
   CURRENT_TIMESTAMP,
   #{usrId},
   CURRENT_TIMESTAMP ) 
        ]]>
    </insert>

<!-- 2025-06-18 Amazon Q Developer : Converted Oracle SYSDATE to PostgreSQL CURRENT_TIMESTAMP -->
<update id="csrReqMgtDao.cancelCsrReqMgt">   		
        <![CDATA[
      ${queryId}
		    UPDATE TB_ITR001 
		    SET
		        STAT_CD = '150'
		      , MODER_ID = #{usrId} 
		      , MOD_DATE = CURRENT_TIMESTAMP
			WHERE 1=1
			AND   CSR_NO   =   #{csrNo} 
			AND   SEQ      =   #{seq} 
        ]]>
    </update>

<!-- 2025-06-18 Amazon Q Developer : Converted Oracle SYSDATE to PostgreSQL CURRENT_TIMESTAMP, CLOB parameter type removed -->
<update id="csrReqMgtDao.updateCsrReqMgt">   		
        <![CDATA[
      ${queryId}
			UPDATE TB_ITR001 
			SET  
			    BIZ_TYPE   =    #{bizType} 
			,   BIZ_SYS_CD =    #{bizSysCd} 
			,   TITLE      =    #{title} 
			,   ATCH_FILE_ID =    #{atchFileId}  
			,   REQ_CONT =    #{reqCont}  
			,   MODER_ID =    #{usrId} 
			,   MOD_DATE =    CURRENT_TIMESTAMP
			WHERE 
			      CORP_CD  =   #{corpCd} 
			AND   CSR_NO   =   #{csrNo} 
			AND   SEQ      =   #{seq} 
        ]]>
    </update>

<!-- 2025-06-18 Amazon Q Developer : No Oracle-specific features found, kept as is -->
<delete id="csrReqMgtDao.deleteCsrReqRegMgt">   		
        <![CDATA[ 
			DELETE FROM  TB_ITR001 
			WHERE 
			   STND_WORKHOUR_SEQ  =   #{stndWorkhourSeq} 
        ]]>
    </delete>

<!-- 2025-06-18 Amazon Q Developer : Converted Oracle SYSDATE to PostgreSQL CURRENT_TIMESTAMP -->
<update id="csrReqMgtDao.updateCsrApproveReq">
    	<!-- 201901029 김신성 추가 시작  -->
	    <if test="aprvGbn =='01'">
	    <![CDATA[
	        ${queryId}    /* PC자산 상품발주 수정 ( PC자산관리(01:PC자산관리->PC자산발주,02:PC자산관리->유휴자산신청) */		
			UPDATE TB_PCB001 SET      /* 상품발주 */
			      APRVL_NO  = #{reqSeq}      /* 결재번호 */
			     ,APL_NO    = #{aprvAplNo}   /* 신청번호 */
			     ,STAT_CD   = '550'
			     ,MODER_ID  = #{usrId}
			     ,MOD_DATE  = CURRENT_TIMESTAMP
			WHERE GOOD_ORDRG_NO  = #{aprvKey}
	    ]]>
	    </if>
	    
	    <if test="aprvGbn =='02'">
	    <![CDATA[
	        ${queryId}    /* PC자산 유휴자산신청 수정 ( PC자산관리(01:PC자산관리->PC자산발주,02:PC자산관리->유휴자산신청)  */	
			UPDATE TB_PCB011 SET      /* 유휴자산신청 */
			      APRVL_NO  = #{reqSeq}      /* 결재번호 */
			     ,STAT_CD   = '550'
			     ,MODER_ID  = #{usrId}
			     ,MOD_DATE  = CURRENT_TIMESTAMP
			WHERE IDLE_ASST_APL_NO = #{aprvKey}
	    ]]>
	    </if>
	    
	    <!-- 권한요청 등록 결재요청 -->
	    <if test="aprvGbn =='auth'">
	    <![CDATA[
	        ${queryId}
	        UPDATE TB_ITR001 A /* 권한요청 등록 결재요청*/
			   SET APPROVE_KEY = #{reqSeq}
			     , STAT_CD     = '550' 
			     , MOD_DATE    = CURRENT_TIMESTAMP
			     , MODER_ID    = #{usrId}
			 WHERE A.CSR_NO    = #{csrNo}
			   AND A.SEQ       = #{seq}
	    ]]>
	    </if>
	    <!-- 프로젝트 등록 상신완료 -->
	    <if test="aprvGbn =='project'">
	    <![CDATA[
	        ${queryId}    /* 프로젝트 등록 상신완료 업데이트 */	
	        UPDATE TB_ITR040 A
			   SET APPROVE_KEY = #{reqSeq}
			     , STAT_CD     = '550'
			     , REQ_EMPNO   = #{usrId}
			     , REQ_DT      = CURRENT_TIMESTAMP
			     , MOD_DATE    = CURRENT_TIMESTAMP
			     , MODER_ID    = #{usrId}
			 WHERE A.PJT_KEY   = #{csrNo}
	    ]]>
	    </if>
	    <!-- 프로젝트등록(완료요청) -->
	    <if test="aprvGbn =='project_complete'">
	    <![CDATA[
	        ${queryId}    /* 프로젝트 완료요청 업데이트 */	
	        UPDATE TB_ITR040 A
			   SET APPROVE_KEY = #{reqSeq}
			     , STAT_CD     = '550'
			     , MOD_DATE    = CURRENT_TIMESTAMP
			     , MODER_ID    = #{usrId}
			 WHERE A.PJT_KEY   = #{csrNo}
	    ]]>
	    </if>
	    <!-- 201901029 김신성 추가 종료  -->

		<!-- 테스트등록 -->
		<if test="aprvGbn =='csr_test' or aprvGbn =='prj_test'">
	    <![CDATA[
	        ${queryId}
	        UPDATE TB_ITR046 A
			   SET APPROVE_KEY = #{reqSeq}
			     , STAT_CD     = '400'
			     , MOD_DATE    = CURRENT_TIMESTAMP
			     , MODER_ID    = #{usrId}
			 WHERE A.CSR_NO  = #{csrNo}
			   AND A.TEST_ID = #{testId}
	    ]]>
	    </if>
	    <!-- 분기별 권한/베포이력 기안 -->
	    <if test="aprvGbn =='csrMntr'">
	    <![CDATA[
	        ${queryId}
	        UPDATE TB_ITR050 A
			   SET APRVL_KEY   = #{reqSeq}
			     , STAT_CD     = '550'
			     , MOD_DATE    = CURRENT_TIMESTAMP
			     , MODER_ID    = #{usrId} 
			 WHERE A.CORP_CD  = #{corpCd}
			   AND A.BIZ_YEAR = #{bizYear}
			   AND A.QUAT     = #{quat}
	    ]]>
	    </if>
	    <!-- 배치잡 -->
	    <if test="aprvGbn =='batchJob'">
	    <![CDATA[
	        ${queryId}
	        UPDATE TB_ITR053 A
			   SET APPROVE_KEY = #{reqSeq}
			     , STAT_CD     = '500'
			     , MOD_DATE    = CURRENT_TIMESTAMP
			     , MODER_ID    = #{usrId}
			 WHERE A.BATCH_NO = #{batchNo}
	    ]]>
	    </if>
	    <!-- 시스템운영현황 -->
	    <if test="aprvGbn =='systemOprtn'">
	    <![CDATA[
	        ${queryId}
	        UPDATE TB_ITR058 A
			   SET APPROVE_KEY = #{reqSeq}
			     , STAT_CD     = '550'
			     , MOD_DATE    = CURRENT_TIMESTAMP
			     , MODER_ID    = #{usrId}
			 WHERE A.REG_YM = #{csrNo}
	    ]]>
	    </if>
	    	         
		<if test="aprvGbn == null or aprvGbn  ==''or aprvGbn  =='vpn'">	           		
	        <![CDATA[
	      	${queryId}
			 UPDATE TB_ITR001 A
			 SET    MOD_DATE    = CURRENT_TIMESTAMP
			 ,      MODER_ID    = #{usrId}
			 ,      APPROVE_KEY = #{reqSeq}
			 ,      STAT_CD      = '550'
			 WHERE  A.CSR_NO    = #{csrNo}
			 AND    A.SEQ       = #{seq}
	        ]]>
		</if>
    </update>

<!-- 2025-06-18 Amazon Q Developer : Converted Oracle SYSDATE to PostgreSQL CURRENT_TIMESTAMP -->
<!-- 시스템운영현황 -->
<update id="csrReqMgtDao.updateCsrApproveReqSucess">   		
        <![CDATA[
      ${queryId}
		 UPDATE TB_ITR001 A
		 SET    MOD_DATE    = CURRENT_TIMESTAMP
		 ,      MODER_ID    = #{usrId} 
		 ,      STAT_CD      = '700'
		 WHERE  A.CSR_NO    = #{csrNo}
		 AND    A.SEQ       = #{seq}
        ]]>
    </update>

<!-- 2025-06-18 Amazon Q Developer : Converted Oracle SYSDATE to PostgreSQL CURRENT_TIMESTAMP -->
<!-- 시스템운영현황 -->
<update id="csrReqMgtDao.updateCsrApproveReqFail">   		
        <![CDATA[
      ${queryId}
		 UPDATE TB_ITR001 A
		 SET    MOD_DATE    = CURRENT_TIMESTAMP
		 ,      MODER_ID    = #{usrId} 
		 ,      STAT_CD      = '600'
		 WHERE  A.CSR_NO    = #{csrNo}
		 AND    A.SEQ       = #{seq}
        ]]>
    </update>

<!-- 2025-06-18 Amazon Q Developer : Converted Oracle sequence with database link to PostgreSQL nextval(), removed FROM DUAL -->
<!-- 요청순번 조회 -->
<select id="csrReqMgtDao.retrieveReqSeq" resultType="ohMap">
 		<![CDATA[
 		${queryId}
		SELECT nextval('hrmlink.sq_link001') AS REQ_SEQ
		]]>
	</select>

<!-- 20191107 김신성 IF문  추가 aprvGbn(01:PC발주신청,02:유휴자산신청) -->
<update id="csrReqMgtDao.insertApprDoc">  
         <selectKey keyProperty="reqSeq,apprId" resultType="ohMap" order="BEFORE">
              SELECT TO_CHAR( nextval('sq_link001'))  REQ_SEQ, TO_CHAR( nextval('seq_ikep4') )  APPR_ID
     	  </selectKey>
  
        <![CDATA[ ${queryId}
DO $$
DECLARE
    V_APPR_LINK_SEQ      VARCHAR(27);
    P_REQ_SEQ            VARCHAR(27);
    P_REGISTER_ID        VARCHAR(27);
    V_APPR_ID            VARCHAR(27);
    P_APPR_ID            VARCHAR(27);
    P_APPR_TYPE          VARCHAR(27);
    V_APPR_PERIOD_CD     VARCHAR(27);
    P_APPR_PERIOD_CD     VARCHAR(27);   
    P_REGISTER_MESSAGE    VARCHAR(4000);   
    P_IS_HIDDEN          VARCHAR(200);   
    P_APPR_LINE_TYPE   VARCHAR(200);   
    P_APPR_SECURITY_TYPE       VARCHAR(200); 
    P_APPR_TITLE               VARCHAR(1000); 
    P_REQ_BIZ_FG       VARCHAR(200); 
    P_REQ_REMARK       VARCHAR(1000); 
    P_CSR_NO       VARCHAR(20); 
    P_SEQ          VARCHAR(10); 
    P_APPR_GUBUN VARCHAR(100);
    P_TEST_ID  VARCHAR(100); 
    P_BIZ_YEAR VARCHAR(100);
    P_QUAT     VARCHAR(100);
    V_APPR_GROUP_ID        VARCHAR(100);  
    V_REGISTER_NAME        VARCHAR(100);  
    V_APPR_GROUP_NAME      VARCHAR(100);  
    V_REGISTER_JOB_TITLE      VARCHAR(100); 
    GV_PORTAL_ID          VARCHAR(27);
    GV_SYSTEM_ID          VARCHAR(27);
    GV_FORM_ID            VARCHAR(27);
    GV_APPR_LINK_SYS_NAME VARCHAR(100);
    GV_APPR_LINK_TYPE     NUMERIC(10);
BEGIN
    V_APPR_LINK_SEQ := NULL;
    GV_PORTAL_ID := 'P000001';
    GV_SYSTEM_ID := 'S000001';
    GV_FORM_ID := '110000003424';
    GV_APPR_LINK_SYS_NAME := 'ITM';
    GV_APPR_LINK_TYPE := 1;
    
    P_REGISTER_ID  := #{usrId};
    P_APPR_TYPE    := '1';
    P_REGISTER_MESSAGE := #{registerMessage};
    P_IS_HIDDEN := '';
    P_APPR_LINE_TYPE := '0';
    P_APPR_TITLE :=  #{apprTitle};
    P_REQ_BIZ_FG := '00';
    P_REQ_REMARK := '';
    P_CSR_NO   := #{csrNo};
    P_SEQ      := #{seq};
    P_APPR_SECURITY_TYPE := '0';
    P_APPR_GUBUN := #{aprvGbn};
    P_TEST_ID  := #{testId} ;
    P_BIZ_YEAR := #{bizYear};
    P_QUAT     := #{quat};
    
    -- 1.HRMLINK 연동결재번호 채번
    SELECT nextval('eportal.sq_link001') INTO V_APPR_LINK_SEQ;
    -- 2.EP결재번호 채번
    V_APPR_ID := #{apprId}; 
    -- 3. 보존연한 조회 
    SELECT APPR_PERIOD_CD INTO V_APPR_PERIOD_CD FROM IKEP4_APPR_FORM WHERE FORM_ID = GV_FORM_ID;
    -- 4.결재등록자정보조회 
    SELECT U.COMP_CD||U.ORG_CD AS APPR_GROUP_ID
         , U.USER_NAME
         , U.TEAM_NAME
         , COALESCE((SELECT JOB_DUTY_NAME  FROM IKEP4_EV_JOB_DUTY  X WHERE X.JOB_DUTY_CODE  = U.JOB_DUTY_CODE  AND X.PORTAL_ID = U.PORTAL_ID AND X.COMP_CD = U.COMP_CD)
             , (SELECT JOB_TITLE_NAME FROM IKEP4_EV_JOB_TITLE X WHERE X.JOB_TITLE_CODE = U.JOB_TITLE_CODE AND X.PORTAL_ID = U.PORTAL_ID AND X.COMP_CD = U.COMP_CD)) AS REGISTER_JOB_TITLE
      INTO V_APPR_GROUP_ID
         , V_REGISTER_NAME
         , V_APPR_GROUP_NAME
         , V_REGISTER_JOB_TITLE
      FROM IKEP4_EV_USER U
     WHERE U.USER_ID = P_REGISTER_ID;
     
    -- 5.EP결재문서테이블 등록(IKEP4_APPR_DOC)
    INSERT INTO IKEP4_APPR_DOC (
        APPR_ID           , FORM_ID        , PARENT_APPR_ID        , APPR_GROUP_ID        , APPR_DOC_TYPE        , APPR_DOC_NO
      , APPR_TITLE        , APPR_REQ_DATE  , APPR_PERIOD_CD        , APPR_DOC_CD          , APPR_SECURITY_TYPE   , APPR_DOC_STATUS
      , APPR_END_DATE     , IS_APPR_RECEIVE, APPR_LINE_TYPE        , REGISTER_ID          , REGISTER_NAME        , REGIST_DATE
      , UPDATER_ID        , UPDATER_NAME   , UPDATE_DATE           , IS_HIDDEN            , APPR_GROUP_NAME      , REGISTER_JOB_TITLE
      , REGISTER_MESSAGE  , PORTAL_ID      , SYSTEM_ID             , APPROVER_ID          , APPR_TYPE            , APPR_LINK_TYPE
      , APPR_LINK_SEQ     , OLD_APPR_ID    , APPR_LINK_SYS_NAME
    ) VALUES (
        V_APPR_ID         , GV_FORM_ID     , NULL                  , V_APPR_GROUP_ID      , 0                    , NULL
      , REPLACE(P_APPR_TITLE, '''',  '&&#39;'), CURRENT_TIMESTAMP, V_APPR_PERIOD_CD, NULL           , P_APPR_SECURITY_TYPE , 1
      , NULL              , 0              , COALESCE(P_APPR_LINE_TYPE::integer, 0)      , P_REGISTER_ID        , V_REGISTER_NAME      , CURRENT_TIMESTAMP
      , P_REGISTER_ID     , V_REGISTER_NAME, CURRENT_TIMESTAMP               , COALESCE(P_IS_HIDDEN::integer, 0)          , V_APPR_GROUP_NAME    , V_REGISTER_JOB_TITLE
      , P_REGISTER_MESSAGE, GV_PORTAL_ID   , GV_SYSTEM_ID          , NULL                 , P_APPR_TYPE          , GV_APPR_LINK_TYPE
      , V_APPR_LINK_SEQ   , NULL           , GV_APPR_LINK_SYS_NAME
    );

    RAISE NOTICE 'GV_APPR_LINK_SYS_NAME : %', GV_APPR_LINK_SYS_NAME;
    RAISE NOTICE 'V_APPR_LINK_SEQ : %', V_APPR_LINK_SEQ;
    
    -- 7. HRMLINK 연동결재 마스터 등록(TB_LINK001) 
    INSERT INTO HRMLINK.TB_LINK001 (
        REQ_SYS, REQ_SEQ, REQ_SYS_FG, PROC_DATE, STATUS, REQ_EMPNO, REQ_DATE, REMARK
    ) VALUES (
        GV_APPR_LINK_SYS_NAME, V_APPR_LINK_SEQ, P_REQ_BIZ_FG, TO_CHAR(CURRENT_TIMESTAMP, 'YYYYMMDD'), '10', P_REGISTER_ID, CURRENT_TIMESTAMP, P_REQ_REMARK
    );
END
$$ LANGUAGE plpgsql;
 	]]>	      
	</update>

<!-- 결재시 파일정보 조회 -->
<insert id="csrReqMgtDao.insertCsrRegMgtVpnSystem">
	    <![CDATA[ 
	    ${queryId}
			INSERT 
			  INTO TB_ITR018
		         ( CSR_NO
			     , SEQ
			     , REQ_ORD
			     , BIZ_TYPE
			     , CORP_CD
			     , ORGN_CD
			     , VPN_ST_DT
			     , VPN_ED_DT
			     , VPN_USR_ID
			     , VPN_GROUP_ID
			     , RGTER_ID
			     , RGT_DATE
			     , MODER_ID
			     , MOD_DATE
			     )
			VALUES
			     (
			       #{csrNo}
			     , #{seq}
			     , #{no}
			     , #{bizType}
			     , #{compCd}
			     , #{deptCd}
			     , #{vpnStDt}
			     , #{vpnEdDt}     
			     , #{vpnUsrId}
			     , #{usrAuthGrpCd}
			     , #{usrId}
			     , CURRENT_TIMESTAMP
			     , #{usrId}
			     , CURRENT_TIMESTAMP
			     ) 
	    ]]>
    </insert>

</mapper>
