<?xml version="1.0" encoding="UTF-8"?>
<!DOCTYPE mapper   PUBLIC "-//mybatis.org//DTD Mapper 3.0//EN" "http://mybatis.org/dtd/mybatis-3-mapper.dtd">

<mapper namespace="csrSearchDao"> 
 <resultMap id="clobMap" type="ohMap" >
	<result property="reqDt"                       column="REQ_DT"              jdbcType="VARCHAR" javaType="java.lang.String"/>
	<result property="statCd"                      column="STAT_CD"             jdbcType="VARCHAR" javaType="java.lang.String"/>
	<result property="currStatCdNm"                column="CURR_STAT_CD_NM"     jdbcType="VARCHAR" javaType="java.lang.String"/>
	<result property="statCdNm"                    column="STAT_CD_NM"          jdbcType="VARCHAR" javaType="java.lang.String"/>
	<result property="recvTypeCdNm"                column="RECV_TYPE_CD_NM"     jdbcType="VARCHAR" javaType="java.lang.String"/>
	<result property="bizSysCd"                    column="BIZ_SYS_CD"          jdbcType="VARCHAR" javaType="java.lang.String"/>
	<result property="bizType"                     column="BIZ_TYPE"            jdbcType="VARCHAR" javaType="java.lang.String"/>
	<result property="bizTypeNm"                   column="BIZ_TYPE_NM"         jdbcType="VARCHAR" javaType="java.lang.String"/>
	<result property="currMaxLvl"                  column="CURR_MAX_LVL"        jdbcType="VARCHAR" javaType="java.lang.String"/>
	<result property="curSumWorkHour"              column="CUR_SUM_WORK_HOUR"   jdbcType="VARCHAR" javaType="java.lang.String"/>
	<result property="rspberAEmpnoNm"              column="RSPBER_A_EMPNO_NM"   jdbcType="VARCHAR" javaType="java.lang.String"/>
	<result property="rspberATelno"                column="RSPBER_A_TELNO"      jdbcType="VARCHAR" javaType="java.lang.String"/>
	<result property="reqEmpnoDeptnm"              column="REQ_EMPNO_DEPTNM"    jdbcType="VARCHAR" javaType="java.lang.String"/>
	<result property="reqEmpnoNm"                  column="REQ_EMPNO_NM"        jdbcType="VARCHAR" javaType="java.lang.String"/>
	<result property="rspberEmpnoDeptnm"           column="RSPBER_EMPNO_DEPTNM" jdbcType="VARCHAR" javaType="java.lang.String"/>
	<result property="rspberEmpnoNm"               column="RSPBER_EMPNO_NM"     jdbcType="VARCHAR" javaType="java.lang.String"/>
	<result property="rspberEmpnoTelno"            column="RSPBER_EMPNO_TELNO"  jdbcType="VARCHAR" javaType="java.lang.String"/>
	<result property="title"                       column="TITLE"               jdbcType="VARCHAR" javaType="java.lang.String"/>
	<result property="workStDate"                  column="WORK_ST_DATE"        jdbcType="VARCHAR" javaType="java.lang.String"/>
	<result property="delivrDate"                  column="DELIVR_DATE"         jdbcType="VARCHAR" javaType="java.lang.String"/>
	<result property="complteDate"                 column="COMPLTE_DATE"        jdbcType="VARCHAR" javaType="java.lang.String"/>
	<result property="corpCd"                      column="CORP_CD"             jdbcType="VARCHAR" javaType="java.lang.String"/>
	<result property="csrNo"                       column="CSR_NO"              jdbcType="VARCHAR" javaType="java.lang.String"/>
	<result property="seq"                         column="SEQ"                 jdbcType="VARCHAR" javaType="java.lang.String"/>
	<result property="approveStatus"               column="APPROVE_STATUS"      jdbcType="VARCHAR" javaType="java.lang.String"/>
	<result property="apprBtnYn"                   column="APPR_BTN_YN"         jdbcType="VARCHAR" javaType="java.lang.String"/>
	<result property="mailBtnYn"                   column="MAIL_BTN_YN"         jdbcType="VARCHAR" javaType="java.lang.String"/>
	<result property="reqCont"                     column="REQ_CONT"            jdbcType="CLOB"    javaType="java.lang.String"/>
	<result property="atchFileId"                  column="ATCH_FILE_ID"        jdbcType="VARCHAR" javaType="java.lang.String"/>
	<result property="reqEmpInfo"                  column="REQ_EMP_INFO"        jdbcType="VARCHAR" javaType="java.lang.String"/>
	<result property="rspberEmpnoInfo"             column="RSPBER_EMPNO_INFO"   jdbcType="VARCHAR" javaType="java.lang.String"/>
</resultMap>
    <select id="csrSearchDao.retrieveCsrSearch" resultMap="clobMap">		
 	<![CDATA[
 		${queryId}
        WITH PARAM AS (
              SELECT #{empno}  S_EMPNO FROM DUAL
        )
        SELECT TO_CHAR( A.REQ_DT , 'YYYYMMDD') REQ_DT
             , A.STAT_CD
             , CASE WHEN A.STAT_CD IN ('100' )             THEN '접수대기'
                    WHEN A.STAT_CD IN ('200', '250', '330', '500', '550' )                    THEN '접수중'
                    WHEN A.STAT_CD IN ('700' )  THEN '처리중'
                    WHEN A.STAT_CD IN ('900' )                    THEN '처리완료'
                    WHEN A.STAT_CD IN ('600', '650', '750' )                    THEN '반려/부결' END CURR_STAT_CD_NM
             , (SELECT S.COM_CD_NM
                  FROM TB_COM001 S
                 WHERE S.GRP_CD = 'STAT_CD'
                   AND S.COM_CD = A.STAT_CD
                   AND ROWNUM   = 1 )                                          STAT_CD_NM
             , (SELECT S.COM_CD_NM
                  FROM TB_COM001 S
                 WHERE S.GRP_CD = 'RECV_TYPE_CD'
                   AND S.COM_CD = A.RECV_TYPE_CD
                   AND ROWNUM   = 1 )                                          RECV_TYPE_CD_NM
             , A.BIZ_SYS_CD
             , (SELECT S.COM_CD_NM  FROM TB_COM001 S WHERE S.GRP_CD IN ('SYS_CD') AND S.COM_CD = A.BIZ_SYS_CD ) BIZ_SYS_NM             
             , A.BIZ_TYPE
             , (SELECT S.COM_CD_NM  FROM TB_COM001 S WHERE S.GRP_CD IN ('CSR_BIZ_TYPE','BIZ_TYPE_SUB') AND S.COM_CD = A.BIZ_TYPE ) BIZ_TYPE_NM
             , (SELECT MAX( S2.COM_CD_NM )
                  FROM TB_COM001 S2
                 WHERE (  S2.SORT_SEQC ) = (SELECT MAX(C.SORT_SEQC )
                                              FROM TB_ITR007 S
                                                 , TB_COM001 C
                                             WHERE S.WORK_LEVEL = C.COM_CD
                                               AND C.GRP_CD = 'CSR_BIZ_LVL'
                                               AND S.CSR_NO = A.CSR_NO
                                               AND S.SEQ    = A.SEQ
                                           )
                   AND S2.GRP_CD = 'CSR_BIZ_LVL'
               ) CURR_MAX_LVL
             , (SELECT SUM(S.EXEC_WORKHOUR) FROM TB_ITR007 S WHERE S.CSR_NO = A.CSR_NO AND S.SEQ = A.SEQ ) CUR_SUM_WORK_HOUR --작업진행시간
             , (SELECT S1.USR_NM
                  FROM TB_ITR010 S
                     , TB_USR001 S1
                 WHERE S.SYS_CD = A.BIZ_SYS_CD
                   AND S.RSPBER_A_EMPNO = S1.EMPNO
                   AND ROWNUM=1) RSPBER_A_EMPNO_NM
             , (SELECT S.RSPBER_A_TELNO
                  FROM TB_ITR010 S
                 WHERE S.SYS_CD = A.BIZ_SYS_CD
                   AND ROWNUM=1) RSPBER_A_TELNO
             , (SELECT S.ORGN_NM  FROM  TB_USR001 S WHERE S.EMPNO = A.REQ_EMPNO    AND ROWNUM =1 ) REQ_EMPNO_DEPTNM
             , (SELECT S.USR_NM   FROM  TB_USR001 S WHERE S.EMPNO = A.REQ_EMPNO    AND ROWNUM =1 ) REQ_EMPNO_NM
             , (SELECT S.ORGN_NM  FROM  TB_USR001 S WHERE S.EMPNO = A.RSPBER_EMPNO AND ROWNUM =1 ) RSPBER_EMPNO_DEPTNM
             , (SELECT S.USR_NM   FROM  TB_USR001 S WHERE S.EMPNO = A.RSPBER_EMPNO AND ROWNUM =1 ) RSPBER_EMPNO_NM
             , (SELECT S.CO_TELNO FROM  TB_USR001 S WHERE S.EMPNO = A.RSPBER_EMPNO AND ROWNUM =1 ) RSPBER_EMPNO_TELNO
             , A.TITLE
             , TO_CHAR( A.WORK_ST_DATE , 'YYYYMMDD') WORK_ST_DATE
             , TO_CHAR( A.DELIVR_DATE , 'YYYYMMDD') DELIVR_DATE
             , TO_CHAR( A.COMPLTE_DATE , 'YYYYMMDD') COMPLTE_DATE
             , TO_CHAR( A.WORK_ST_DATE , 'YYYY-MM-DD') WORK_ST_DATE_NM
             , TO_CHAR( A.DELIVR_DATE , 'YYYY-MM-DD') DELIVR_DATE_NM
             , TO_CHAR( A.COMPLTE_DATE , 'YYYY-MM-DD') COMPLTE_DATE_NM
             , A.CORP_CD
             , A.CSR_NO
             , A.SEQ
             , ( SELECT S.STATUS FROM  HRMLINK.TB_LINK001@LN_OHEP_APPR_INF S WHERE REQ_SEQ = A.APPROVE_KEY ) APPROVE_STATUS
             , ( CASE WHEN A.STAT_CD = 500 THEN CASE WHEN A.REQ_EMPNO = #{empno} THEN 'Y'
                                                     ELSE 'N'
                                                END
                      ELSE 'N' 
                 END )                                                      AS APPR_BTN_YN
             , ( CASE WHEN A.STAT_CD = 500 AND #{empno} IN ( /* CSR의 시스템관리자*/
                                                             SELECT Y.RSPBER_A_EMPNO
                                                               FROM TB_ITR010 Y
                                                              WHERE Y.SYS_CD = A.BIZ_SYS_CD ) THEN 'Y' 
                      ELSE 'N' 
                 END)                                                                  AS MAIL_BTN_YN
             , ( CASE WHEN A.STAT_CD IN ('200', '250', '330', '500', '700') 
             		   AND #{empno} IN ( /* CSR의 시스템관리자*/
											SELECT RSPBER_EMPNO
											  FROM TB_ITR001
											 WHERE 1=1
											   AND CSR_NO = A.CSR_NO
											   AND SEQ    = A.SEQ
                                         )THEN 'Y'
                      ELSE 'N'
                  END)                                                                 AS CSR_CLS_BTN_YN                 
             , CASE WHEN A.STAT_CD = '200' THEN A.ADD_REQ_CONT  ELSE  A.REQ_CONT  END  REQ_CONT
             , A.ATCH_FILE_ID
             , CASE WHEN A.REQ_EMPNO IS NOT NULL THEN FC_GET_EMPNO_TO_DEPT(A.REQ_EMPNO, 'N' /*N:부서명, C:부서코드*/)
                                                    ||'/'||A.REQ_EMPNO
                                                      ||'/'||(SELECT S.USR_NM FROM  TB_USR001 S WHERE S.EMPNO = A.REQ_EMPNO AND ROWNUM =1 )
                    ELSE ''
               END REQ_EMP_INFO
             , CASE WHEN A.RSPBER_EMPNO IS NOT NULL THEN FC_GET_EMPNO_TO_DEPT(A.RSPBER_EMPNO, 'N' /*N:부서명, C:부서코드*/)
                                                    ||'/'||A.RSPBER_EMPNO
                                                      ||'/'||(SELECT S.USR_NM FROM  TB_USR001 S WHERE S.EMPNO = A.RSPBER_EMPNO AND ROWNUM =1 )
                    ELSE ''
               END RSPBER_EMPNO_INFO
             ,(SELECT USR_NM FROM TB_ITR001 X ,TB_USR001 Y  WHERE  A.CSR_NO=X.CSR_NO AND X.RECV_TYPE_CD IN ( '330', '340') AND Y.EMPNO = X.CHECK_RSPBER_EMPNO ) CHECK_RSPBER_EMPNM  
             ,(SELECT FN_CODENM('STAT_CD',RECV_TYPE_CD) FROM TB_ITR001 X  WHERE  A.CSR_NO=X.CSR_NO AND X.RECV_TYPE_CD IN ( '330', '340')  ) CHECK_RECV_TYPE_CD 
          FROM TB_ITR001 A
             , PARAM P
         WHERE 1=1
           AND A.SEQ = (SELECT MAX(S.SEQ ) FROM  TB_ITR001 S WHERE S.CSR_NO = A.CSR_NO AND S.MAIN_SEQ = 0 )
           AND A.STAT_CD <> '150'
    ]]>
        <if test="seq != null and seq  !=''">
           AND A.SEQ     = #{seq}
        </if>
        <if test="reqDtSt !='' and reqDtEd !='' ">
           AND A.REQ_DT BETWEEN  TO_DATE(  #{reqDtSt} ||'000000', 'YYYYMMDDHH24MISS')  AND  TO_DATE(  #{reqDtEd} ||'235959', 'YYYYMMDDHH24MISS')
        </if>
		<if test="csrNo !='' and csrNo !='' ">
           AND UPPER(A.CSR_NO) LIKE UPPER(#{csrNo}) || '%'
        </if>
        <if test="statCd != null and statCd  !=''">
           AND A.STAT_CD     = #{statCd}
        </if>
        <if test="reqEmpno != null and reqEmpno  !=''">
           AND A.REQ_EMPNO     = #{reqEmpno}
        </if>
        <if test="sysCd != null and sysCd  !=''"> 
        <if test="csrNo == null or csrNo =='' ">
             AND ((A.BIZ_SYS_CD     = #{sysCd} OR ( EXISTS ( SELECT 1
                                                            FROM  TB_ITR017 X
                                                            WHERE A.CSR_NO = X.CSR_NO
                                                            AND X. BIZ_SYS_CD = #{sysCd}
                                                           )
                                                   ) -- 권한요청인 경우 해당 업무시스템이 포함된 요청건을 조회한다
                   )
              <if test="csrAuth == 'true'">
                OR 
                ((EXISTS (SELECT 1 FROM TB_ITR017 WHERE CSR_NO = A.CSR_NO AND BIZ_SYS_CD IN (SELECT * FROM TABLE(FN_TB_SYSCD(P.S_EMPNO,'2','N'))
                                                                                              WHERE 1=1
                                                                                              AND SPLIT_VALUE = #{sysCd}
                                                                                            )
                          )
                  ) AND A.BIZ_TYPE = 'BT1180')                
              </if>
               )
        </if>
        </if>
        <if test="csrBizType != null and csrBizType  !=''">
           AND A.BIZ_TYPE     = #{csrBizType}
        </if>
        <if test="rspberEmpno != null and rspberEmpno  !=''">
           AND A.RSPBER_EMPNO     = #{rspberEmpno}
        </if>
        <if test="btnGbn != null and btnGbn  !=''">
           AND A.STAT_CD IN ${arrBtnGbn}
        </if>
        <if test="sysCd == null or sysCd  ==''"> 
          <if test="csrNo == null or csrNo == '' ">
          <if test="empno != null and empno !=''">
             AND ((EXISTS (SELECT 1 FROM TABLE(FN_TB_SYSCD(P.S_EMPNO,'4','Y')) WHERE SPLIT_VALUE = A.BIZ_SYS_CD)) 
                   OR (A.REQ_EMPNO  = NVL( P.S_EMPNO, A.REQ_EMPNO))
            <if test="csrAuth == 'true'">
		          OR ((EXISTS (SELECT 1 FROM TB_ITR017 WHERE CSR_NO = A.CSR_NO AND BIZ_SYS_CD IN (SELECT * FROM TABLE(FN_TB_SYSCD(P.S_EMPNO,'2','N'))))) AND A.BIZ_TYPE = 'BT1180')
  		    </if> 
  		    </if>               
           
               )
               </if> 
        </if>
    <![CDATA[
        ORDER BY A.REQ_DT DESC
             , CASE WHEN A.STAT_CD IN ('100' )             THEN 1
                    WHEN A.STAT_CD IN ('200', '250', '330', '500', '550' )                    THEN 2
                    WHEN A.STAT_CD IN ('700' )  THEN 3
                    WHEN A.STAT_CD IN ('900' )                    THEN 4
                    WHEN A.STAT_CD IN ('600', '650', '750' )      THEN 5
                    ELSE 9
                END                 
    ]]>
    </select>
    
    
	<select id="csrSearchDao.retrieveCsrSummary" resultType="ohMap">		
 	<![CDATA[
 		${queryId} 
        WITH PARAM AS (
              SELECT #{empno}  S_EMPNO FROM DUAL
        ) 
		SELECT
		      NVL(SUM ( CASE WHEN A.STAT_CD IN ('100') THEN 1 ELSE 0 END  ),0) RCV_HOLD
		,     NVL(SUM ( CASE WHEN A.STAT_CD IN ('200', '250', '330', '500', '550' )  THEN 1 ELSE 0 END  ),0) RCV_ING
		,     NVL(SUM ( CASE WHEN A.STAT_CD IN ('700' ) THEN 1 ELSE 0 END  ),0) JOB_ING -- 처리중
		,     NVL(SUM ( CASE WHEN A.STAT_CD IN ('900' ) THEN 1 ELSE 0 END  ),0) JOB_COMP -- 처리완료
		,     NVL(SUM ( CASE WHEN A.STAT_CD IN ('600', '650', '750' ) THEN 1 ELSE 0 END  ),0) APPR_REJ -- 반려/부결
 		FROM (
				SELECT A.STAT_CD
				FROM   TB_ITR001 A , PARAM P
				WHERE  1=1  
		        AND    A.SEQ = (SELECT MAX(S.SEQ ) FROM  TB_ITR001 S WHERE S.CSR_NO = A.CSR_NO AND S.MAIN_SEQ = 0 )
	]]>	
				<if test="seq != null and seq  !=''">
				AND    A.SEQ     = #{seq}
				</if>
				<if test="reqDtSt !='' and reqDtEd !='' ">
                 AND    A.REQ_DT BETWEEN  TO_DATE(  #{reqDtSt} ||'000000', 'YYYYMMDDHH24MISS')  AND  TO_DATE(  #{reqDtEd} ||'235959', 'YYYYMMDDHH24MISS')   
				</if>
				<if test="csrNo !='' and csrNo !='' ">
				AND UPPER(A.CSR_NO) LIKE UPPER(#{csrNo}) || '%'
				</if>
				<if test="statCd != null and statCd  !=''">
				AND    A.STAT_CD     = #{statCd}
				</if>
				<if test="reqEmpno != null and reqEmpno  !=''">
				AND    A.REQ_EMPNO     = #{reqEmpno}
				</if>
                <if test="sysCd != null and sysCd  !=''">
                   AND ((A.BIZ_SYS_CD     = #{sysCd})
                      <if test="csrAuth == 'true'">
                         OR 
                        ((EXISTS (SELECT 1 FROM TB_ITR017 WHERE CSR_NO = A.CSR_NO AND BIZ_SYS_CD IN (SELECT * FROM TABLE(FN_TB_SYSCD(P.S_EMPNO,'2','N'))
                                                                                                      WHERE 1=1
                                                                                                        AND SPLIT_VALUE = #{sysCd}
                                                                                                    )
                                  )
                          ) AND A.BIZ_TYPE = 'BT1180')                
                      </if>
                       )
                </if>
				<if test="csrBizType != null and csrBizType  !=''">
				AND    A.BIZ_TYPE     = #{csrBizType}
				</if>
				<if test="rspberEmpno != null and rspberEmpno  !=''">
				AND    A.RSPBER_EMPNO     = #{rspberEmpno}
				</if>
                <if test="sysCd == null or sysCd  ==''"> 
                  <if test="empno != null and empno !=''">
                     AND ((EXISTS (SELECT 1 FROM TABLE(FN_TB_SYSCD(P.S_EMPNO,'4','Y')) WHERE SPLIT_VALUE = A.BIZ_SYS_CD)) 
                       OR (A.REQ_EMPNO  = NVL( P.S_EMPNO, A.REQ_EMPNO))
                    <if test="csrAuth == 'true'">
		                  OR ((EXISTS (SELECT 1 FROM TB_ITR017 WHERE CSR_NO = A.CSR_NO AND BIZ_SYS_CD IN (SELECT * FROM TABLE(FN_TB_SYSCD(P.S_EMPNO,'2','N'))))) AND A.BIZ_TYPE = 'BT1180')
                    </if>                
                         )
                  </if>
                </if>  
         ) A
	</select> 

	<select id="csrSearchDao.retrieveSystemSearch" resultType="ohMap">		
 	 <![CDATA[
 		${queryId}
        SELECT CSR_NO
             , SEQ
             , BIZ_SYS_CD
             , BIZ_SYS_CD_NM
             , STAT_CD
             , NVL((SELECT Z.ETC_CHAR_VAL_01 FROM TB_COM001 Z WHERE 1=1 AND Z.GRP_CD = 'SYS_CD' AND Z.COM_CD = BIZ_SYS_CD), 'N') AS AUTHLINE_EDIT_YN
             , EMPNO
          FROM (
                SELECT B.CSR_NO
                     , B.SEQ
                     , B.BIZ_SYS_CD
                     , (SELECT C.COM_CD_NM FROM TB_ITR010 A, TB_COM001 C WHERE  1=1 AND C.GRP_CD ='SYS_CD' AND A.SYS_CD = C.COM_CD AND A.BIZ_CLSF_CD = B.BIZ_CLSF_CD AND A.SYS_CD = B.BIZ_SYS_CD)  BIZ_SYS_CD_NM            /* 업무시스템코드명 */
                     , A.STAT_CD
                     , ''	EMPNO
                  FROM TB_ITR001 A
                     , TB_ITR017 B
                 WHERE 1=1
                   AND B.CORP_CD = A.CORP_CD
                   AND B.CSR_NO  = A.CSR_NO
                   AND B.SEQ     = A.SEQ
                   AND A.CSR_NO  = #{csrNo}
                   AND A.SEQ     = #{seq}
                   AND 'BT1180' = #{bizType}
                 UNION ALL
                SELECT A.CSR_NO
                     , A.SEQ
                     , A.BIZ_SYS_CD
                     , (SELECT C.COM_CD_NM FROM TB_COM001 C WHERE  1=1 AND C.GRP_CD ='SYS_CD' AND C.COM_CD = A.BIZ_SYS_CD)  BIZ_SYS_CD_NM            /* 업무시스템코드명 */
                     , A.STAT_CD
                     , A.RSPBER_EMPNO
                  FROM TB_ITR001 A
                 WHERE 1=1
                   AND A.CSR_NO  = #{csrNo}
                   AND A.SEQ     = #{seq}
               )
         WHERE 1=1
         GROUP BY CSR_NO
                , SEQ
                , BIZ_SYS_CD
                , BIZ_SYS_CD_NM
                , STAT_CD
                , EMPNO
		]]>
	</select> 		
	<select id="csrSearchDao.retrieveVpnSearch" resultType="ohMap">		
 	 <![CDATA[
 		${queryId}
        SELECT A.REQ_ORD                                                 AS "NO"
		     , A.CSR_NO
		     , A.SEQ
		     , A.CORP_CD												  AS "COMP_CD"									
		     , A.VPN_GROUP_ID											  AS "USR_AUTH_GRP_CD"
		     , (SELECT VPN_GROUP_NM FROM EPORTAL.TB_COMM_VPN_GROUPS@LN_OHEP_APPR_INF WHERE USE_YN = 'Y' AND VPN_GROUP = A.VPN_GROUP_ID) AS "USR_AUTH_GRP_NM"
		     , A.VPN_USR_ID                                
		     , B.USER_NAME                                                AS "VPN_USR_NM"
		     , A.VPN_ST_DT
		     , A.VPN_ED_DT
		     , A.ORGN_CD                                                  AS "DEPT_CD"
		     , NVL(FC_GET_EMPNO_TO_DEPT(A.VPN_USR_ID, 'N' ), B.TEAM_NAME)   AS "DEPT_NM"  -- 협력사의 경우 부서정보 없어 그룹웨어기준으로 조회되도록 수정 2024.09.19 yjh
		  FROM TB_ITR018 A
		     , IKEP4_EV_USER B
		 WHERE 1=1
		   AND A.CORP_CD = B.COMP_CD           (+)
		   AND A.VPN_USR_ID = B.USER_ID        (+)  
		   AND A.CSR_NO  = #{csrNo} 
		]]>	 
		<if test="seq != null and seq !=''">
		   AND A.SEQ   = #{seq}
		</if> 
 		<![CDATA[
        ORDER BY A.REQ_ORD
		]]>	
	</select> 			
	
	<select id="csrSearchDao.retrieveViewVpnListSearch" resultMap="clobMap">		
 		<![CDATA[
 		${queryId}
        SELECT A.CORP_CD               /* 법인코드-아워홈:1000, 사보텐:2000 */
             , A.CSR_NO                /* 권한요청번호 */
             , MAX(A.SEQ) AS SEQ       /* 요청순번 */
             , NVL(B.BIZ_SYS_CD, A.BIZ_SYS_CD)  AS BIZ_SYS_CD /* 업무시스템코드 */
             , (SELECT S.COM_CD_NM FROM TB_COM001 S WHERE  1=1 AND S.GRP_CD ='SYS_CD' AND S.COM_CD = NVL(B.BIZ_SYS_CD, A.BIZ_SYS_CD)) AS BIZ_SYS_CD_NM            /* 업무시스템코드명 */
             , A.BIZ_TYPE              /* 업무유형 */
             , NVL(B.BIZ_CLSF_CD, A.BIZ_CLSF_CD) AS BIZ_CLSF_CD           /* 분류 */
             , NVL(B.BIZ_SYS_ORD, '1') AS BIZ_SYS_ORD           /* 업무시스템코드순서 */
             , NVL((SELECT Z.ETC_CHAR_VAL_01 FROM TB_COM001 Z WHERE 1=1 AND Z.GRP_CD = 'SYS_CD' AND Z.COM_CD = NVL(B.BIZ_SYS_CD, A.BIZ_SYS_CD)), 'N') AS AUTHLINE_EDIT_YN 
          FROM TB_ITR001 A
             , TB_ITR017 B
         WHERE 1=1
           AND B.CORP_CD(+) = A.CORP_CD
           AND B.CSR_NO(+)  = A.CSR_NO
           AND B.SEQ(+)     = A.SEQ
           AND A.CSR_NO     = #{csrNo}
           AND A.SEQ        = #{seq}
         GROUP BY A.CORP_CD
             , A.CSR_NO
             , B.BIZ_SYS_CD
             , A.BIZ_TYPE
             , B.BIZ_CLSF_CD
             , B.BIZ_SYS_ORD
             , A.BIZ_SYS_CD
             , A.BIZ_CLSF_CD
         ORDER BY B.BIZ_SYS_ORD
		]]>	
	</select>
	
	<select id="csrSearchDao.saveCsrCancel" statementType="CALLABLE" parameterType="ohMap">
    	{ call ITSM_APP.PR_CSR_APPROVE_BATCH
			(
                  #{aprvGbn,mode=IN,jdbcType=VARCHAR}
			    , #{csrNo,mode=IN,jdbcType=DATE}
			    , #{seq,mode=IN,jdbcType=VARCHAR}
			    , #{intfaceid,mode=IN,jdbcType=VARCHAR}
			    , #{empno,mode=IN,jdbcType=VARCHAR}
			    , #{testId,mode=IN,jdbcType=VARCHAR}
			)
 		}	
	</select>
		  
</mapper>
