<?xml version="1.0" encoding="UTF-8"?>
<!DOCTYPE mapper   PUBLIC "-//mybatis.org//DTD Mapper 3.0//EN" "http://mybatis.org/dtd/mybatis-3-mapper.dtd">
<mapper namespace="csrSystemOprtnPrstsDao">


<!-- 2025-06-18 Amazon Q Developer : Converted CLOB to TEXT for PostgreSQL compatibility -->
<resultMap id="clobMap" type="ohMap" >
	<result property="regYm"               column="REG_YM"                 jdbcType="VARCHAR"    javaType="java.lang.String"/>
	<result property="atchFileId"          column="ATCH_FILE_ID"           jdbcType="VARCHAR"    javaType="java.lang.String"/>
	<result property="statCd"              column="STAT_CD"                jdbcType="VARCHAR"    javaType="java.lang.String"/>
	<result property="approveKey"          column="APPROVE_KEY"            jdbcType="VARCHAR"    javaType="java.lang.String"/>
	<result property="obsId"               column="OBS_ID"                 jdbcType="VARCHAR"    javaType="java.lang.String"/>
	<result property="bizDt"               column="BIZ_DT"                 jdbcType="VARCHAR"    javaType="java.lang.String"/>
	<result property="bizSysCd"            column="BIZ_SYS_CD"             jdbcType="VARCHAR"    javaType="java.lang.String"/>
	<result property="bizSysCdNm"          column="BIZ_SYS_CD_NM"          jdbcType="VARCHAR"    javaType="java.lang.String"/>
	<result property="sysRspberEmpno"      column="SYS_RSPBER_EMPNO"       jdbcType="VARCHAR"    javaType="java.lang.String"/>
	<result property="sysRspberEmpnoNm"    column="SYS_RSPBER_EMPNO_NM"    jdbcType="VARCHAR"    javaType="java.lang.String"/>
	<result property="obsPrcsEmpno"        column="OBS_PRCS_EMPNO"         jdbcType="VARCHAR"    javaType="java.lang.String"/>
	<result property="obsPrcsEmpnoNm"      column="OBS_PRCS_EMPNO_NM"      jdbcType="VARCHAR"    javaType="java.lang.String"/>
	<result property="obsGrd"              column="OBS_GRD"                jdbcType="VARCHAR"    javaType="java.lang.String"/>
	<result property="obsYn"               column="OBS_YN"                 jdbcType="VARCHAR"    javaType="java.lang.String"/>
	<result property="obsTime"             column="OBS_TIME"               jdbcType="VARCHAR"    javaType="java.lang.String"/>
	<result property="obsMinute"           column="OBS_MINUTE"             jdbcType="VARCHAR"    javaType="java.lang.String"/>
	<result property="obsPhnmn"            column="OBS_PHNMN"              jdbcType="TEXT"       javaType="java.lang.String"/>
	<result property="obsCause"            column="OBS_CAUSE"              jdbcType="TEXT"       javaType="java.lang.String"/>
	<result property="actnCnts"            column="ACTN_CNTS"              jdbcType="TEXT"       javaType="java.lang.String"/>
	<result property="hraftCntmsr"         column="HRAFT_CNTMSR"           jdbcType="TEXT"       javaType="java.lang.String"/>
	<result property="prvtSltn"            column="PRVT_SLTN"              jdbcType="TEXT"       javaType="java.lang.String"/>
	<result property="completeYn"          column="COMPLETE_YN"            jdbcType="VARCHAR"    javaType="java.lang.String"/>
	<result property="backupYm"            column="BACKUP_YM"              jdbcType="VARCHAR"    javaType="java.lang.String"/>
	<result property="seq"                 column="SEQ"                    jdbcType="VARCHAR"    javaType="java.lang.String"/>
	<result property="backupObjSvr"        column="BACKUP_OBJ_SVR"         jdbcType="VARCHAR"    javaType="java.lang.String"/>
	<result property="backupSys"           column="BACKUP_SYS"             jdbcType="VARCHAR"    javaType="java.lang.String"/>
	<result property="backupSltn"          column="BACKUP_SLTN"            jdbcType="VARCHAR"    javaType="java.lang.String"/>
	<result property="backupMethd"         column="BACKUP_METHD"           jdbcType="VARCHAR"    javaType="java.lang.String"/>
	<result property="backupCapa"          column="BACKUP_CAPA"            jdbcType="VARCHAR"    javaType="java.lang.String"/>
	<result property="backupRslt"          column="BACKUP_RSLT"            jdbcType="VARCHAR"    javaType="java.lang.String"/>
	<result property="bizDt"               column="BIZ_DT"                 jdbcType="VARCHAR"    javaType="java.lang.String"/>
	<result property="batchJobNm"          column="BATCH_JOB_NM"           jdbcType="VARCHAR"    javaType="java.lang.String"/>
	<result property="regEmpno"            column="REG_EMPNO"              jdbcType="VARCHAR"    javaType="java.lang.String"/>
	<result property="regEmpnoNm"          column="REG_EMPNO_NM"           jdbcType="VARCHAR"    javaType="java.lang.String"/>
	<result property="errorStatCd"         column="ERROR_STAT_CD"          jdbcType="VARCHAR"    javaType="java.lang.String"/>
	<result property="comments"            column="COMMENTS"               jdbcType="TEXT"       javaType="java.lang.String"/>
	<result property="actnCnte"            column="ACTN_CNTE"              jdbcType="TEXT"       javaType="java.lang.String"/>
</resultMap>


<select id="csrSystemOprtnPrstsDao.retrieveCsrSystemOprtnPrsts" resultMap="clobMap">		
    <![CDATA[
        ${queryId}
        /* 시스템 운영현황 조회 */
        SELECT REG_YM
             , REQ_EMPNO
             , ATCH_FILE_ID
             , STAT_CD
             , APPROVE_KEY
          FROM TB_ITR058
         WHERE REG_YM = #{regYm}
		]]>
    </select>


<!-- 2025-06-18 Amazon Q Developer : Converted Oracle string concatenation (||) to PostgreSQL compatible syntax -->
<select id="csrSystemOprtnPrstsDao.retrieveCsrObsPrcsRsltRptg" resultMap="clobMap">		
    <![CDATA[
        ${queryId}
        /* 장애처리결과 조회 */
        SELECT A.OBS_ID                                                                                           AS OBS_ID
             , A.BIZ_DT                                                                                           AS BIZ_DT
             , A.BIZ_SYS_CD                                                                                       AS BIZ_SYS_CD
             , (SELECT Z.COM_CD_NM FROM TB_COM001 Z WHERE Z.GRP_CD = 'SYS_CD' AND Z.COM_CD = A.BIZ_SYS_CD)        AS BIZ_SYS_CD_NM
             , A.SYS_RSPBER_EMPNO                                                                                 AS SYS_RSPBER_EMPNO
             , CASE WHEN A.SYS_RSPBER_EMPNO IS NOT NULL THEN FC_GET_EMPNO_TO_DEPT(A.SYS_RSPBER_EMPNO, 'N')
                         ||'/'||A.SYS_RSPBER_EMPNO
                         ||'/'||( SELECT S.USR_NM FROM TB_USR001 S WHERE S.EMPNO = A.SYS_RSPBER_EMPNO)
                    ELSE ''
               END                                                                                                AS SYS_RSPBER_EMPNO_NM
             , A.OBS_PRCS_EMPNO                                                                                   AS OBS_PRCS_EMPNO
             , ( SELECT S.USR_NM FROM TB_USR001 S WHERE S.EMPNO = A.OBS_PRCS_EMPNO)                               AS OBS_PRCS_EMPNO_NM
             , A.OBS_GRD                                                                                          AS OBS_GRD
             , A.OBS_YN                                                                                           AS OBS_YN
             , A.OBS_TIME                                                                                         AS OBS_TIME
             , A.OBS_MINUTE                                                                                       AS OBS_MINUTE
             , A.OBS_PHNMN                                                                                        AS OBS_PHNMN
             , A.OBS_CAUSE                                                                                        AS OBS_CAUSE
             , A.ACTN_CNTS                                                                                        AS ACTN_CNTS
             , A.HRAFT_CNTMSR                                                                                     AS HRAFT_CNTMSR
             , A.PRVT_SLTN                                                                                        AS PRVT_SLTN
             , A.COMPLETE_YN                                                                                      AS COMPLETE_YN
          FROM TB_ITR056 A
         WHERE 1=1
           AND A.BIZ_DT LIKE #{regYm} || '%'
		]]>
    </select>


<select id="csrSystemOprtnPrstsDao.retrieveCsrMonthBackupRslt" resultMap="clobMap">		
    <![CDATA[
        ${queryId}
        /* 백업결과 조회 */
        SELECT A.BACKUP_YM             AS BACKUP_YM
             , A.SEQ                   AS SEQ
             , A.BACKUP_OBJ_SVR        AS BACKUP_OBJ_SVR
             , A.BACKUP_COUNT          AS BACKUP_COUNT
             , A.SUCCESS_COUNT         AS SUCCESS_COUNT
             , A.FAILED_COUNT          AS FAILED_COUNT
             , A.BACKUP_ACTN_ITMZ
          FROM TB_ITR057 A
         WHERE 1=1
           AND A.BACKUP_YM = #{regYm}
           AND A.BACKUP_RSLT_GBN_CD = 'RESULT_SUMMARY'
         ORDER BY A.BACKUP_YM, A.SEQ
		]]>
    </select>


<!-- 2025-06-18 Amazon Q Developer : Converted SUBSTR to SUBSTRING, || to PostgreSQL concatenation, ROWNUM to LIMIT -->
<select id="csrSystemOprtnPrstsDao.retrieveCsrBatchJobDayRpt" resultMap="clobMap">		
    <![CDATA[
        ${queryId}
        	/* 해당 배치잡 수행건수 */
        SELECT A.BIZ_DT                                                                                           AS BIZ_DT
             , SUBSTRING(A.BIZ_DT,1,4) || '-' || SUBSTRING(A.BIZ_DT,5,2) || '-' || SUBSTRING(A.BIZ_DT,7,2)       AS BIZ_DT_NM
             , A.BATCH_NO                                                                                         AS BATCH_NO
             , C.BATCH_TYPE                                                                                       AS BATCH_TYPE
             , (SELECT Z.COM_CD_NM FROM TB_COM001 Z WHERE Z.GRP_CD = 'BATCH_TYPE' AND Z.COM_CD = C.BATCH_TYPE)    AS BATCH_TYPE_NM
             , C.BATCH_JOB_NM                                                                                     AS BATCH_JOB_NM
             , C.COMMENTS                                                                                         AS COMMENTS
             , C.BIZ_SYS_CD                                                                                       AS BIZ_SYS_CD
             , (SELECT Z.COM_CD_NM FROM TB_COM001 Z WHERE Z.GRP_CD = 'SYS_CD' AND Z.COM_CD = C.BIZ_SYS_CD)        AS BIZ_SYS_CD_NM
             , A.MODER_ID                                                                                         AS REG_EMPNO
             , ( SELECT S.USR_NM FROM TB_USR001 S WHERE S.EMPNO =  A.MODER_ID LIMIT 1  )                         AS REG_EMPNO_NM
             /*
             , CASE WHEN A.MODER_ID IS NOT NULL THEN FC_GET_EMPNO_TO_DEPT(A.MODER_ID, 'N')
                                                  ||'/'||A.MODER_ID
                                                  ||'/'||( SELECT S.USR_NM FROM TB_USR001 S WHERE S.EMPNO =  A.MODER_ID LIMIT 1  )
                    ELSE ''
               END                                                                                                AS REG_EMPNO_NM
             */
             , A.ACTN_CNTE                                                                                        AS ACTN_CNTE
             , A.COMPLETE_YN                                                                                      AS COMPLETE_YN
             , A.PRFM_CNT                                                                                         AS PRFM_CNT
             , A.SUCCESS_CNT                                                                                      AS SUCCESS_CNT
             , A.FAIL_CNT                                                                                         AS FAIL_CNT
          FROM TB_ITR055 A
             , TB_ITR053 C
         WHERE 1=1
           AND A.BATCH_NO    = C.BATCH_NO
           AND A.COMPLETE_YN = 'Y'
           AND A.FAIL_CNT > 0
           AND A.BIZ_DT   LIKE #{regYm} || '%'
         ORDER BY A.BIZ_DT, A.BIZ_SYS_CD, A.BATCH_NO 
       ]]>
    </select>


<!-- 2025-06-18 Amazon Q Developer : Converted Oracle MERGE to PostgreSQL INSERT ON CONFLICT, removed DUAL, SYSDATE to CURRENT_TIMESTAMP -->
<update id="csrSystemOprtnPrstsDao.updateCsrSystemOprtnPrsts">
        <![CDATA[
        ${queryId}
        /* 장애처리결과 등록 */
        INSERT INTO TB_ITR058 
                 ( REG_YM
                 , REQ_EMPNO
                 , ATCH_FILE_ID
                 , STAT_CD
                 , RGTER_ID
                 , RGT_DATE
                 , MODER_ID
                 , MOD_DATE
                 )
            VALUES
                 ( #{regYm}                 
                 , #{reqEmpno}
                 , #{atchFileId}
                 , #{statCd} 
                 , #{empno}
                 , CURRENT_TIMESTAMP
                 , #{empno}
                 , CURRENT_TIMESTAMP
                 )
        ON CONFLICT (REG_YM)
        DO UPDATE SET
               REQ_EMPNO        = #{reqEmpno}
             , ATCH_FILE_ID     = #{atchFileId}
             , STAT_CD          = #{statCd}
             , APPROVE_KEY      = #{approveKey}
             , MODER_ID         = #{empno}
             , MOD_DATE         = CURRENT_TIMESTAMP
        ]]>
    </update>


<select id="csrSystemOprtnPrstsDao.retrieveAuthFileId" resultType="String">
        <![CDATA[ ${queryId} 
        SELECT CASE WHEN COUNT(ATCH_FILE_ID) > 0 THEN 'Y' ELSE 'N' END FILE_ID_YN 
          FROM TB_ITR004
         WHERE 1=1
           AND ATCH_FILE_ID  = #{atchFileId}
           AND ATCH_FILE_SEQ = #{seqNo}
           AND DEL_YN  = 'N'
        ]]>
    </select>

</mapper>
