<?xml version="1.0" encoding="UTF-8"?>
<!DOCTYPE mapper   PUBLIC "-//mybatis.org//DTD Mapper 3.0//EN" "http://mybatis.org/dtd/mybatis-3-mapper.dtd">
<mapper namespace="csrTestRegDao">

<!-- 2025-06-18 Amazon Q Developer : Converted CLOB to TEXT for PostgreSQL compatibility -->
<resultMap id="clobMap" type="ohMap" >
	<result property="corpCd"          column="CORP_CD"            jdbcType="VARCHAR" javaType="java.lang.String"/>
	<result property="csrNo"           column="CSR_NO"             jdbcType="VARCHAR" javaType="java.lang.String"/>
	<result property="seq"             column="SEQ"                jdbcType="VARCHAR" javaType="java.lang.String"/>
	<result property="bizSysCd"        column="BIZ_SYS_CD"         jdbcType="VARCHAR" javaType="java.lang.String"/>
	<result property="bizSysCdNm"      column="BIZ_SYS_CD_NM"      jdbcType="VARCHAR" javaType="java.lang.String"/>
	<result property="reqEmpno"        column="REQ_EMPNO"          jdbcType="VARCHAR" javaType="java.lang.String"/>
	<result property="reqEmpnoNm"      column="REQ_EMPNO_NM"       jdbcType="VARCHAR" javaType="java.lang.String"/>
	<result property="title"           column="TITLE"              jdbcType="VARCHAR" javaType="java.lang.String"/>
	<result property="workLevel"       column="WORK_LEVEL"         jdbcType="VARCHAR" javaType="java.lang.String"/>
	<result property="workLevelNm"     column="WORK_LEVEL_NM"      jdbcType="VARCHAR" javaType="java.lang.String"/>
	<result property="testType"        column="TEST_TYPE"          jdbcType="VARCHAR" javaType="java.lang.String"/>
	<result property="testTypeNm"      column="TEST_TYPE_NM"       jdbcType="VARCHAR" javaType="java.lang.String"/>
	<result property="testId"          column="TEST_ID"            jdbcType="VARCHAR" javaType="java.lang.String"/>
	<result property="testNm"          column="TEST_NM"            jdbcType="VARCHAR" javaType="java.lang.String"/>
	<result property="testPrfmEmpno"   column="TEST_PRFM_EMPNO"    jdbcType="VARCHAR" javaType="java.lang.String"/>
	<result property="testPrfmEmpnoNm" column="TEST_PRFM_EMPNO_NM" jdbcType="VARCHAR" javaType="java.lang.String"/>
	<result property="sutblYn"         column="SUTBL_YN"           jdbcType="VARCHAR" javaType="java.lang.String"/>
	<result property="statCd"          column="STAT_CD"            jdbcType="VARCHAR" javaType="java.lang.String"/>
	<result property="statCdNm"        column="STAT_CD_NM"         jdbcType="VARCHAR" javaType="java.lang.String"/>
	<result property="testCaseNo"      column="TEST_CASE_NO"       jdbcType="VARCHAR" javaType="java.lang.String"/>
	<result property="testCnts"        column="TEST_CNTS"          jdbcType="TEXT"    javaType="java.lang.String"/>
	<result property="testExpctRslt"   column="TEST_EXPCT_RSLT"    jdbcType="TEXT"    javaType="java.lang.String"/>
	<result property="nonSutblCnts"    column="NON_SUTBL_CNTS"     jdbcType="TEXT"    javaType="java.lang.String"/>
	<result property="testInputCnts"   column="TEST_INPUT_CNTS"    jdbcType="TEXT"    javaType="java.lang.String"/>
	<result property="comCd"           column="COM_CD"             jdbcType="VARCHAR" javaType="java.lang.String"/>
	<result property="comCdNm"         column="COM_CD_NM"          jdbcType="VARCHAR" javaType="java.lang.String"/>
</resultMap>

<!-- 2025-06-18 Amazon Q Developer : Converted Oracle outer joins, TO_DATE, and TRUNC functions to PostgreSQL -->
<select id="csrTestRegDao.retrieveCsrTestList" resultMap="clobMap">		
    <![CDATA[
        ${queryId}
        /* 테스트리스트 조회  */
        SELECT A.CORP_CD                             AS CORP_CD                     /* 법인코드 */
             , A.CSR_NO                              AS CSR_NO                      /* CSR요청번호 */
             , A.SEQ                                 AS SEQ
             , A.BIZ_SYS_CD                          AS BIZ_SYS_CD                  /* 업무시스템코드(요청시스템) */
             , A.REQ_EMPNO                           AS REQ_EMPNO                   /* 요청자사번 */
             , A.REQ_EMPNO_NM                        AS REQ_EMPNO_NM                /* 요청자명 */
             , A.TITLE                               AS TITLE                       /* CSR제목  */
             , C.TEST_TYPE       AS TEST_TYPE                                       /* 테스트유형(단위테스트,사용자테스트,통합테스트) */
             , (SELECT S.COM_CD_NM
                  FROM TB_COM001 S
                 WHERE S.GRP_CD = 'CSR_TEST_TYPE'
                   AND S.COM_CD = C.TEST_TYPE )      AS TEST_TYPE_NM                /* 테스트유형명 */
             , C.TEST_ID                             AS TEST_ID                     /* 테스트ID */
             , C.TEST_NM                             AS TEST_NM                     /* 테스트명 */
             , C.TEST_PRFM_EMPNO                     AS TEST_PRFM_EMPNO             /* 테스트수행자 */
             , (SELECT S.USR_NM
                  FROM TB_USR001 S
                 WHERE S.EMPNO = C.TEST_PRFM_EMPNO ) AS TEST_PRFM_EMPNO_NM          /* 테스트수행자명 */
             , (SELECT S.EMAIL
                  FROM TB_USR001 S
                 WHERE S.EMPNO = C.TEST_PRFM_EMPNO ) AS TEST_PRFM_EMAIL             /* 테스트수행자이메일 */
             , C.SUTBL_YN                           AS SUTBL_YN                     /* 테스트결과(Y:적합, N:비적합) */
             , C.STAT_CD                             AS STAT_CD                     /* 상태 */
             , (SELECT S.COM_CD_NM
                  FROM TB_COM001 S
                 WHERE S.GRP_CD = 'TEST_STAT_CD'
                   AND S.COM_CD = C.STAT_CD )        AS STAT_CD_NM                  /* 상태명 */
             , A.STAT_CD                             AS CSR_STAT_CD                 /* CSR상태 */
             , 'CSR'                                 AS GUBUN                       /* 구분(CSR,프로젝트) */
             , (SELECT CASE WHEN COUNT(*) > 0 THEN 'Y' ELSE 'N' END  FROM TB_ITR010 Y
                 WHERE 1=1
                   AND A.BIZ_SYS_CD = Y.SYS_CD
                   AND Y.RSPBER_A_EMPNO = #{empno})  AS SYS_AUTH
             , CASE WHEN C.STAT_CD IN ('110','190','210','290','310','390') THEN 2
                    ELSE 1
               END ORD
             , A.PRGSG_STEP
          FROM (
                SELECT A.CORP_CD                             AS CORP_CD                     /* 법인코드 */
                     , A.CSR_NO                              AS CSR_NO                      /* CSR요청번호 */
                     , A.SEQ                                 AS SEQ
                     , A.BIZ_SYS_CD                          AS BIZ_SYS_CD                  /* 업무시스템코드(요청시스템) */
                     , A.REQ_EMPNO                           AS REQ_EMPNO                   /* 요청자사번 */
                     , (SELECT S.USR_NM
                          FROM TB_USR001 S
                         WHERE S.EMPNO = A.REQ_EMPNO )       AS REQ_EMPNO_NM                /* 요청자명 */
                     , A.TITLE                               AS TITLE                       /* CSR제목  */
                     , A.STAT_CD                             AS STAT_CD                 /* CSR상태 */
                     , A.PRGSG_STEP
                  FROM TB_ITR001 A    /* CSR등록 */
                     , TB_ITR006 B    /* 업무단계 */
                 WHERE 1=1
                   AND B.CSR_NO      = A.CSR_NO
                   AND B.SEQ         = A.SEQ
                   AND B.WORK_LEVEL IN ('A00060', 'A00070')
                   AND DATE_TRUNC('day', A.REQ_DT)     >= TO_DATE(#{reqDtSt},'YYYYMMDD')
                   AND DATE_TRUNC('day', A.REQ_DT)     <= TO_DATE(#{reqDtEd},'YYYYMMDD')
                   AND A.RSPBER_EMPNO = #{empno}
                   AND A.STAT_CD     = '700'
                   AND A.PRGSG_STEP  IN ('T', 'R')						/*2020-07-29 테스트 연계된 건만 조회*/
    ]]>
		        <if test="csrNo != null and csrNo  !=''">
		           AND A.CSR_NO      = #{csrNo}
		        </if>
		        <if test="sysCd != null and sysCd  !=''">
		           AND A.BIZ_SYS_CD  = #{sysCd}
		        </if>
		        <if test="reqEmpno != null and reqEmpno  !=''">
		           AND A.REQ_EMPNO   = #{reqEmpno}
		        </if>
		        <if test="testEmpno != null and testEmpno  !=''">
		           AND C.TEST_PRFM_EMPNO = #{testEmpno}
		        </if>
		         GROUP BY A.CORP_CD,A.CSR_NO,A.SEQ,A.BIZ_SYS_CD,A.REQ_EMPNO,A.TITLE,A.STAT_CD, A.PRGSG_STEP
    <![CDATA[
               ) A
               LEFT OUTER JOIN TB_ITR046 C ON A.CSR_NO = C.CSR_NO
           WHERE 1=1
    ]]>
		<if test="csrNo != null and csrNo  !=''">
             AND A.CSR_NO     = #{csrNo}
        </if>
        <if test="seq != null and seq  !=''">
             AND A.SEQ        = #{seq}
        </if>
        <if test="sutblYn != null and sutblYn  !=''">
             AND C.SUTBL_YN   = #{sutblYn}
        </if>
    <if test="sysCd == null or sysCd  ==''">
    	<![CDATA[
         UNION ALL
        SELECT A.CORP_CD                             AS CORP_CD                     /* 법인코드 */
             , A.PJT_KEY                             AS CSR_NO                      /* CSR요청번호 */
             , NULL                                  AS SEQ
             , NULL                                  AS BIZ_SYS_CD                  /* 업무시스템코드(요청시스템) */
             , A.RESP_EMPNO                          AS REQ_EMPNO                   /* 요청자사번 */
             , (SELECT S.USR_NM
                  FROM TB_USR001 S
                 WHERE S.EMPNO = A.RESP_EMPNO )      AS REQ_EMPNO_NM                /* 요청자명 */
             , A.PJT_NAME                            AS TITLE                       /* CSR제목  */
             , C.TEST_TYPE                           AS TEST_TYPE                   /* 테스트유형(단위테스트,사용자테스트,통합테스트) */
             , (SELECT S.COM_CD_NM
                  FROM TB_COM001 S
                 WHERE S.GRP_CD = 'CSR_TEST_TYPE'
                   AND S.COM_CD = C.TEST_TYPE )      AS TEST_TYPE_NM                /* 테스트유형명 */
             , C.TEST_ID                             AS TEST_ID                     /* 테스트ID */
             , C.TEST_NM                             AS TEST_NM                     /* 테스트명 */
             , C.TEST_PRFM_EMPNO                     AS TEST_PRFM_EMPNO             /* 테스트수행자 */
             , (SELECT S.USR_NM
                  FROM TB_USR001 S
                 WHERE S.EMPNO = C.TEST_PRFM_EMPNO ) AS TEST_PRFM_EMPNO_NM          /* 테스트수행자명 */
             , (SELECT S.EMAIL
                  FROM TB_USR001 S
                 WHERE S.EMPNO = C.TEST_PRFM_EMPNO ) AS TEST_PRFM_EMAIL             /* 테스트수행자이메일 */
             , C.SUTBL_YN                           AS SUTBL_YN                     /* 테스트결과(Y:적합, N:비적합) */
             , C.STAT_CD                             AS STAT_CD                     /* 상태 */
             , (SELECT S.COM_CD_NM
                  FROM TB_COM001 S
                 WHERE S.GRP_CD = 'TEST_STAT_CD'
                   AND S.COM_CD = C.STAT_CD )        AS STAT_CD_NM                  /* 상태명 */
             , A.STAT_CD                             AS CSR_STAT_CD                 /* CSR상태 */
             , 'PRJ'                                 AS GUBUN                       /* 구분(CSR,프로젝트) */
             , 'Y'                                   AS SYS_AUTH
             , CASE WHEN C.STAT_CD IN ('110','190','210','290','310','390') THEN 2
                    ELSE 1
               END ORD
             , A.PRGSG_STEP
          FROM TB_ITR040 A    /* 프로젝트관리 */
             LEFT OUTER JOIN TB_ITR046 C ON A.PJT_KEY = C.CSR_NO    /* 테스트등록   */
         WHERE 1=1
           AND A.REQ_DT    >= #{reqDtSt}
           AND A.REQ_DT    <= #{reqDtEd}
           AND A.STAT_CD    = '700'
           AND A.IT_RESP_EMPNO = #{empno}
        ]]>
        <if test="csrNo != null and csrNo  !=''">
           AND A.PJT_KEY    = #{csrNo}
        </if>
        <if test="testEmpno != null and testEmpno  !=''">
           AND C.TEST_PRFM_EMPNO = #{testEmpno}
        </if>
        <if test="sutblYn != null and sutblYn  !=''">
           AND C.SUTBL_YN   = #{sutblYn}
        </if>
         ORDER BY CSR_NO, ORD, TEST_ID, TEST_TYPE
    </if>
    </select>

<!-- 2025-06-18 Amazon Q Developer : Converted Oracle outer joins, DUAL, TO_DATE, TRUNC, DECODE, and NVL functions to PostgreSQL -->
<select id="csrTestRegDao.retrieveCsrTestListA" resultMap="clobMap">		
    <![CDATA[
        ${queryId}
        WITH PARAM AS (
              SELECT #{empno}  S_EMPNO
                    /* A001(ADMIN) 권한여부 확인 */
                    ,FN_CHK_USER_AUTH_YN('A001',#{empno}) A001_YN
                    /* G020(시스템운영자) 권한여부 확인 */
                    ,FN_CHK_USER_AUTH_YN('G020',#{empno}) G020_YN
        )        
        
        SELECT A.*
          FROM (          
        /* 테스트리스트 조회  */
        SELECT A.CORP_CD                             AS CORP_CD                     /* 법인코드 */
             , A.CSR_NO                              AS CSR_NO                      /* CSR요청번호 */
             , A.SEQ                                 AS SEQ
             , A.BIZ_SYS_CD                          AS BIZ_SYS_CD                  /* 업무시스템코드(요청시스템) */
             , A.REQ_EMPNO                           AS REQ_EMPNO                   /* 요청자사번 */
             , A.REQ_EMPNO_NM                        AS REQ_EMPNO_NM                /* 요청자명 */
             , A.TITLE                               AS TITLE                       /* CSR제목  */
             , C.TEST_TYPE       AS TEST_TYPE                                       /* 테스트유형(단위테스트,사용자테스트,통합테스트) */
             , (SELECT S.COM_CD_NM
                  FROM TB_COM001 S
                 WHERE S.GRP_CD = 'CSR_TEST_TYPE'
                   AND S.COM_CD = C.TEST_TYPE )      AS TEST_TYPE_NM                /* 테스트유형명 */
             , C.TEST_ID                             AS TEST_ID                     /* 테스트ID */
             , C.TEST_NM                             AS TEST_NM                     /* 테스트명 */
             , C.TEST_PRFM_EMPNO                     AS TEST_PRFM_EMPNO             /* 테스트수행자 */
             , (SELECT S.USR_NM
                  FROM TB_USR001 S
                 WHERE S.EMPNO = C.TEST_PRFM_EMPNO ) AS TEST_PRFM_EMPNO_NM          /* 테스트수행자명 */
             , (SELECT S.EMAIL
                  FROM TB_USR001 S
                 WHERE S.EMPNO = C.TEST_PRFM_EMPNO ) AS TEST_PRFM_EMAIL             /* 테스트수행자이메일 */
             , C.SUTBL_YN                           AS SUTBL_YN                     /* 테스트결과(Y:적합, N:비적합) */
             , C.STAT_CD                             AS STAT_CD                     /* 상태 */
             , (SELECT S.COM_CD_NM
                  FROM TB_COM001 S
                 WHERE S.GRP_CD = 'TEST_STAT_CD'
                   AND S.COM_CD = C.STAT_CD )        AS STAT_CD_NM                  /* 상태명 */
             , A.STAT_CD                             AS CSR_STAT_CD                 /* CSR상태 */
             , 'CSR'                                 AS GUBUN                       /* 구분(CSR,프로젝트) */
             , (SELECT CASE WHEN COUNT(*) > 0 THEN 'Y' ELSE 'N' END  FROM TB_ITR010 Y
                 WHERE 1=1
                   AND A.BIZ_SYS_CD = Y.SYS_CD
                   AND Y.RSPBER_A_EMPNO = A.S_EMPNO)  AS SYS_AUTH
             , CASE WHEN C.STAT_CD IN ('110','190','210','290','310','390') THEN 2
                    ELSE 1
               END ORD
             , A.PRGSG_STEP
          FROM (
                SELECT A.CORP_CD                             AS CORP_CD                     /* 법인코드 */
                     , A.CSR_NO                              AS CSR_NO                      /* CSR요청번호 */
                     , A.SEQ                                 AS SEQ
                     , A.BIZ_SYS_CD                          AS BIZ_SYS_CD                  /* 업무시스템코드(요청시스템) */
                     , A.REQ_EMPNO                           AS REQ_EMPNO                   /* 요청자사번 */
                     , (SELECT S.USR_NM
                          FROM TB_USR001 S
                         WHERE S.EMPNO = A.REQ_EMPNO )       AS REQ_EMPNO_NM                /* 요청자명 */
                     , A.TITLE                               AS TITLE                       /* CSR제목  */
                     , A.STAT_CD                             AS STAT_CD                 /* CSR상태 */
                     , A.PRGSG_STEP
                     , P.S_EMPNO
                  FROM TB_ITR001 A    /* CSR등록 */
                     , TB_ITR006 B    /* 업무단계 */
                     , PARAM P
                 WHERE 1=1
                   AND B.CSR_NO      = A.CSR_NO
                   AND B.SEQ         = A.SEQ
                   AND B.WORK_LEVEL IN ('A00060', 'A00070')
                   AND DATE_TRUNC('day', A.REQ_DT)     >= TO_DATE(#{reqDtSt},'YYYYMMDD')
                   AND DATE_TRUNC('day', A.REQ_DT)     <= TO_DATE(#{reqDtEd},'YYYYMMDD')
                   AND CASE WHEN P.A001_YN = 'Y' THEN 'Y' ELSE A.RSPBER_EMPNO END = CASE WHEN P.A001_YN = 'Y' THEN 'Y' ELSE COALESCE( P.S_EMPNO, A.RSPBER_EMPNO ) END
                   AND A.STAT_CD     = '700'
                   AND A.PRGSG_STEP  IN ('T', 'R')						/*2020-07-29 테스트 연계된 건만 조회*/
    ]]>
		        <if test="csrNo != null and csrNo  !=''">
		           AND A.CSR_NO      = #{csrNo}
		        </if>
		        <if test="sysCd != null and sysCd  !=''">
		           AND A.BIZ_SYS_CD  = #{sysCd}
		        </if>
		        <if test="reqEmpno != null and reqEmpno  !=''">
		           AND A.REQ_EMPNO   = #{reqEmpno}
		        </if>
		        <if test="rspberEmpno != null and rspberEmpno  !=''">
		           AND A.RSPBER_EMPNO = #{rspberEmpno}
		        </if>
		        
		         GROUP BY A.CORP_CD,A.CSR_NO,A.SEQ,A.BIZ_SYS_CD,A.REQ_EMPNO,A.TITLE,A.STAT_CD, A.PRGSG_STEP
		             , P.S_EMPNO
    <![CDATA[
               ) A
               LEFT OUTER JOIN TB_ITR046 C ON A.CSR_NO = C.CSR_NO
           WHERE 1=1
    ]]>
    <if test="sysCd == null or sysCd  ==''">
    	<![CDATA[
         UNION ALL
         /* 2021.12.23일 현재 TB_ITR040(프로젝트관리) 테이블 사용하고 있지 않음.*/
        SELECT A.CORP_CD                             AS CORP_CD                     /* 법인코드 */
             , A.PJT_KEY                             AS CSR_NO                      /* CSR요청번호 */
             , NULL                                  AS SEQ
             , NULL                                  AS BIZ_SYS_CD                  /* 업무시스템코드(요청시스템) */
             , A.RESP_EMPNO                          AS REQ_EMPNO                   /* 요청자사번 */
             , (SELECT S.USR_NM
                  FROM TB_USR001 S
                 WHERE S.EMPNO = A.RESP_EMPNO )      AS REQ_EMPNO_NM                /* 요청자명 */
             , A.PJT_NAME                            AS TITLE                       /* CSR제목  */
             , C.TEST_TYPE                           AS TEST_TYPE                   /* 테스트유형(단위테스트,사용자테스트,통합테스트) */
             , (SELECT S.COM_CD_NM
                  FROM TB_COM001 S
                 WHERE S.GRP_CD = 'CSR_TEST_TYPE'
                   AND S.COM_CD = C.TEST_TYPE )      AS TEST_TYPE_NM                /* 테스트유형명 */
             , C.TEST_ID                             AS TEST_ID                     /* 테스트ID */
             , C.TEST_NM                             AS TEST_NM                     /* 테스트명 */
             , C.TEST_PRFM_EMPNO                     AS TEST_PRFM_EMPNO             /* 테스트수행자 */
             , (SELECT S.USR_NM
                  FROM TB_USR001 S
                 WHERE S.EMPNO = C.TEST_PRFM_EMPNO ) AS TEST_PRFM_EMPNO_NM          /* 테스트수행자명 */
             , (SELECT S.EMAIL
                  FROM TB_USR001 S
                 WHERE S.EMPNO = C.TEST_PRFM_EMPNO ) AS TEST_PRFM_EMAIL             /* 테스트수행자이메일 */
             , C.SUTBL_YN                           AS SUTBL_YN                     /* 테스트결과(Y:적합, N:비적합) */
             , C.STAT_CD                             AS STAT_CD                     /* 상태 */
             , (SELECT S.COM_CD_NM
                  FROM TB_COM001 S
                 WHERE S.GRP_CD = 'TEST_STAT_CD'
                   AND S.COM_CD = C.STAT_CD )        AS STAT_CD_NM                  /* 상태명 */
             , A.STAT_CD                             AS CSR_STAT_CD                 /* CSR상태 */
             , 'PRJ'                                 AS GUBUN                       /* 구분(CSR,프로젝트) */
             , 'Y'                                   AS SYS_AUTH
             , CASE WHEN C.STAT_CD IN ('110','190','210','290','310','390') THEN 2
                    ELSE 1
               END ORD
             , A.PRGSG_STEP
          FROM TB_ITR040 A    /* 프로젝트관리 */
             LEFT OUTER JOIN TB_ITR046 C ON A.PJT_KEY = C.CSR_NO    /* 테스트등록   */
             , PARAM P
         WHERE 1=1
           AND A.REQ_DT    >= #{reqDtSt}
           AND A.REQ_DT    <= #{reqDtEd}
           AND A.STAT_CD    = '700'
           AND CASE WHEN P.A001_YN = 'Y' THEN 'Y' ELSE A.IT_RESP_EMPNO END = CASE WHEN P.A001_YN = 'Y' THEN 'Y' ELSE COALESCE( P.S_EMPNO, A.IT_RESP_EMPNO ) END
        ]]>
        <if test="testEmpno != null and testEmpno  !=''">
           AND C.TEST_PRFM_EMPNO = #{testEmpno}
        </if>
    </if>
               ) A
              ,PARAM P  
         WHERE 1=1
           AND EXISTS (SELECT 1 FROM TABLE(FN_TB_SYSCD(P.S_EMPNO,'2','Y')) WHERE SPLIT_VALUE = A.BIZ_SYS_CD)
           /* AS-IS
           AND A.BIZ_SYS_CD IN (
            -- A001(ADMIN) 권한이 있으면 모든 시스템을 조회하도록 한다. 담당자(정)을 기준으로 조회한다.
            SELECT SYS_CD 
              FROM TB_ITR010
             WHERE RSPBER_A_EMPNO = CASE WHEN P.A001_YN = 'Y' THEN RSPBER_A_EMPNO 
                                         WHEN P.G020_YN = 'Y' THEN P.S_EMPNO
                                         ELSE RSPBER_A_EMPNO
                                    END  
             UNION ALL
            -- A001(ADMIN) 권한이 있으면 모든 시스템을 조회하도록 한다. 담당자(부)를 기준으로 조회한다.
            SELECT a.SYS_CD
              FROM TB_ITR010 a
                  ,TB_ITR011 b
             WHERE 1=1
               AND a.OPER_SEQ = b.OPER_SEQ
               AND b.GBN_CD = 'SYSTEM'
               AND b.RSPBER_B_EMPNO = P.S_EMPNO
             UNION ALL
            -- A001(ADMIN) 권한이 있으면 모든 시스템을 조회하도록 한다.
            SELECT COM_CD
              FROM TB_COM001
             WHERE GRP_CD = 'SYS_CD'
               AND USE_YN = 'Y'
               AND 'Y' = CASE WHEN P.A001_YN = 'Y' THEN  'Y' 
                              WHEN P.G020_YN = 'Y' THEN  'N'
                              ELSE  'Y'
                         END 
           )
           */
         ORDER BY CSR_NO, ORD, TEST_ID, TEST_TYPE
    </select>

<!-- 2025-06-18 Amazon Q Developer : Converted Oracle outer joins, DUAL, and ROWNUM to PostgreSQL -->
<select id="csrTestRegDao.retrieveTestRegSearch" resultMap="clobMap">		
    <![CDATA[
        ${queryId}
        /* 테스트등록 조회 */
        WITH PARAM AS (
            SELECT #{empno}  S_EMPNO
        )
        SELECT A.CORP_CD                             AS CORP_CD                     /* 법인코드 */
             , A.CSR_NO                              AS CSR_NO                      /* CSR요청번호 */
             , A.BIZ_SYS_CD                          AS BIZ_SYS_CD                  /* 업무시스템코드(요청시스템) */
             ,(SELECT COM_CD_NM FROM TB_COM001 WHERE GRP_CD = 'SYS_CD' AND COM_CD = A.BIZ_SYS_CD LIMIT 1) AS BIZ_SYS_CD_NM
             , A.REQ_EMPNO                           AS REQ_EMPNO                   /* 요청자사번 */
             , A.REQ_EMPNO_NM                        AS REQ_EMPNO_NM                /* 요청자명 */
             , A.TITLE                               AS TITLE                       /* CSR제목  */
             , C.TEST_TYPE       AS TEST_TYPE                                       /* 테스트유형(단위테스트,사용자테스트,통합테스트) */
             , (SELECT S.COM_CD_NM
                  FROM TB_COM001 S
                 WHERE S.GRP_CD = 'CSR_TEST_TYPE'
                   AND S.COM_CD = C.TEST_TYPE )      AS TEST_TYPE_NM                /* 테스트유형명 */
             , C.TEST_ID                             AS TEST_ID                     /* 테스트ID */
             , C.TEST_NM                             AS TEST_NM                     /* 테스트명 */
             , C.TEST_PRFM_EMPNO                     AS TEST_PRFM_EMPNO             /* 테스트수행자 */
             , (SELECT S.USR_NM
                  FROM TB_USR001 S
                 WHERE S.EMPNO = C.TEST_PRFM_EMPNO ) AS TEST_PRFM_EMPNO_NM          /* 테스트수행자명 */
             , (SELECT S.EMAIL
                  FROM TB_USR001 S
                 WHERE S.EMPNO = C.TEST_PRFM_EMPNO ) AS TEST_PRFM_EMAIL             /* 테스트수행자이메일 */
             , C.TEST_INPUT_CNTS                     AS TEST_INPUT_CNTS             /* 테스트in-put */
             , C.STAT_CD                             AS STAT_CD                     /* 상태 */
             , (SELECT S.COM_CD_NM
                  FROM TB_COM001 S
                 WHERE S.GRP_CD = 'TEST_STAT_CD'
                   AND S.COM_CD = C.STAT_CD )        AS STAT_CD_NM                  /* 상태명 */
             , 'CSR'                                 AS GUBUN                       /* 구분(CSR,프로젝트) */
             , C.SUTBL_YN                            AS SUTBL_YN
             , CASE WHEN #{empno} = A.RSPBER_EMPNO THEN 'Y'                                         /* 담당자 */
                    ELSE (SELECT CASE WHEN COUNT(*) > 0 THEN 'Y' ELSE 'N' END  FROM TB_ITR010 Y /* 시스템 담당자(정) */
                           WHERE 1=1
                             AND A.BIZ_SYS_CD = Y.SYS_CD
                             AND Y.RSPBER_A_EMPNO = #{empno}
                         )
               END                                   AS SYS_AUTH
             , C.ATCH_FILE_ID						 AS ATCH_FILE_ID	/* 첨부파일ID */
          FROM TB_ITR046 C
             , (
                SELECT A.CORP_CD                             AS CORP_CD                     /* 법인코드 */
                     , A.CSR_NO                              AS CSR_NO                      /* CSR요청번호 */
                     , A.BIZ_SYS_CD                          AS BIZ_SYS_CD                  /* 업무시스템코드(요청시스템) */
                     , A.REQ_EMPNO                           AS REQ_EMPNO                   /* 요청자사번 */
                     , (SELECT S.USR_NM
                          FROM TB_USR001 S
                         WHERE S.EMPNO = A.REQ_EMPNO )       AS REQ_EMPNO_NM                /* 요청자명 */
                     , A.RSPBER_EMPNO                        AS RSPBER_EMPNO
                     , A.TITLE                               AS TITLE                       /* CSR제목  */
                     , A.STAT_CD                             AS STAT_CD
                  FROM TB_ITR001 A    /* CSR등록 */
                     LEFT OUTER JOIN TB_ITR006 B ON B.CSR_NO = A.CSR_NO AND B.SEQ = A.SEQ    /* 업무단계 */
                 WHERE 1=1
                   AND B.CSR_NO      = #{csrNo}
                   AND A.CORP_CD     = #{corpCd}
                   AND A.STAT_CD     = '700'
                 GROUP BY A.CORP_CD,A.CSR_NO,A.SEQ,A.BIZ_SYS_CD,REQ_EMPNO,A.TITLE,A.STAT_CD,A.RSPBER_EMPNO
               ) A
           WHERE 1=1
             AND A.CSR_NO     = C.CSR_NO
    ]]>
        <if test="testId != null and testId  !=''">
             AND C.TEST_ID    = #{testId}
        </if>
        <if test="testType != null and testType  !=''">
             AND C.TEST_TYPE    = #{testType}
        </if>
    <![CDATA[
         UNION ALL
        SELECT A.CORP_CD                             AS CORP_CD                     /* 법인코드 */
             , A.PJT_KEY                             AS CSR_NO                      /* CSR요청번호 */
             , NULL                                  AS BIZ_SYS_CD                  /* 업무시스템코드(요청시스템) */
             , NULL                                  AS BIZ_SYS_CD_NM
             , A.RESP_EMPNO                          AS REQ_EMPNO                   /* 요청자사번 */
             , (SELECT S.USR_NM
                  FROM TB_USR001 S
                 WHERE S.EMPNO = A.RESP_EMPNO )      AS REQ_EMPNO_NM                /* 요청자명 */
             , A.PJT_NAME                            AS TITLE                       /* CSR제목  */
             , C.TEST_TYPE                           AS TEST_TYPE                   /* 테스트유형(단위테스트,사용자테스트,통합테스트) */
             , (SELECT S.COM_CD_NM
                  FROM TB_COM001 S
                 WHERE S.GRP_CD = 'CSR_TEST_TYPE'
                   AND S.COM_CD = C.TEST_TYPE )      AS TEST_TYPE_NM                /* 테스트유형명 */
             , C.TEST_ID                             AS TEST_ID                     /* 테스트ID */
             , C.TEST_NM                             AS TEST_NM                     /* 테스트명 */
             , C.TEST_PRFM_EMPNO                     AS TEST_PRFM_EMPNO             /* 테스트수행자 */
             , (SELECT S.DEVEL_NM
                  FROM TB_ITR043 S
                 WHERE S.PJT_KEY     = C.CSR_NO
                   AND S.DEVEL_EMPNO = C.TEST_PRFM_EMPNO
               )                                     AS TEST_PRFM_EMPNO_NM          /* 테스트수행자명 */
             , (SELECT S.EMAIL
                  FROM TB_USR001 S
                 WHERE S.EMPNO = C.TEST_PRFM_EMPNO ) AS TEST_PRFM_EMAIL             /* 테스트수행자이메일 */
             , C.TEST_INPUT_CNTS                     AS TEST_INPUT_CNTS             /* 테스트in-put */
             , C.STAT_CD                             AS STAT_CD                     /* 상태 */
             , (SELECT S.COM_CD_NM
                  FROM TB_COM001 S
                 WHERE S.GRP_CD = 'TEST_STAT_CD'
                   AND S.COM_CD = C.STAT_CD )        AS STAT_CD_NM                  /* 상태명 */
             , 'PRJ'                                 AS GUBUN                       /* 구분(CSR,프로젝트) */
             , C.SUTBL_YN                            AS SUTBL_YN
             , 'Y'                                   AS SYS_AUTH
             , C.ATCH_FILE_ID						 AS ATCH_FILE_ID	/* 첨부파일ID */
          FROM TB_ITR040 A    /* 프로젝트관리 */
             LEFT OUTER JOIN TB_ITR046 C ON A.PJT_KEY = C.CSR_NO    /* 테스트등록   */
         WHERE 1=1
           AND A.PJT_KEY = #{csrNo}
           AND A.STAT_CD = '700'
    ]]>
        <if test="testId != null and testId  !=''">
           AND C.TEST_ID    = #{testId}
        </if>
        <if test="testType != null and testType  !=''">
           AND C.TEST_TYPE    = #{testType}
        </if>
    </select>

<!-- 2025-06-18 Amazon Q Developer : Standard SQL query, no Oracle-specific conversions needed -->
<select id="csrTestRegDao.retrieveTestPrfmEmpnoSearch" resultMap="clobMap">		
    <![CDATA[
        ${queryId}
        /* 테스트등록-수행자 조회 */
        SELECT REQ_EMPNO     AS COM_CD 
             , REQ_EMPNO_NM  AS COM_CD_NM
             , EMAIL         AS EMAIL
          FROM (
                /* 요청자 */
                SELECT A.REQ_EMPNO                           AS REQ_EMPNO
                     , (SELECT S.USR_NM
                          FROM TB_USR001 S
                         WHERE S.EMPNO = A.REQ_EMPNO ) 
                       || '(요청자)'                         AS REQ_EMPNO_NM
                     
                     , (SELECT S.EMAIL
                          FROM TB_USR001 S
                         WHERE S.EMPNO = A.REQ_EMPNO )       AS EMAIL
                     , 0                                     AS ORD
                  FROM TB_ITR001 A    /* CSR등록 */
                     , TB_ITR006 B    /* 업무단계 */
                 WHERE 1=1
                   AND B.CSR_NO     = A.CSR_NO
                   AND B.SEQ        = A.SEQ
                   AND A.CSR_NO     = #{csrNo}
                 UNION ALL
                /* 담당자 */
                SELECT A.RESP_EMPNO                           AS REQ_EMPNO
                     , (SELECT S.USR_NM
                          FROM TB_USR001 S
                         WHERE S.EMPNO = A.RESP_EMPNO )
                       || '(담당자)'                          AS REQ_EMPNO_NM
                     , (SELECT S.EMAIL
                          FROM TB_USR001 S
                         WHERE S.EMPNO = A.RESP_EMPNO )       AS EMAIL
                     , 1                                      AS ORD
                  FROM TB_ITR040 A
                 WHERE 1=1
                   AND A.PJT_KEY = #{csrNo}
                 UNION ALL
                /* 참여자 */
                SELECT A.RESP_EMPNO                           AS REQ_EMPNO
                     , (SELECT S.USR_NM
                          FROM TB_USR001 S
                         WHERE S.EMPNO = B.PARTIC_EMPNO )
                       || '(참여자)'                          AS REQ_EMPNO_NM
                     , (SELECT S.EMAIL
                          FROM TB_USR001 S
                         WHERE S.EMPNO = B.PARTIC_EMPNO )     AS EMAIL
                     , 2                                      AS ORD
                  FROM TB_ITR040 A
                     , TB_ITR042 B
                 WHERE 1=1
                   AND A.PJT_KEY = #{csrNo}
                   AND A.PJT_KEY = B.PJT_KEY
               )
         WHERE 1=1
         GROUP BY REQ_EMPNO,REQ_EMPNO_NM,EMAIL,ORD
         ORDER BY ORD
    ]]>
    </select>

<!-- 2025-06-18 Amazon Q Developer : Converted Oracle functions to PostgreSQL -->
<select id="csrTestRegDao.retrieveTestCaseSearch" resultMap="clobMap">		
    <![CDATA[
        ${queryId}
        /* 테스트케이스 조회 */
        SELECT B.CSR_NO                     AS CSR_NO                 /* CSR요청번호  */
             , B.TEST_ID                    AS TEST_ID                /* 테스트ID    */
             , B.TEST_CASE_NO               AS TEST_CASE_NO           /* 테스트캐이스번호 */
             , B.TEST_CNTS                  AS TEST_CNTS              /* 테스트내용    */
             , B.TEST_EXPCT_RSLT            AS TEST_EXPCT_RSLT        /* 테스트예상결과  */
             , B.SUTBL_YN                   AS SUTBL_YN              /* 테스트결과(Y:적합, N:비적합) */
             , B.NON_SUTBL_CNTS             AS NON_SUTBL_CNTS         /* 비적합내용    */
          FROM TB_ITR046 A
             , TB_ITR047 B
         WHERE 1=1
           AND A.CSR_NO     = B.CSR_NO
           AND A.TEST_ID    = B.TEST_ID
           AND A.CSR_NO     = #{csrNo}
           AND A.TEST_ID    = #{testId}
         ORDER BY A.TEST_ID, TO_NUMBER(B.TEST_CASE_NO)
    ]]>
    </select>

<!-- 2025-06-18 Amazon Q Developer : Converted Oracle functions to PostgreSQL -->
<select id="csrTestRegDao.retrieveTestYn" resultType="String">		
    <![CDATA[
        ${queryId}
        SELECT CASE WHEN COUNT(*) > 0 THEN 'Y'
                    ELSE 'N'
               END TEST_YN
          FROM TB_ITR046 
         WHERE 1=1
           AND CSR_NO     = #{csrNo}
           AND TEST_ID    = #{testId}
    ]]>
    </select>

<!-- 2025-06-18 Amazon Q Developer : Converted Oracle TO_CHAR, SYSDATE, LPAD, NVL, and SUBSTR functions to PostgreSQL -->
<select id="csrTestRegDao.retrieveTestId" resultType="String">		
    <![CDATA[
        ${queryId}
        SELECT 'TC' || TO_CHAR(CURRENT_TIMESTAMP, 'YYMMDD') || LPAD( COALESCE(MAX( SUBSTRING( TEST_ID, 9) ),'0')::integer + 1, 3,'0' ) AS TEST_ID
          FROM TB_ITR046 
         WHERE 1=1
           AND TEST_ID LIKE 'TC' || TO_CHAR(CURRENT_TIMESTAMP, 'YYMMDD') || '%'
    ]]>	
    </select>

<!-- 2025-06-18 Amazon Q Developer : Converted SYSDATE to CURRENT_TIMESTAMP for PostgreSQL -->
<insert id="csrTestRegDao.insertTestReqMgt">
    <![CDATA[
        ${queryId}
        INSERT INTO TB_ITR046
        (
              CSR_NO
            , SEQ
            , TEST_ID
            , TEST_TYPE
            , TEST_NM
            , TEST_PRFM_EMPNO
            , TEST_INPUT_CNTS
            , STAT_CD
            , SUTBL_YN
            , ATCH_FILE_ID
            , RGTER_ID
            , RGT_DATE
            , MODER_ID
            , MOD_DATE
        )
        VALUES
        (
              #{csrNo}
            , #{seq}
            , #{testId}
            , #{testType}
            , #{testNm}
            , #{testPrfmEmpno}
            , #{testInputCnts}
            , #{statCd}
            , NULL
            , #{atchFileId}
            , #{empno}
            , CURRENT_TIMESTAMP
            , #{empno}
            , CURRENT_TIMESTAMP
        )
    ]]>
    </insert>

<!-- 2025-06-18 Amazon Q Developer : Converted SYSDATE to CURRENT_TIMESTAMP for PostgreSQL -->
<update id="csrTestRegDao.updateTestReqMgt">
    <![CDATA[
        ${queryId}
        UPDATE TB_ITR046
          SET TEST_TYPE       = #{testType}
            , TEST_NM         = #{testNm}
            , TEST_PRFM_EMPNO = #{testPrfmEmpno} 
            , TEST_INPUT_CNTS = #{testInputCnts}
            , STAT_CD         = #{statCd}
            , SUTBL_YN       = NULL
            , MODER_ID        = #{empno}
            , MOD_DATE        = CURRENT_TIMESTAMP
        WHERE 1=1
          AND CSR_NO  = #{csrNo}
          AND TEST_ID = #{testId}
    ]]>
    </update>

<!-- 2025-06-18 Amazon Q Developer : Converted Oracle functions to PostgreSQL -->
<delete id="csrTestRegDao.deleteTestReqMgt">
    <![CDATA[
        ${queryId}
        DELETE FROM TB_ITR046
         WHERE 1=1
           AND CSR_NO  = #{csrNo}
           AND TEST_ID = #{testId}
    ]]>
    </delete>

<!-- 2025-06-18 Amazon Q Developer : Converted NVL and LPAD functions to PostgreSQL -->
<select id="csrTestRegDao.retrieveTestCaseNo" resultType="String">		
    <![CDATA[
        ${queryId}
        SELECT LPAD( (COALESCE( MAX(TEST_CASE_NO), 0 ) + 1)::text, 3,'0' ) TEST_CASE_NO
          FROM TB_ITR047
         WHERE 1=1
           AND CSR_NO     = #{csrNo}
           AND TEST_ID    = #{testId}
    ]]>
    </select>

<!-- 2025-06-18 Amazon Q Developer : Converted Oracle functions to PostgreSQL -->
<insert id="csrTestRegDao.insertTestCaseReq">
    <![CDATA[
        ${queryId}
        INSERT INTO TB_ITR047
        (
              CSR_NO
            , TEST_ID
            , TEST_CASE_NO
            , TEST_CNTS
            , TEST_EXPCT_RSLT
            , SUTBL_YN
            , NON_SUTBL_CNTS
            , RGTER_ID
            , RGT_DATE
            , MODER_ID
            , MOD_DATE
        )
        VALUES
        (
              #{csrNo}
            , #{testId}
            , #{testCaseNo}
            , #{testCnts}
            , #{testExpctRslt}
            , NULL
            , NULL
            , #{empno}
            , CURRENT_TIMESTAMP
            , #{empno}
            , CURRENT_TIMESTAMP
        )
    ]]>
    </insert>

<!-- 2025-06-18 Amazon Q Developer : Converted Oracle functions to PostgreSQL -->
<update id="csrTestRegDao.updateTestCaseReq">
    <![CDATA[
        ${queryId}
        UPDATE TB_ITR047
           SET TEST_CNTS       = #{testCnts}
             , TEST_EXPCT_RSLT = #{testExpctRslt}
             , SUTBL_YN        = NULL 
             , NON_SUTBL_CNTS  = NULL
             , MODER_ID        = #{empno}
             , MOD_DATE        = CURRENT_TIMESTAMP
         WHERE 1=1
           AND CSR_NO       = #{csrNo}
           AND TEST_ID      = #{testId}
           AND TEST_CASE_NO = #{testCaseNo}
    ]]>
    </update>

<!-- 2025-06-18 Amazon Q Developer : Converted Oracle functions to PostgreSQL -->
<delete id="csrTestRegDao.deleteTestCaseReq">
    <![CDATA[
        ${queryId}
        DELETE FROM TB_ITR047
         WHERE 1=1
           AND CSR_NO       = #{csrNo}
           AND TEST_ID      = #{testId}
           AND TEST_CASE_NO = #{testCaseNo}
    ]]>
    </delete>

<!-- 2025-06-18 Amazon Q Developer : Converted Oracle functions to PostgreSQL -->
<select id="csrTestRegDao.retrieveTestPopupSearch" resultMap="clobMap">		
    <![CDATA[
        ${queryId}
        SELECT 0         AS CHK
             , CSR_NO
             , TEST_ID
             , TEST_TYPE
             , (SELECT S.COM_CD_NM
                  FROM TB_COM001 S
                 WHERE S.GRP_CD = 'CSR_TEST_TYPE'
                   AND S.COM_CD = A.TEST_TYPE )      AS TEST_TYPE_NM                /* 테스트유형명 */
             , TEST_NM
             , TEST_PRFM_EMPNO
             , TEST_INPUT_CNTS
             , SUTBL_YN
             , STAT_CD
          FROM TB_ITR046 A
         WHERE CSR_NO    = #{csrNo}
           AND STAT_CD  >= '110'
         ORDER BY CSR_NO, TEST_ID
    ]]>
    </select>

<!-- 2025-06-18 Amazon Q Developer : Converted Oracle functions to PostgreSQL -->
<select id="csrTestRegDao.retrieveTestCaseApply" resultMap="clobMap">		
    <![CDATA[
        ${queryId}
        SELECT CSR_NO
             , NULL AS TEST_ID
             , TEST_CASE_NO
             , TEST_CNTS
             , TEST_EXPCT_RSLT
             , NULL AS SUTBL_YN
             , NULL AS NON_SUTBL_CNTS
          FROM TB_ITR047
         WHERE 1=1
           AND CSR_NO     = #{csrNo}
           AND TEST_ID    = #{testId}
      ORDER BY TEST_ID, TO_NUMBER(TEST_CASE_NO)
    ]]>
    </select>

<!-- 2025-06-18 Amazon Q Developer : Converted Oracle functions to PostgreSQL -->
<select id="csrTestRegDao.retrieveTestPopupApply" resultMap="clobMap">		
    <![CDATA[
        ${queryId}
        SELECT A.CSR_NO                              AS CSR_NO
             , null                                  AS TEST_ID
             , null                                  AS TEST_TYPE
             , (SELECT S.COM_CD_NM
                  FROM TB_COM001 S
                 WHERE S.GRP_CD = 'CSR_TEST_TYPE'
                   AND S.COM_CD = A.TEST_TYPE )      AS TEST_TYPE_NM                /* 테스트유형명 */
             , A.TEST_NM                             AS TEST_NM
             , A.TEST_PRFM_EMPNO                     AS TEST_PRFM_EMPNO
             , A.TEST_INPUT_CNTS                     AS TEST_INPUT_CNTS
             , NULL                                  AS SUTBL_YN
             , NULL                                  AS STAT_CD
             , 'CSR'                                 AS GUBUN
          FROM TB_ITR046 A
             , TB_ITR001 B
         WHERE 1=1
           AND A.CSR_NO     = B.CSR_NO
           AND A.SEQ        = B.SEQ
           AND A.CSR_NO     = #{csrNo}
           AND A.TEST_ID    = #{testId}
        
        UNION ALL
        
        SELECT A.CSR_NO                              AS CSR_NO
             , null                                  AS TEST_ID
             , null                                  AS TEST_TYPE
             , (SELECT S.COM_CD_NM
                  FROM TB_COM001 S
                 WHERE S.GRP_CD = 'CSR_TEST_TYPE'
                   AND S.COM_CD = A.TEST_TYPE )      AS TEST_TYPE_NM                /* 테스트유형명 */
             , A.TEST_NM                             AS TEST_NM
             , A.TEST_PRFM_EMPNO                     AS TEST_PRFM_EMPNO
             , A.TEST_INPUT_CNTS                     AS TEST_INPUT_CNTS
             , NULL                                  AS SUTBL_YN
             , NULL                                  AS STAT_CD
             , 'PRJ'                                 AS GUBUN
          FROM TB_ITR046 A
             , TB_ITR040 B
         WHERE 1=1
           AND A.CSR_NO     = B.PJT_KEY
           AND A.CSR_NO     = #{csrNo}
           AND A.TEST_ID    = #{testId}   
    ]]>
    </select>

<!-- 2025-06-18 Amazon Q Developer : Converted Oracle functions to PostgreSQL -->
<select id="csrTestRegDao.retrieveTestTypeList" resultType="ohMap">		
    <![CDATA[
        ${queryId}
        SELECT A.TEST_TYPE 
          FROM TB_ITR046 A
         WHERE A.CSR_NO     = #{csrNo}
           AND A.STAT_CD    IN (#{statCd}, #{statCd}+100)
           AND A.TEST_ID   >= (SELECT MAX(TEST_ID)
                                 FROM TB_ITR046
                                WHERE CSR_NO = A.CSR_NO
                                  AND SEQ    = A.SEQ
                            )
    ]]>
    </select>

<!-- 2025-06-18 Amazon Q Developer : Converted Oracle functions to PostgreSQL -->
<select id="csrTestRegDao.retrieveTestCompleteList" resultType="ohMap">		
    <![CDATA[
        ${queryId}
        SELECT TEST_TYPE 
          FROM TB_ITR046
         WHERE CSR_NO     = #{csrNo}
           AND TEST_TYPE  = #{testType}
           AND STAT_CD   != #{statCd}
           AND SUTBL_YN  != ''
    ]]>
    </select>

<!-- 2025-06-18 Amazon Q Developer : Converted Oracle functions to PostgreSQL -->
<select id="csrTestRegDao.retrieveSystemRspberList" resultType="ohMap">		
    <![CDATA[
        ${queryId}
        SELECT COM_CD
             , COM_CD_NM
             , EMAIL
          FROM (SELECT C.USR_ID  AS COM_CD
                     , C.USR_NM  AS COM_CD_NM
                     , C.EMAIL
                  FROM TB_ITR001 A
                     , TB_ITR010 B
                     , TB_USR001 C
                 WHERE 1=1
                   AND A.CSR_NO         = #{csrNo}
                   AND A.BIZ_SYS_CD     = B.SYS_CD
                   AND B.RSPBER_A_EMPNO = C.EMPNO  /* 시스템담당자(정)*/
                UNION ALL
               SELECT C.USR_ID  AS COM_CD
                     , C.USR_NM  AS COM_CD_NM
                     , C.EMAIL
                  FROM TB_ITR001 A
                     , TB_ITR010 B
                     , TB_USR001 C
                 WHERE 1=1
                   AND A.CSR_NO         = #{csrNo}
                   AND A.BIZ_SYS_CD     = B.SYS_CD
                   AND B.SYS_APLY_RSPBER = C.EMPNO     /*배포담당자(정)*/
                UNION ALL
                SELECT D.USR_ID AS COM_CD
                     , D.USR_NM AS COM_CD_NM
                     , D.EMAIL
                  FROM TB_ITR001 A
                     , TB_ITR010 B
                     , TB_ITR011 C
                     , TB_USR001 D
                 WHERE 1=1
                   AND A.CSR_NO         = #{csrNo}
                   AND A.BIZ_SYS_CD     = B.SYS_CD
                   AND B.OPER_SEQ       = C.OPER_SEQ
                   AND C.RSPBER_B_EMPNO = D.EMPNO
                   AND C.GBN_CD          IN ( 'SYSTEM', 'DEPLY') /*시스템담당자(부), 배포담당자(부)*/
               )
         GROUP BY COM_CD, COM_CD_NM, EMAIL
         ORDER BY COM_CD_NM
    ]]>
    </select>

<!-- 2025-06-18 Amazon Q Developer : Converted Oracle functions to PostgreSQL -->
<select id="csrTestRegDao.retrieveCsrRspberList" resultType="ohMap">		
    <![CDATA[
        ${queryId}
        /* 요청자 */
        SELECT B.USR_ID  AS COM_CD
             , B.USR_NM  AS COM_CD_NM
             , B.EMAIL
          FROM TB_ITR001 A
             , TB_USR001 B
         WHERE 1=1
           AND A.CSR_NO    = #{csrNo}
           AND A.REQ_EMPNO = B.EMPNO
         GROUP BY B.USR_ID, B.USR_NM, B.EMAIL
    ]]>
    </select>

<!-- 2025-06-18 Amazon Q Developer : Converted Oracle functions to PostgreSQL -->
<select id="csrTestRegDao.retrievePrjDevList" resultType="ohMap">		
    <![CDATA[
        ${queryId}
        /* 개발자 */
        SELECT DEVEL_EMPNO AS COM_CD
             , DEVEL_NM    AS COM_CD_NM
          FROM TB_ITR040 A
             , TB_ITR043 B
         WHERE 1=1
           AND A.PJT_KEY = #{csrNo}
           AND A.PJT_KEY = B.PJT_KEY
         ORDER BY DEVEL_SEQ
    ]]>
    </select>

<!-- 2025-06-18 Amazon Q Developer : Converted Oracle functions to PostgreSQL -->
<select id="csrTestRegDao.retrievePrjRspberList" resultType="ohMap">		
    <![CDATA[
        ${queryId}
        /* 요청자 */
        SELECT B.USR_ID  AS COM_CD
             , B.USR_NM  AS COM_CD_NM
             , B.EMAIL
          FROM TB_ITR040 A
             , TB_USR001 B
         WHERE 1=1
           AND A.PJT_KEY  = #{csrNo}
           AND A.RGTER_ID = B.EMPNO
         GROUP BY B.USR_ID, B.USR_NM, B.EMAIL
    ]]>
    </select>

<!-- 2025-06-18 Amazon Q Developer : Converted Oracle functions to PostgreSQL -->
<select id="csrTestRegDao.retrievePrjDeptRspberList" resultType="ohMap">		
    <![CDATA[
        ${queryId}
        SELECT COM_CD
             , COM_CD_NM
             , EMAIL
        FROM (
	        /* 주관부서담당자 */
	        SELECT B.USR_ID  AS COM_CD
	             , B.USR_NM  AS COM_CD_NM
	             , B.EMAIL
	          FROM TB_ITR040 A
	             , TB_USR001 B
	         WHERE 1=1
	           AND A.PJT_KEY  = #{csrNo}
	           AND A.RESP_EMPNO = B.EMPNO
	        UNION ALL
	        /* IT 담당자 */
	        SELECT B.USR_ID  AS COM_CD
	             , B.USR_NM  AS COM_CD_NM
	             , B.EMAIL
	          FROM TB_ITR040 A
	             , TB_USR001 B
	         WHERE 1=1
	           AND A.PJT_KEY  = #{csrNo}
	           AND A.IT_RESP_EMPNO = B.EMPNO
	        UNION ALL
	        /* 참여자 */
	        SELECT C.USR_ID  AS COM_CD
	             , C.USR_NM  AS COM_CD_NM
	             , C.EMAIL
	          FROM TB_ITR040 A
	             , TB_ITR042 B
	             , TB_USR001 C
	         WHERE 1=1
	           AND A.PJT_KEY = #{csrNo}
	           AND A.PJT_KEY = B.PJT_KEY
	           AND B.PARTIC_EMPNO = C.EMPNO
	         )
	   GROUP BY COM_CD, COM_CD_NM, EMAIL
    ]]>
    </select>

<!-- 2025-06-18 Amazon Q Developer : Converted Oracle functions to PostgreSQL -->
<select id="csrTestRegDao.retrieveFileRegChk" resultType="ohMap">		
    <![CDATA[
        ${queryId}
		/* SELECT NVL(ATCH_FILE_ID, 'XX')	AS ATCH_FILE_ID */
		SELECT ATCH_FILE_ID	AS ATCH_FILE_ID
		  FROM TB_ITR046
		 WHERE 1=1
		   AND CSR_NO = #{csrNo}
	     ORDER BY 1 ASC		   
    ]]>
    </select>

</mapper>
