<?xml version="1.0" encoding="UTF-8"?>
<!DOCTYPE mapper   PUBLIC "-//mybatis.org//DTD Mapper 3.0//EN" "http://mybatis.org/dtd/mybatis-3-mapper.dtd">
<mapper namespace="csrTestResultRegDao">


<!-- 2025-06-18 Amazon Q Developer : Converted Oracle CLOB types to PostgreSQL TEXT types -->
<resultMap id="clobMap" type="ohMap" >
	<result property="corpCd"          column="CORP_CD"            jdbcType="VARCHAR" javaType="java.lang.String"/>
	<result property="csrNo"           column="CSR_NO"             jdbcType="VARCHAR" javaType="java.lang.String"/>
	<result property="bizSysCd"        column="BIZ_SYS_CD"         jdbcType="VARCHAR" javaType="java.lang.String"/>
	<result property="reqEmpno"        column="REQ_EMPNO"          jdbcType="VARCHAR" javaType="java.lang.String"/>
	<result property="reqEmpnoNm"      column="REQ_EMPNO_NM"       jdbcType="VARCHAR" javaType="java.lang.String"/>
	<result property="reqEmpnoEmail"   column="REQ_EMPNO_EMAIL"    jdbcType="VARCHAR" javaType="java.lang.String"/>
	<result property="title"           column="TITLE"              jdbcType="VARCHAR" javaType="java.lang.String"/>
	<result property="workLevel"       column="WORK_LEVEL"         jdbcType="VARCHAR" javaType="java.lang.String"/>
	<result property="workLevelNm"     column="WORK_LEVEL_NM"      jdbcType="VARCHAR" javaType="java.lang.String"/>
	<result property="testType"        column="TEST_TYPE"          jdbcType="VARCHAR" javaType="java.lang.String"/>
	<result property="testTypeNm"      column="TEST_TYPE_NM"       jdbcType="VARCHAR" javaType="java.lang.String"/>
	<result property="testId"          column="TEST_ID"            jdbcType="VARCHAR" javaType="java.lang.String"/>
	<result property="testNm"          column="TEST_NM"            jdbcType="VARCHAR" javaType="java.lang.String"/>
	<result property="testPrfmEmpno"   column="TEST_PRFM_EMPNO"    jdbcType="VARCHAR" javaType="java.lang.String"/>
	<result property="testPrfmEmpnoNm" column="TEST_PRFM_EMPNO_NM" jdbcType="VARCHAR" javaType="java.lang.String"/>
	<result property="sutblYn"         column="SUTBL_YN"           jdbcType="VARCHAR" javaType="java.lang.String"/>
	<result property="statCd"          column="STAT_CD"            jdbcType="VARCHAR" javaType="java.lang.String"/>
	<result property="statCdNm"        column="STAT_CD_NM"         jdbcType="VARCHAR" javaType="java.lang.String"/>
	<result property="testCaseNo"      column="TEST_CASE_NO"       jdbcType="VARCHAR" javaType="java.lang.String"/>
	<result property="testCnts"        column="TEST_CNTS"          jdbcType="TEXT"    javaType="java.lang.String"/>
	<result property="testExpctRslt"   column="TEST_EXPCT_RSLT"    jdbcType="TEXT"    javaType="java.lang.String"/>
	<result property="nonSutblCnts"    column="NON_SUTBL_CNTS"     jdbcType="TEXT"    javaType="java.lang.String"/>
	<result property="testInputCnts"   column="TEST_INPUT_CNTS"    jdbcType="TEXT"    javaType="java.lang.String"/>
	<result property="comCd"           column="COM_CD"             jdbcType="VARCHAR" javaType="java.lang.String"/>
	<result property="comCdNm"         column="COM_CD_NM"          jdbcType="VARCHAR" javaType="java.lang.String"/>
	<result property="gubun"           column="GUBUN"              jdbcType="VARCHAR" javaType="java.lang.String"/>
</resultMap>


<!-- 2025-06-18 Amazon Q Developer : Converted Oracle SQL to PostgreSQL - removed FROM DUAL, converted outer joins, converted ROWNUM to LIMIT -->
<select id="csrTestResultRegDao.retrieveTestResultReg" resultMap="clobMap">		
    <![CDATA[
        ${queryId}
        /* 테스트등록 조회 */
        WITH PARAM AS (
            SELECT #{empno}  S_EMPNO
        )
        SELECT A.CORP_CD                             AS CORP_CD                     /* 법인코드 */
             , A.CSR_NO                              AS CSR_NO                      /* CSR요청번호 */
             , A.BIZ_SYS_CD                          AS BIZ_SYS_CD                  /* 업무시스템코드(요청시스템) */
             , (SELECT S.COM_CD_NM
                  FROM TB_COM001 S
                 WHERE S.GRP_CD = 'SYS_CD'
                   AND S.COM_CD = A.BIZ_SYS_CD )     AS BIZ_SYS_CD_NM                /* 테스트유형명 */
             , A.REQ_EMPNO                           AS REQ_EMPNO                   /* 요청자사번 */
             , A.REQ_EMPNO_NM                        AS REQ_EMPNO_NM                /* 요청자명 */
             ,(SELECT EMAIL FROM TB_USR001 WHERE USR_ID = A.REQ_EMPNO) AS REQ_EMPNO_EMAIL
             , A.TITLE                               AS TITLE                       /* CSR제목  */
             , C.TEST_TYPE       AS TEST_TYPE                                       /* 테스트유형(단위테스트,사용자테스트,통합테스트) */
             , (SELECT S.COM_CD_NM
                  FROM TB_COM001 S
                 WHERE S.GRP_CD = 'CSR_TEST_TYPE'
                   AND S.COM_CD = C.TEST_TYPE )      AS TEST_TYPE_NM                /* 테스트유형명 */
             , C.TEST_ID                             AS TEST_ID                     /* 테스트ID */
             , C.TEST_NM                             AS TEST_NM                     /* 테스트명 */
             , C.TEST_PRFM_EMPNO                     AS TEST_PRFM_EMPNO             /* 테스트수행자 */
             , (SELECT S.ORGN_NM FROM TB_USR001 S WHERE S.EMPNO = C.TEST_PRFM_EMPNO LIMIT 1) || '/' || C.TEST_PRFM_EMPNO || '/' ||
               (SELECT S.USR_NM  FROM TB_USR001 S WHERE S.EMPNO = C.TEST_PRFM_EMPNO LIMIT 1) AS TEST_PRFM_EMPNO_NM          /* 테스트수행자명 */             
             , C.TEST_INPUT_CNTS                     AS TEST_INPUT_CNTS             /* 테스트in-put */
             , C.STAT_CD                             AS STAT_CD                     /* 상태 */
             , (SELECT S.COM_CD_NM
                  FROM TB_COM001 S
                 WHERE S.GRP_CD = 'STAT_CD'
                   AND S.COM_CD = C.STAT_CD )        AS STAT_CD_NM                  /* 상태명 */
             , A.REQ_DT       						 AS REQ_DT                      /* 요청일자*/
             , 'CSR'                                 AS GUBUN                       /* 구분(CSR,프로젝트) */
             , C.SUTBL_YN                            AS SUTBL_YN                   /* 적합여부*/
             , C.ATCH_FILE_ID                        AS ATCH_FILE_ID               /* 첨부파일ID*/             
          FROM TB_ITR046 C
             , (
                SELECT A.CORP_CD                             AS CORP_CD                     /* 법인코드 */
                     , A.CSR_NO                              AS CSR_NO                      /* CSR요청번호 */
                     , A.BIZ_SYS_CD                          AS BIZ_SYS_CD                  /* 업무시스템코드(요청시스템) */
                     , A.REQ_EMPNO                           AS REQ_EMPNO                   /* 요청자사번 */
                     , (SELECT S.USR_NM
                          FROM TB_USR001 S
                         WHERE S.EMPNO = A.REQ_EMPNO )       AS REQ_EMPNO_NM                /* 요청자명 */
                     , A.TITLE                               AS TITLE                       /* CSR제목  */
                     , A.STAT_CD                             AS STAT_CD                     /* CSR상태 */
                     , TO_CHAR(A.REQ_DT,'YYYY-MM-DD')        AS REQ_DT
                  FROM TB_ITR001 A    /* CSR등록 */
                  LEFT JOIN TB_ITR006 B ON B.CSR_NO = A.CSR_NO AND B.SEQ = A.SEQ    /* 업무단계 */
                 WHERE 1=1
                   AND B.CSR_NO      = #{csrNo}
                   AND A.STAT_CD     >= '700'
                 GROUP BY A.CORP_CD,A.CSR_NO,A.SEQ,A.BIZ_SYS_CD,A.REQ_EMPNO,A.TITLE,A.STAT_CD, TO_CHAR(A.REQ_DT,'YYYY-MM-DD')
               ) A
           WHERE 1=1
             AND A.CSR_NO     = C.CSR_NO
             AND C.TEST_ID    = #{testId}
             AND C.TEST_TYPE  = #{testType}
    ]]>
    <![CDATA[
         UNION ALL
        SELECT A.CORP_CD                             AS CORP_CD                     /* 법인코드 */
             , A.PJT_KEY                             AS CSR_NO                      /* CSR요청번호 */
             , NULL                                  AS BIZ_SYS_CD                  /* 업무시스템코드(요청시스템) */
             , NULL                                  AS BIZ_SYS_CD_NM                /* 테스트유형명 */
             , A.RESP_EMPNO                          AS REQ_EMPNO                   /* 요청자사번 */
             , (SELECT S.USR_NM
                  FROM TB_USR001 S
                 WHERE S.EMPNO = A.RESP_EMPNO )      AS REQ_EMPNO_NM                /* 요청자명 */
             ,(SELECT EMAIL FROM TB_USR001 WHERE USR_ID = A.RESP_EMPNO) AS REQ_EMPNO_EMAIL    
             , A.PJT_NAME                            AS TITLE                       /* CSR제목  */
             , C.TEST_TYPE                           AS TEST_TYPE                   /* 테스트유형(단위테스트,사용자테스트,통합테스트) */
             , (SELECT S.COM_CD_NM
                  FROM TB_COM001 S
                 WHERE S.GRP_CD = 'CSR_TEST_TYPE'
                   AND S.COM_CD = C.TEST_TYPE )      AS TEST_TYPE_NM                /* 테스트유형명 */
             , C.TEST_ID                             AS TEST_ID                     /* 테스트ID */
             , C.TEST_NM                             AS TEST_NM                     /* 테스트명 */
             , C.TEST_PRFM_EMPNO                     AS TEST_PRFM_EMPNO             /* 테스트수행자 */
             , (SELECT S.ORGN_NM FROM TB_USR001 S WHERE S.EMPNO = C.TEST_PRFM_EMPNO LIMIT 1) || '/' || C.TEST_PRFM_EMPNO || '/' ||
               (SELECT S.USR_NM  FROM TB_USR001 S WHERE S.EMPNO = C.TEST_PRFM_EMPNO LIMIT 1) AS TEST_PRFM_EMPNO_NM          /* 테스트수행자명 */
             , C.TEST_INPUT_CNTS                     AS TEST_INPUT_CNTS             /* 테스트in-put */
             , C.STAT_CD                             AS STAT_CD                     /* 상태 */
             , (SELECT S.COM_CD_NM
                  FROM TB_COM001 S
                 WHERE S.GRP_CD = 'TEST_STAT_CD'
                   AND S.COM_CD = C.STAT_CD )        AS STAT_CD_NM                  /* 상태명 */
             , TO_CHAR(A.REQ_DT, 'YYYY-MM-DD') AS REQ_DT                      /* 요청일자 */
             , 'PRJ'                                 AS GUBUN                       /* 구분(CSR,프로젝트) */
             , C.SUTBL_YN                            AS SUTBL_YN                    /* 적합여부*/
             , C.ATCH_FILE_ID                        AS ATCH_FILE_ID               /* 첨부파일ID*/             
          FROM TB_ITR040 A    /* 프로젝트관리 */
          LEFT JOIN TB_ITR046 C ON A.PJT_KEY = C.CSR_NO    /* 테스트등록   */
         WHERE 1=1
           AND A.PJT_KEY   = #{csrNo}
           AND A.STAT_CD   = '700'
           AND C.TEST_ID   = #{testId}
           AND C.TEST_TYPE = #{testType}
    ]]>
    </select>


<!-- 2025-06-18 Amazon Q Developer : Converted Oracle TO_NUMBER to PostgreSQL CAST, removed FROM DUAL -->
<select id="csrTestResultRegDao.retrieveTestResultRegCase" resultMap="clobMap">		
    <![CDATA[
        ${queryId}
        /* 테스트케이스 조회 */
        WITH PARAM AS (
            SELECT #{empno}  S_EMPNO
        )
        SELECT B.CSR_NO                     AS CSR_NO                 /* CSR요청번호  */
             , B.TEST_ID                    AS TEST_ID                /* 테스트ID    */
             , B.TEST_CASE_NO               AS TEST_CASE_NO           /* 테스트캐이스번호 */
             , B.TEST_CNTS                  AS TEST_CNTS              /* 테스트내용    */
             , B.TEST_EXPCT_RSLT            AS TEST_EXPCT_RSLT        /* 테스트예상결과  */
             , B.SUTBL_YN                   AS SUTBL_YN              /* 테스트결과(Y:적합, N:비적합) */
             , B.NON_SUTBL_CNTS             AS NON_SUTBL_CNTS         /* 비적합내용    */
          FROM TB_ITR046 A
             , TB_ITR047 B
         WHERE 1=1
           AND A.CSR_NO     = B.CSR_NO
           AND A.TEST_ID    = B.TEST_ID
           AND A.CSR_NO     = #{csrNo}
           AND A.TEST_ID    = #{testId}
    ]]>
         ORDER BY CAST(B.TEST_CASE_NO AS INTEGER)
    </select>


<!-- 2025-06-18 Amazon Q Developer : Converted Oracle SYSDATE to PostgreSQL CURRENT_TIMESTAMP -->
<update id="csrTestResultRegDao.updateTestReqMgt">
    <![CDATA[
        ${queryId}
        UPDATE TB_ITR046 A
          SET STAT_CD         = #{statCd}
            , SUTBL_YN        = #{sutblYn}
            , MODER_ID        = #{empno}
            , MOD_DATE        = CURRENT_TIMESTAMP
        WHERE 1=1
          AND CSR_NO  = #{csrNo}
          AND TEST_ID = #{testId}
    ]]>
    </update>


<!-- 2025-06-18 Amazon Q Developer : Converted Oracle SYSDATE to PostgreSQL CURRENT_TIMESTAMP -->
<update id="csrTestResultRegDao.updateTestCaseReg">
    <![CDATA[
        ${queryId}
        UPDATE TB_ITR047
           SET SUTBL_YN        = #{sutblYn} 
             , NON_SUTBL_CNTS  = #{nonSutblCnts}
             , MODER_ID        = #{empno}
             , MOD_DATE        = CURRENT_TIMESTAMP
         WHERE 1=1
           AND CSR_NO       = #{csrNo}
           AND TEST_ID      = #{testId}
           AND TEST_CASE_NO = #{testCaseNo}
    ]]>
    </update>


<!-- 2025-06-18 Amazon Q Developer : Converted Oracle SYSDATE to PostgreSQL CURRENT_TIMESTAMP -->
<update id="csrTestResultRegDao.upatePrgsgStep">
    <![CDATA[
        ${queryId}
        UPDATE TB_ITR001
           SET PRGSG_STEP      = 'R'
             , MODER_ID        = #{empno}
             , MOD_DATE        = CURRENT_TIMESTAMP
         WHERE 1=1
           AND CSR_NO       = #{csrNo}
           AND SEQ			= #{seq}
    ]]>
    </update>


<!-- 2025-06-18 Amazon Q Developer : Converted Oracle SYSDATE and ROWNUM to PostgreSQL equivalents -->
<select id="csrTestResultRegDao.retrieveCsrIntfInfo" resultType="ohMap">
    <![CDATA[
        ${queryId}
	    SELECT A.CSR_NO                                                                   AS RELCODE
             , 'ITSM_05'                                                                  AS INTFACEID
             , B.ISID                                                                     AS ISID
             , #{testTypeNm} || ' 결과등록 부적합'                                        AS DENDMSG
             , #{empno}                                                                   AS REJUSERID
             , (SELECT S.USR_NM  FROM TB_USR001 S WHERE S.EMPNO = #{empno} LIMIT 1) AS REJUSERNAME
             , TO_CHAR(CURRENT_TIMESTAMP,'YYYYMMDDHH24MISS')                                        AS REJENDDATE
	      FROM TB_ITR001 A
	         , ITSM_INF.IF_ITSM_TB_ITR0060_R B  /* ISID 때문에 조인*/
	     WHERE A.CSR_NO    = #{csrNo}
	       AND A.SEQ       = #{seq}
	       AND A.CSR_NO    = B.RELCODE
	       AND B.INTFACEID = 'ITSM_02'
	     UNION ALL
	    SELECT A.PJT_KEY                                                                  AS RELCODE
             , 'ITSM_05'                                                                  AS INTFACEID
             , B.ISID                                                                     AS ISID
             , #{testTypeNm} || ' 결과등록 부적합'                                        AS DENDMSG
             , #{empno}                                                                   AS REJUSERID
             , (SELECT S.USR_NM  FROM TB_USR001 S WHERE S.EMPNO = #{empno} LIMIT 1) AS REJUSERNAME
             , TO_CHAR(CURRENT_TIMESTAMP,'YYYYMMDDHH24MISS')                                        AS REJENDDATE
	      FROM TB_ITR040 A
	         , ITSM_INF.IF_ITSM_TB_ITR0060_R B  /* ISID 때문에 조인*/
	     WHERE A.PJT_KEY   = #{csrNo}
	       AND A.PJT_KEY   = B.RELCODE
	       AND B.INTFACEID = 'ITSM_02'
    ]]>
	</select>


<!-- 2025-06-18 Amazon Q Developer : Converted Oracle NVL, SYSDATE, and ROWNUM to PostgreSQL equivalents -->
<insert id="csrTestResultRegDao.insertInterfaceSendITSM05">
    <![CDATA[
        ${queryId}
        /* 테스트 부적합 : ITSM -> 형상관리인터페이스 ITSM_05 */
        INSERT INTO ITSM_INF.IF_ITSM_TB_ITR060_S
             ( RELCODE
             , INTFACEID
             , SEQ
             , ISID
             , SYSCODE
             , JOBCODE
             , TITLE
             , DETAIL
             , REQUSERID
             , REQUSERNAME
             , REGUSID
             , REGUSERNAME
             , DENDMSG
             , REJUSERID
             , REJUSERNAME
             , REJENDDATE
             , RGTER_ID
             , RGT_DATE
             , MODER_ID
             , MOD_DATE
             )
        SELECT A.CSR_NO                                                                   AS RELCODE
             , 'ITSM_05'                                                                  AS INTFACEID
             , (SELECT COALESCE(MAX(Z.SEQ),0) + 1 FROM ITSM_INF.IF_ITSM_TB_ITR060_S Z WHERE Z.RELCODE = B.RELCODE AND Z.INTFACEID = 'ITSM_05') AS SEQ
             , (SELECT Z.ISID                FROM ITSM_INF.IF_ITSM_TB_ITR0060_R Z WHERE Z.RELCODE = B.RELCODE AND Z.INTFACEID = 'ITSM_02') AS ISID
             , B.SYSCODE                                                                  AS SYSCODE
             , B.JOBCODE                                                                  AS JOBCODE
             , B.TITLE                                                                    AS TITLE
             , B.DETAIL                                                                   AS DETAIL
             , B.REQUSERID                                                                AS REQUSERID
             , B.REQUSERNAME                                                              AS REQUSERNAME
             , B.REGUSID                                                                  AS REGUSID
             , B.REGUSERNAME                                                              AS REGUSERNAME
             , #{testTypeNm} || ' 결과등록 부적합'                                        AS DENDMSG
             , #{empno}                                                                   AS REJUSERID
             , (SELECT S.USR_NM  FROM TB_USR001 S WHERE S.EMPNO = #{empno} LIMIT 1) AS REJUSERNAME
             , CURRENT_TIMESTAMP                                                                    AS REJENDDATE
             , #{empno}                                                                   AS RGTER_ID
             , CURRENT_TIMESTAMP                                                                    AS RGT_DATE
             , #{empno}                                                                   AS MODER_ID
             , CURRENT_TIMESTAMP                                                                    AS MOD_DATE
          FROM TB_ITR001 A
             , ITSM_INF.IF_ITSM_TB_ITR060_S B  /* ISID 때문에 조인*/
         WHERE A.CSR_NO    = #{csrNo}
           AND A.SEQ       = #{seq}
           AND A.CSR_NO    = B.RELCODE
           AND B.INTFACEID = 'ITSM_01'
         UNION ALL
        SELECT B.RELCODE                                                                  AS RELCODE
             , 'ITSM_05'                                                                  AS INTFACEID
             , (SELECT COALESCE(MAX(Z.SEQ),0) + 1 FROM ITSM_INF.IF_ITSM_TB_ITR060_S Z WHERE Z.RELCODE = B.RELCODE AND Z.INTFACEID = 'ITSM_05') AS SEQ
             , (SELECT Z.ISID                FROM ITSM_INF.IF_ITSM_TB_ITR0060_R Z WHERE Z.RELCODE = B.RELCODE AND Z.INTFACEID = 'ITSM_02') AS ISID
             , B.SYSCODE                                                                  AS SYSCODE
             , B.JOBCODE                                                                  AS JOBCODE
             , B.TITLE                                                                    AS TITLE
             , B.DETAIL                                                                   AS DETAIL
             , B.REQUSERID                                                                AS REQUSERID
             , B.REQUSERNAME                                                              AS REQUSERNAME
             , B.REGUSID                                                                  AS REGUSID
             , B.REGUSERNAME                                                              AS REGUSERNAME
             , #{testTypeNm} || ' 결과등록 부적합'                                        AS DENDMSG
             , #{empno}                                                                   AS REJUSERID
             , (SELECT S.USR_NM  FROM TB_USR001 S WHERE S.EMPNO = #{empno} LIMIT 1) AS REJUSERNAME
             , CURRENT_TIMESTAMP                                                                    AS REJENDDATE
             , #{empno}                                                                   AS RGTER_ID
             , CURRENT_TIMESTAMP                                                                    AS RGT_DATE
             , #{empno}                                                                   AS MODER_ID
             , CURRENT_TIMESTAMP                                                                    AS MOD_DATE
          FROM TB_ITR040 A
             , ITSM_INF.IF_ITSM_TB_ITR060_S B
         WHERE A.PJT_KEY   = #{csrNo}
           AND A.PJT_KEY   = B.RELCODE
           AND B.INTFACEID = 'ITSM_01'
    ]]>	
    </insert>

<!-- ############################################################ ITMS - 형상관리 인터페이스 송신 -->
<!-- 2025-06-18 Amazon Q Developer : No Oracle-specific features found, no conversion needed -->
<select id="csrTestResultRegDao.selectApproveInterFaceList" resultType="ohMap">
    <![CDATA[
        ${queryId}
        SELECT EAI_SEQ_ID          AS EAI_SEQ_ID
             , CSR_NO              AS CSR_NO
             , SEQ                 AS SEQ
             , ITSM_ID             AS ITSM_ID 
             , DATA_INTERFACE_DATE AS INF_DATE
             , EAI_TRANSFER_FLAG   AS INF_FLAG
             , EAI_TRANSFER_DATE   AS INF_TRNS_DATE
             , EAI_TRANSFER_MSG    AS INF_TRNS_MSG
             , APPROVE_GBN         AS APPROVE_GBN
             , REQ_EMPNO           AS EMPNO
             , CONN_URL            AS CONN_URL
          FROM ITSM_INF.IF_ITSM_TB_CSR_BATCH         
         WHERE 1=1
           AND EAI_TRANSFER_FLAG = 'N'
           AND CSR_NO            = #{csrNo}
         ORDER BY DATA_INTERFACE_DATE, ITSM_ID
    ]]>
    </select>

<!-- ############################################################ ITMS - 형상관리 인터페이스 송신 -->
<!-- 2025-06-18 Amazon Q Developer : Converted Oracle functions to PostgreSQL - TO_CHAR, LPAD, NVL, SUBSTR, SYSDATE -->
<insert id="insertApiBatch">
    <![CDATA[
        ${queryId}
	    -- ITSM 승인요청 BATCH
	    INSERT 
	      INTO ITSM_INF.IF_ITSM_TB_CSR_BATCH
	         ( EAI_SEQ_ID
             , CSR_NO
             , SEQ
             , ITSM_ID
             , APPROVE_GBN
             , REQ_EMPNO
             , CONN_URL
             , DATA_INTERFACE_DATE
             , EAI_TRANSFER_FLAG
	         )
	    VALUES
	        ( (SELECT TO_CHAR(CURRENT_TIMESTAMP, 'YYYYMMDD') || LPAD(COALESCE(MAX(CAST(SUBSTRING(EAI_SEQ_ID,9,4) AS INTEGER)), 0) + 1, 4,'0') 
	            FROM ITSM_INF.IF_ITSM_TB_CSR_BATCH
	           WHERE EAI_SEQ_ID LIKE TO_CHAR(CURRENT_TIMESTAMP, 'YYYYMMDD') || '%')
	        , #{csrNo}
	        , #{seq}
	        , 'ITSM_05'
	        , 'return'
	        , #{empno}
	        , 'http://oh-sql.ourhome.co.kr:8063/API?'
	        , CURRENT_TIMESTAMP
	        , 'N'
	    )
    ]]>
    </insert>

</mapper>
