<?xml version="1.0" encoding="UTF-8"?>
<!DOCTYPE mapper   PUBLIC "-//mybatis.org//DTD Mapper 3.0//EN" "http://mybatis.org/dtd/mybatis-3-mapper.dtd">

<mapper namespace="csrTestSearchDao"> 
<resultMap id="clobMap" type="ohMap" >
	<result property="corpCd"          column="CORP_CD"            jdbcType="VARCHAR" javaType="java.lang.String"/>
	<result property="csrNo"           column="CSR_NO"             jdbcType="VARCHAR" javaType="java.lang.String"/>
	<result property="seq"             column="SEQ"                jdbcType="VARCHAR" javaType="java.lang.String"/>
	<result property="bizSysCd"        column="BIZ_SYS_CD"         jdbcType="VARCHAR" javaType="java.lang.String"/>
	<result property="reqEmpno"        column="REQ_EMPNO"          jdbcType="VARCHAR" javaType="java.lang.String"/>
	<result property="reqEmpnoNm"      column="REQ_EMPNO_NM"       jdbcType="VARCHAR" javaType="java.lang.String"/>
	<result property="title"           column="TITLE"              jdbcType="VARCHAR" javaType="java.lang.String"/>
	<result property="testType"        column="TEST_TYPE"          jdbcType="VARCHAR" javaType="java.lang.String"/>
	<result property="testTypeNm"      column="TEST_TYPE_NM"       jdbcType="VARCHAR" javaType="java.lang.String"/>
	<result property="testId"          column="TEST_ID"            jdbcType="VARCHAR" javaType="java.lang.String"/>
	<result property="testNm"          column="TEST_NM"            jdbcType="VARCHAR" javaType="java.lang.String"/>
	<result property="testPrfmEmpno"   column="TEST_PRFM_EMPNO"    jdbcType="VARCHAR" javaType="java.lang.String"/>
	<result property="testPrfmEmpnoNm" column="TEST_PRFM_EMPNO_NM" jdbcType="VARCHAR" javaType="java.lang.String"/>
	<result property="sutblYn"         column="SUTBL_YN"            jdbcType="VARCHAR" javaType="java.lang.String"/>
	<result property="statCd"          column="STAT_CD"            jdbcType="VARCHAR" javaType="java.lang.String"/>
	<result property="statCdNm"        column="STAT_CD_NM"         jdbcType="VARCHAR" javaType="java.lang.String"/>
	<result property="testCaseNo"      column="TEST_CASE_NO"       jdbcType="VARCHAR" javaType="java.lang.String"/>
	<result property="testCnts"        column="TEST_CNTS"          jdbcType="CLOB"    javaType="java.lang.String"/>
	<result property="testExpctRslt"   column="TEST_EXPCT_RSLT"    jdbcType="CLOB"    javaType="java.lang.String"/>
	<result property="nonSutblCnts"    column="NON_SUTBL_CNTS"     jdbcType="CLOB"    javaType="java.lang.String"/>
	<result property="testInputCnts"   column="TEST_INPUT_CNTS"    jdbcType="CLOB"    javaType="java.lang.String"/>
	<result property="comCd"           column="COM_CD"             jdbcType="VARCHAR" javaType="java.lang.String"/>
	<result property="comCdNm"         column="COM_CD_NM"          jdbcType="VARCHAR" javaType="java.lang.String"/>
</resultMap>
    <select id="csrTestSearchDao.retrieveCsrTestList" resultMap="clobMap">		
    <![CDATA[
        ${queryId}
        /* 테스트리스트 조회  */
        SELECT A.CORP_CD                             AS CORP_CD                     /* 법인코드 */
             , A.CSR_NO                              AS CSR_NO                      /* CSR요청번호 */
             , A.SEQ                                 AS SEQ
             , A.BIZ_TYPE                            AS BIZ_TYPE
             , (SELECT S.COM_CD_NM FROM TB_COM001 S WHERE S.GRP_CD = 'CSR_BIZ_TYPE' AND S.COM_CD = A.BIZ_TYPE ) AS BIZ_TYPE_NM
             , A.BIZ_SYS_CD                          AS BIZ_SYS_CD                  /* 업무시스템코드(요청시스템) */
             , (SELECT S.COM_CD_NM FROM TB_COM001 S WHERE S.GRP_CD = 'SYS_CD' AND S.COM_CD = A.BIZ_SYS_CD ) AS BIZ_SYS_CD_NM	/* 업무시스템코드(요청시스템) */
             , A.REQ_EMPNO                           AS REQ_EMPNO                   /* 요청자사번 */
             , -- (SELECT S.ORGN_NM  FROM TB_USR001 S WHERE S.EMPNO = A.REQ_EMPNO    AND ROWNUM =1 ) || '/' || A.REQ_EMPNO || '/' ||
               (SELECT S.USR_NM   FROM TB_USR001 S WHERE S.EMPNO = A.REQ_EMPNO) AS REQ_EMPNO_NM                /* 요청자명 */
             , A.RSPBER_EMPNO                           AS RSPBER_EMPNO                   /* 담당자사번 */
             , --(SELECT S.ORGN_NM  FROM TB_USR001 S WHERE S.EMPNO = A.RSPBER_EMPNO    AND ROWNUM =1 ) || '/' || A.RSPBER_EMPNO || '/' ||
               (SELECT S.USR_NM   FROM TB_USR001 S WHERE S.EMPNO = A.RSPBER_EMPNO) AS RSPBER_EMPNO_NM                /* 담당자명 */
             , A.TITLE                               AS TITLE                       /* CSR제목  */
             , C.TEST_TYPE                           AS TEST_TYPE                   /* 테스트유형(단위테스트,사용자테스트,통합테스트) */
             , (SELECT S.COM_CD_NM FROM TB_COM001 S WHERE S.GRP_CD = 'CSR_TEST_TYPE' AND S.COM_CD = C.TEST_TYPE ) AS TEST_TYPE_NM /* 테스트유형명 */
             , C.TEST_ID                             AS TEST_ID                     /* 테스트ID */
             , C.TEST_NM                             AS TEST_NM                     /* 테스트명 */
             , C.TEST_PRFM_EMPNO                     AS TEST_PRFM_EMPNO             /* 테스트수행자 */
             , (SELECT S.USR_NM FROM TB_USR001 S WHERE S.EMPNO = C.TEST_PRFM_EMPNO AND ROWNUM =1) AS TEST_PRFM_EMPNO_NM /* 테스트수행자 */
             , C.SUTBL_YN                            AS SUTBL_YN                    /* 테스트결과(Y:적합, N:비적합) */
             , C.STAT_CD                             AS STAT_CD                     /* 상태 */
             , (SELECT S.COM_CD_NM
                  FROM TB_COM001 S
                 WHERE S.GRP_CD = 'TEST_STAT_CD'
                   AND S.COM_CD = C.STAT_CD )        AS STAT_CD_NM                  /* 상태명 */
             , A.STAT_CD                             AS CSR_STAT_CD                 /* CSR상태 */
             , 'CSR'                                 AS GUBUN                       /* 구분(CSR,프로젝트) */
             
             , CASE WHEN #{empno} = A.REQ_EMPNO THEN 'Y'                                         
                    ELSE (
                          SELECT CASE WHEN COUNT(*) > 0 THEN 'Y' ELSE 'N' END  
					 	    FROM TB_ITR010 Y
						       , TB_ITR011 Z
						   WHERE 1=1
						     AND Y.OPER_SEQ = Z.OPER_SEQ
						     AND Z.GBN_CD = 'SYSTEM'
						     AND (Y.RSPBER_A_EMPNO = #{empno} OR Z.RSPBER_B_EMPNO = #{empno})
                         )
               END                                   AS SYS_AUTH  								/* 요청자 */
             , CASE WHEN  C.STAT_CD = '290' AND C.TEST_TYPE = 'TCT002' AND ( SELECT COUNT(*)
                                                       FROM TB_ITR046 Z
                                                      WHERE 1=1
                                                        AND Z.CSR_NO    = C.CSR_NO
                                                        AND (Z.SUTBL_YN IS NULL)) = 0
                                                 AND (SELECT MAX(TEST_ID)
                                                        FROM TB_ITR046 Z
                                                       WHERE 1=1
                                                         AND Z.TEST_TYPE = 'TCT002'
                                                         AND Z.CSR_NO    = C.CSR_NO) = C.TEST_ID 
                                                 AND #{empno} IN (SELECT Z.RGTER_ID
                                                                    FROM TB_ITR046 Z
                                                                   WHERE 1=1
                                                                     AND Z.CSR_NO = C.CSR_NO
                                                                 )
                    THEN 'Y'
                    WHEN  C.STAT_CD = '190' AND C.TEST_TYPE = 'TCT001' 
                                            AND A.BIZ_TYPE = 'BT1200'
                                                 AND ( SELECT COUNT(*)
                                                       FROM TB_ITR046 Z
                                                      WHERE 1=1
                                                        AND Z.CSR_NO    = C.CSR_NO
                                                        AND (Z.SUTBL_YN IS NULL)) = 0
                                                 AND (SELECT MAX(TEST_ID)
                                                        FROM TB_ITR046 Z
                                                       WHERE 1=1
                                                         AND Z.TEST_TYPE = 'TCT001'
                                                         AND Z.CSR_NO    = C.CSR_NO) = C.TEST_ID 
                                                 AND '1801885' IN (SELECT Z.RGTER_ID
                                                                    FROM TB_ITR046 Z
                                                                   WHERE 1=1
                                                                     AND Z.CSR_NO = C.CSR_NO
                                                                 )
                    THEN 'Y'
                    WHEN C.STAT_CD IN ('130', '230', '330') AND C.SUTBL_YN = 'N'
                    										AND C.SYS_APLY_RSPBER IS NULL
                                                            AND #{empno}  IN (SELECT Z.RGTER_ID
                                                                                FROM TB_ITR046 Z
                                                                               WHERE 1=1
                                                                                 AND Z.CSR_NO = C.CSR_NO
                                                                             )
                    THEN 'R'                    
                    ELSE 'N'
               END  REQ_BTN_YN                                                      /* 배포승인요청-사용자테스트(적합) */
            ,  C.SYS_APLY_RSPBER													AS SYS_APLY
            , (SELECT S.USR_NM   FROM TB_USR001 S WHERE S.EMPNO =C.SYS_APLY_RSPBER) AS SYS_APLY_NM
          FROM (
                SELECT A.CORP_CD                             AS CORP_CD                     /* 법인코드 */
                     , A.CSR_NO                              AS CSR_NO                      /* CSR요청번호 */
                     , A.SEQ                                 AS SEQ
                     , A.BIZ_TYPE                            AS BIZ_TYPE
                     , A.BIZ_SYS_CD                          AS BIZ_SYS_CD                  /* 업무시스템코드(요청시스템) */
                     , A.REQ_EMPNO                           AS REQ_EMPNO                   /* 요청자사번 */
                     , A.RSPBER_EMPNO                        AS RSPBER_EMPNO
                     , A.TITLE                               AS TITLE                       /* CSR제목  */
                     , A.STAT_CD                             AS STAT_CD                     /* CSR상태 */
                  FROM TB_ITR001 A    /* CSR등록 */
                     , TB_ITR006 B    /* 업무단계 */
                 WHERE 1=1
                   AND B.CSR_NO      = A.CSR_NO(+)
                   AND B.SEQ         = A.SEQ(+)
                   AND B.WORK_LEVEL IN ('A00060', 'A00070')
                   AND TRUNC(A.REQ_DT)     >= #{reqDtSt}
                   AND TRUNC(A.REQ_DT)     <= #{reqDtEd}
    	]]>
		        <if test="csrCmplt == 'true'">
		             AND A.STAT_CD     >= '700'
		        </if>
		        <if test="csrCmplt == 'false'">
		             AND A.STAT_CD     = '700'
		        </if>
    	<![CDATA[                   
                   
                   --AND A.PRGSG_STEP  = 'T'  -- Test 가능상태
                 GROUP BY A.CORP_CD, A.CSR_NO, A.SEQ, A.BIZ_TYPE, A.BIZ_SYS_CD, A.RSPBER_EMPNO, A.REQ_EMPNO, A.TITLE, A.STAT_CD
    ]]>
    <![CDATA[
               ) A
               , TB_ITR046 C
           WHERE 1=1
             AND A.CSR_NO     = C.CSR_NO(+)
             AND 'Y' IN (
	                        SELECT  'Y'   /*담당자, */
	                        FROM    TB_ITR001  S
	                        WHERE S.CSR_NO = A.CSR_NO  AND S.RSPBER_EMPNO  = NVL( #{empno}, S.RSPBER_EMPNO )
	                        AND   ROWNUM = 1
	                        UNION
	                        SELECT  CASE WHEN  A.REQ_EMPNO  = NVL( #{empno}, A.REQ_EMPNO) THEN   'Y' ELSE '' END  /*담당자, */
	                        FROM    DUAL
                            UNION
                            SELECT  CASE WHEN  C.TEST_PRFM_EMPNO = NVL(#{empno}, C.TEST_PRFM_EMPNO) THEN 'Y' ELSE '' END
                            FROM    DUAL
	                    )                   
    ]]>
        <if test="sysCd != null and sysCd  !=''">
             AND A.BIZ_SYS_CD  = #{sysCd}
        </if>
        <if test="reqEmpno != null and reqEmpno  !=''">
             AND A.REQ_EMPNO   = #{reqEmpno}
        </if>
        <if test="testEmpno != null and testEmpno  !=''">
             AND C.TEST_PRFM_EMPNO = #{testEmpno}
        </if>
        <if test="sutblYn != null and sutblYn  !=''">
             AND C.SUTBL_YN   = #{sutblYn}
        </if>
    	<![CDATA[
         UNION ALL
        SELECT A.CORP_CD                             AS CORP_CD                     /* 법인코드 */
             , A.PJT_KEY                             AS CSR_NO                      /* CSR요청번호 */
             , NULL                                  AS SEQ
             , ''                                    AS BIZ_TYPE
             , ''                                    AS BIZ_TYPE_NM	
             , ''                                    AS BIZ_SYS_CD                  /* 업무시스템코드(요청시스템) */
             , ''                                    AS BIZ_SYS_CD_NM
             , A.RESP_EMPNO                          AS REQ_EMPNO                   /* 요청자사번 */
             , --(SELECT S.ORGN_NM  FROM TB_USR001 S WHERE S.EMPNO = A.RESP_EMPNO    AND ROWNUM =1 ) || '/' || A.RESP_EMPNO || '/' ||
               (SELECT S.USR_NM   FROM TB_USR001 S WHERE S.EMPNO = A.RESP_EMPNO )    AS REQ_EMPNO_NM                /* 요청자명 */
             , A.IT_RESP_EMPNO                       AS RSPBER_EMPNO                   /* 담당자사번 */
             , --(SELECT S.ORGN_NM  FROM TB_USR001 S WHERE S.EMPNO = A.IT_RESP_EMPNO    AND ROWNUM =1 ) || '/' || A.IT_RESP_EMPNO || '/' ||
               (SELECT S.USR_NM   FROM TB_USR001 S WHERE S.EMPNO = A.IT_RESP_EMPNO ) AS RSPBER_EMPNO_NM                /* 담당자명 */
             , A.PJT_NAME                            AS TITLE                       /* CSR제목  */
             , C.TEST_TYPE                           AS TEST_TYPE                   /* 테스트유형(단위테스트,사용자테스트,통합테스트) */
             , (SELECT S.COM_CD_NM
                  FROM TB_COM001 S
                 WHERE S.GRP_CD = 'CSR_TEST_TYPE'
                   AND S.COM_CD = C.TEST_TYPE )      AS TEST_TYPE_NM                /* 테스트유형명 */
             , C.TEST_ID                             AS TEST_ID                     /* 테스트ID */
             , C.TEST_NM                             AS TEST_NM                     /* 테스트명 */
             , C.TEST_PRFM_EMPNO                     AS TEST_PRFM_EMPNO             /* 테스트수행자 */
             , (SELECT S.USR_NM FROM TB_USR001 S WHERE S.EMPNO = C.TEST_PRFM_EMPNO AND ROWNUM =1) AS TEST_PRFM_EMPNO_NM /* 테스트수행자 */
             , C.SUTBL_YN                            AS SUTBL_YN                    /* 테스트결과(Y:적합, N:비적합) */
             , C.STAT_CD                             AS STAT_CD                     /* 상태 */
             , (SELECT S.COM_CD_NM
                  FROM TB_COM001 S
                 WHERE S.GRP_CD = 'TEST_STAT_CD'
                   AND S.COM_CD = C.STAT_CD )        AS STAT_CD_NM                  /* 상태명 */
             , A.STAT_CD                             AS CSR_STAT_CD                 /* CSR상태 */
             , 'PRJ'                                 AS GUBUN                       /* 구분(CSR,프로젝트) */
             , 'Y'                                   AS SYS_AUTH
             , CASE WHEN C.STAT_CD = '390' AND C.TEST_TYPE = 'TCT003' AND ( SELECT COUNT(*)
                                                       FROM TB_ITR046 Z
                                                      WHERE 1=1
                                                        AND Z.CSR_NO    = C.CSR_NO
                                                        AND (Z.SUTBL_YN IS NULL OR Z.SUTBL_YN = 'N')) = 0 
                                                 AND (SELECT MAX(TEST_ID)
                                                        FROM TB_ITR046 Z
                                                       WHERE 1=1
                                                         AND Z.TEST_TYPE = 'TCT003'
                                                         AND Z.CSR_NO    = C.CSR_NO) = C.TEST_ID 
                                                 AND #{empno} IN (SELECT Z.RGTER_ID
				                                                    FROM TB_ITR046 Z
				                                                   WHERE 1=1
				                                                     AND Z.CSR_NO = C.CSR_NO
				                                                 )
					THEN 'Y'
                    ELSE 'N'
               END  REQ_BTN_YN                                                      /* 배포승인요청-통합테스트(적합) */
            ,  C.SYS_APLY_RSPBER													AS SYS_APLY
            , (SELECT S.USR_NM   FROM TB_USR001 S WHERE S.EMPNO =C.SYS_APLY_RSPBER) AS SYS_APLY_NM
          FROM TB_ITR040 A    /* 프로젝트관리 */
             , TB_ITR046 C    /* 테스트등록   */
         WHERE 1=1
           AND A.PJT_KEY    = C.CSR_NO(+)
           AND TRUNC(A.REQ_DT)    >= #{reqDtSt}
           AND TRUNC(A.REQ_DT)    <= #{reqDtEd}
           AND A.STAT_CD    = '700'
           --AND A.PRGSG_STEP  = 'T'  -- Test 가능상태
        ]]>
        <if test="sysCd != null and sysCd  !=''">
           AND 1=2
        </if>
        <if test="reqEmpno != null and reqEmpno  !=''">
           AND A.RESP_EMPNO   = #{reqEmpno}
        </if>
        <if test="testEmpno != null and testEmpno  !=''">
           AND C.TEST_PRFM_EMPNO = #{testEmpno}
        </if>
        <if test="sutblYn != null and sutblYn  !=''">
             AND C.SUTBL_YN   = #{sutblYn}
        </if>
       ORDER BY CSR_NO, TEST_ID, TEST_TYPE
    </select>

    <select id="csrTestSearchDao.retrieveCsrTestListA" resultMap="clobMap">		
    <![CDATA[
        ${queryId}
        WITH PARAM AS (
              SELECT #{empno}  S_EMPNO
                    ,FN_CHK_USER_AUTH_YN('A001',#{empno}) A001_YN  /* A001(ADMIN) 권한여부 확인 */
                    ,FN_CHK_USER_AUTH_YN('G020',#{empno}) G020_YN  /* G020(시스템운영자) 권한여부 확인 */
                FROM DUAL
        )

        SELECT A.*
          FROM (          
        /* 테스트리스트 조회  */
        SELECT A.CORP_CD                             AS CORP_CD                     /* 법인코드 */
             , A.CSR_NO                              AS CSR_NO                      /* CSR요청번호 */
             , A.SEQ                                 AS SEQ
             , A.BIZ_TYPE                            AS BIZ_TYPE
             , (SELECT S.COM_CD_NM FROM TB_COM001 S WHERE S.GRP_CD = 'CSR_BIZ_TYPE' AND S.COM_CD = A.BIZ_TYPE ) AS BIZ_TYPE_NM
             , A.BIZ_SYS_CD                          AS BIZ_SYS_CD                  /* 업무시스템코드(요청시스템) */
             , (SELECT S.COM_CD_NM FROM TB_COM001 S WHERE S.GRP_CD = 'SYS_CD' AND S.COM_CD = A.BIZ_SYS_CD ) AS BIZ_SYS_CD_NM	/* 업무시스템코드(요청시스템) */
             , A.REQ_EMPNO                           AS REQ_EMPNO                   /* 요청자사번 */
             , -- (SELECT S.ORGN_NM  FROM TB_USR001 S WHERE S.EMPNO = A.REQ_EMPNO    AND ROWNUM =1 ) || '/' || A.REQ_EMPNO || '/' ||
               (SELECT S.USR_NM   FROM TB_USR001 S WHERE S.EMPNO = A.REQ_EMPNO) AS REQ_EMPNO_NM                /* 요청자명 */
             , A.RSPBER_EMPNO                           AS RSPBER_EMPNO                   /* 담당자사번 */
             , --(SELECT S.ORGN_NM  FROM TB_USR001 S WHERE S.EMPNO = A.RSPBER_EMPNO    AND ROWNUM =1 ) || '/' || A.RSPBER_EMPNO || '/' ||
               (SELECT S.USR_NM   FROM TB_USR001 S WHERE S.EMPNO = A.RSPBER_EMPNO) AS RSPBER_EMPNO_NM                /* 담당자명 */
             , A.TITLE                               AS TITLE                       /* CSR제목  */
             , C.TEST_TYPE                           AS TEST_TYPE                   /* 테스트유형(단위테스트,사용자테스트,통합테스트) */
             , (SELECT S.COM_CD_NM FROM TB_COM001 S WHERE S.GRP_CD = 'CSR_TEST_TYPE' AND S.COM_CD = C.TEST_TYPE ) AS TEST_TYPE_NM /* 테스트유형명 */
             , C.TEST_ID                             AS TEST_ID                     /* 테스트ID */
             , C.TEST_NM                             AS TEST_NM                     /* 테스트명 */
             , C.TEST_PRFM_EMPNO                     AS TEST_PRFM_EMPNO             /* 테스트수행자 */
             , (SELECT S.USR_NM FROM TB_USR001 S WHERE S.EMPNO = C.TEST_PRFM_EMPNO AND ROWNUM =1) AS TEST_PRFM_EMPNO_NM /* 테스트수행자 */
             , C.SUTBL_YN                            AS SUTBL_YN                    /* 테스트결과(Y:적합, N:비적합) */
             , C.STAT_CD                             AS STAT_CD                     /* 상태 */
             , (SELECT S.COM_CD_NM
                  FROM TB_COM001 S
                 WHERE S.GRP_CD = 'TEST_STAT_CD'
                   AND S.COM_CD = C.STAT_CD )        AS STAT_CD_NM                  /* 상태명 */
             , A.STAT_CD                             AS CSR_STAT_CD                 /* CSR상태 */
             , 'CSR'                                 AS GUBUN                       /* 구분(CSR,프로젝트) */
             
             , CASE WHEN P.S_EMPNO = A.REQ_EMPNO THEN 'Y'                                         
                    ELSE (
                          SELECT CASE WHEN COUNT(*) > 0 THEN 'Y' ELSE 'N' END  
					 	    FROM TB_ITR010 Y
						       , TB_ITR011 Z
						   WHERE 1=1
						     AND Y.OPER_SEQ = Z.OPER_SEQ
						     AND Z.GBN_CD = 'SYSTEM'
						     AND (Y.RSPBER_A_EMPNO = P.S_EMPNO OR Z.RSPBER_B_EMPNO = P.S_EMPNO)
                         )
               END                                   AS SYS_AUTH  								/* 요청자 */
             , CASE WHEN  C.STAT_CD = '290' AND C.TEST_TYPE = 'TCT002' AND ( SELECT COUNT(*)
                                                       FROM TB_ITR046 Z
                                                      WHERE 1=1
                                                        AND Z.CSR_NO    = C.CSR_NO
                                                        AND (Z.SUTBL_YN IS NULL)) = 0
                                                 AND (SELECT MAX(TEST_ID)
                                                        FROM TB_ITR046 Z
                                                       WHERE 1=1
                                                         AND Z.TEST_TYPE = 'TCT002'
                                                         AND Z.CSR_NO    = C.CSR_NO) = C.TEST_ID 
                                                 AND P.S_EMPNO IN (SELECT Z.RGTER_ID
                                                                    FROM TB_ITR046 Z
                                                                   WHERE 1=1
                                                                     AND Z.CSR_NO = C.CSR_NO
                                                                 )
                    THEN 'Y'
                    WHEN  C.STAT_CD = '190' AND C.TEST_TYPE = 'TCT001' 
                                            AND A.BIZ_TYPE = 'BT1200'
                                                 AND ( SELECT COUNT(*)
                                                       FROM TB_ITR046 Z
                                                      WHERE 1=1
                                                        AND Z.CSR_NO    = C.CSR_NO
                                                        AND (Z.SUTBL_YN IS NULL)) = 0
                                                 AND (SELECT MAX(TEST_ID)
                                                        FROM TB_ITR046 Z
                                                       WHERE 1=1
                                                         AND Z.TEST_TYPE = 'TCT001'
                                                         AND Z.CSR_NO    = C.CSR_NO) = C.TEST_ID 
                                                 AND '1801885' IN (SELECT Z.RGTER_ID
                                                                    FROM TB_ITR046 Z
                                                                   WHERE 1=1
                                                                     AND Z.CSR_NO = C.CSR_NO
                                                                 )
                    THEN 'Y'
                    WHEN C.STAT_CD IN ('130', '230', '330') AND C.SUTBL_YN = 'N'
                    										AND C.SYS_APLY_RSPBER IS NULL
                                                            AND P.S_EMPNO  IN (SELECT Z.RGTER_ID
                                                                                FROM TB_ITR046 Z
                                                                               WHERE 1=1
                                                                                 AND Z.CSR_NO = C.CSR_NO
                                                                             )
                    THEN 'R'                    
                    ELSE 'N'
               END  REQ_BTN_YN                                                      /* 배포승인요청-사용자테스트(적합) */
            ,  C.SYS_APLY_RSPBER													AS SYS_APLY
            , (SELECT S.USR_NM   FROM TB_USR001 S WHERE S.EMPNO =C.SYS_APLY_RSPBER) AS SYS_APLY_NM
          FROM (
                SELECT A.CORP_CD                             AS CORP_CD                     /* 법인코드 */
                     , A.CSR_NO                              AS CSR_NO                      /* CSR요청번호 */
                     , A.SEQ                                 AS SEQ
                     , A.BIZ_TYPE                            AS BIZ_TYPE
                     , A.BIZ_SYS_CD                          AS BIZ_SYS_CD                  /* 업무시스템코드(요청시스템) */
                     , A.REQ_EMPNO                           AS REQ_EMPNO                   /* 요청자사번 */
                     , A.RSPBER_EMPNO                        AS RSPBER_EMPNO
                     , A.TITLE                               AS TITLE                       /* CSR제목  */
                     , A.STAT_CD                             AS STAT_CD                     /* CSR상태 */
                  FROM TB_ITR001 A    /* CSR등록 */
                     , TB_ITR006 B    /* 업무단계 */
                 WHERE 1=1
                   AND B.CSR_NO      = A.CSR_NO(+)
                   AND B.SEQ         = A.SEQ(+)
                   AND B.WORK_LEVEL IN ('A00060', 'A00070')
                   AND TRUNC(A.REQ_DT)     >= #{reqDtSt}
                   AND TRUNC(A.REQ_DT)     <= #{reqDtEd}
    	]]>
		        <if test="csrCmplt == 'true'">
		             AND A.STAT_CD     >= '700'
		        </if>
		        <if test="csrCmplt == 'false' or csrCmplt == null or csrCmplt == ''">
		             AND A.STAT_CD     = '700'
		        </if>
    	<![CDATA[                   
                   
                   --AND A.PRGSG_STEP  = 'T'  -- Test 가능상태
                 GROUP BY A.CORP_CD, A.CSR_NO, A.SEQ, A.BIZ_TYPE, A.BIZ_SYS_CD, A.RSPBER_EMPNO, A.REQ_EMPNO, A.TITLE, A.STAT_CD
    ]]>
    <![CDATA[
               ) A
               , TB_ITR046 C
               , PARAM P
           WHERE 1=1
             AND A.CSR_NO     = C.CSR_NO(+)
             AND ((EXISTS (SELECT 1 FROM TABLE(FN_TB_SYSCD(P.S_EMPNO,'2','Y')) WHERE SPLIT_VALUE = A.BIZ_SYS_CD)) OR
                  (A.REQ_EMPNO  = NVL( P.S_EMPNO, A.REQ_EMPNO)) OR
                  (C.TEST_PRFM_EMPNO  = NVL( P.S_EMPNO, A.REQ_EMPNO))
                 )         
    ]]>
        <if test="sysCd != null and sysCd  !=''">
             AND A.BIZ_SYS_CD  = #{sysCd}
        </if>
        <if test="reqEmpno != null and reqEmpno  !=''">
             AND A.REQ_EMPNO   = #{reqEmpno}
        </if>
        <if test="testEmpno != null and testEmpno  !=''">
             AND C.TEST_PRFM_EMPNO = #{testEmpno}
        </if>
        <if test="sutblYn != null and sutblYn  !=''">
             AND C.SUTBL_YN   = #{sutblYn}
        </if>
    	<![CDATA[
         UNION ALL
        SELECT A.CORP_CD                             AS CORP_CD                     /* 법인코드 */
             , A.PJT_KEY                             AS CSR_NO                      /* CSR요청번호 */
             , NULL                                  AS SEQ
             , ''                                    AS BIZ_TYPE
             , ''                                    AS BIZ_TYPE_NM	
             , ''                                    AS BIZ_SYS_CD                  /* 업무시스템코드(요청시스템) */
             , ''                                    AS BIZ_SYS_CD_NM
             , A.RESP_EMPNO                          AS REQ_EMPNO                   /* 요청자사번 */
             , --(SELECT S.ORGN_NM  FROM TB_USR001 S WHERE S.EMPNO = A.RESP_EMPNO    AND ROWNUM =1 ) || '/' || A.RESP_EMPNO || '/' ||
               (SELECT S.USR_NM   FROM TB_USR001 S WHERE S.EMPNO = A.RESP_EMPNO )    AS REQ_EMPNO_NM                /* 요청자명 */
             , A.IT_RESP_EMPNO                       AS RSPBER_EMPNO                   /* 담당자사번 */
             , --(SELECT S.ORGN_NM  FROM TB_USR001 S WHERE S.EMPNO = A.IT_RESP_EMPNO    AND ROWNUM =1 ) || '/' || A.IT_RESP_EMPNO || '/' ||
               (SELECT S.USR_NM   FROM TB_USR001 S WHERE S.EMPNO = A.IT_RESP_EMPNO ) AS RSPBER_EMPNO_NM                /* 담당자명 */
             , A.PJT_NAME                            AS TITLE                       /* CSR제목  */
             , C.TEST_TYPE                           AS TEST_TYPE                   /* 테스트유형(단위테스트,사용자테스트,통합테스트) */
             , (SELECT S.COM_CD_NM
                  FROM TB_COM001 S
                 WHERE S.GRP_CD = 'CSR_TEST_TYPE'
                   AND S.COM_CD = C.TEST_TYPE )      AS TEST_TYPE_NM                /* 테스트유형명 */
             , C.TEST_ID                             AS TEST_ID                     /* 테스트ID */
             , C.TEST_NM                             AS TEST_NM                     /* 테스트명 */
             , C.TEST_PRFM_EMPNO                     AS TEST_PRFM_EMPNO             /* 테스트수행자 */
             , (SELECT S.USR_NM FROM TB_USR001 S WHERE S.EMPNO = C.TEST_PRFM_EMPNO AND ROWNUM =1) AS TEST_PRFM_EMPNO_NM /* 테스트수행자 */
             , C.SUTBL_YN                            AS SUTBL_YN                    /* 테스트결과(Y:적합, N:비적합) */
             , C.STAT_CD                             AS STAT_CD                     /* 상태 */
             , (SELECT S.COM_CD_NM
                  FROM TB_COM001 S
                 WHERE S.GRP_CD = 'TEST_STAT_CD'
                   AND S.COM_CD = C.STAT_CD )        AS STAT_CD_NM                  /* 상태명 */
             , A.STAT_CD                             AS CSR_STAT_CD                 /* CSR상태 */
             , 'PRJ'                                 AS GUBUN                       /* 구분(CSR,프로젝트) */
             , 'Y'                                   AS SYS_AUTH
             , CASE WHEN C.STAT_CD = '390' AND C.TEST_TYPE = 'TCT003' AND ( SELECT COUNT(*)
                                                       FROM TB_ITR046 Z
                                                      WHERE 1=1
                                                        AND Z.CSR_NO    = C.CSR_NO
                                                        AND (Z.SUTBL_YN IS NULL OR Z.SUTBL_YN = 'N')) = 0 
                                                 AND (SELECT MAX(TEST_ID)
                                                        FROM TB_ITR046 Z
                                                       WHERE 1=1
                                                         AND Z.TEST_TYPE = 'TCT003'
                                                         AND Z.CSR_NO    = C.CSR_NO) = C.TEST_ID 
                                                 AND P.S_EMPNO IN (SELECT Z.RGTER_ID
				                                                    FROM TB_ITR046 Z
				                                                   WHERE 1=1
				                                                     AND Z.CSR_NO = C.CSR_NO
				                                                 )
					THEN 'Y'
                    ELSE 'N'
               END  REQ_BTN_YN                                                      /* 배포승인요청-통합테스트(적합) */
            ,  C.SYS_APLY_RSPBER													AS SYS_APLY
            , (SELECT S.USR_NM   FROM TB_USR001 S WHERE S.EMPNO =C.SYS_APLY_RSPBER) AS SYS_APLY_NM
          FROM TB_ITR040 A    /* 프로젝트관리 */
             , TB_ITR046 C    /* 테스트등록   */
             , PARAM P
         WHERE 1=1
           AND A.PJT_KEY    = C.CSR_NO(+)
           AND TRUNC(A.REQ_DT)    >= #{reqDtSt}
           AND TRUNC(A.REQ_DT)    <= #{reqDtEd}
           --AND A.STAT_CD    = '700'
           --AND A.PRGSG_STEP  = 'T'  -- Test 가능상태
        ]]>
		<if test="csrCmplt == 'true'">
		     AND A.STAT_CD     >= '700'
		</if>
		<if test="csrCmplt == 'false' or csrCmplt == null or csrCmplt == ''">
		     AND A.STAT_CD     = '700'
		</if>
        <if test="sysCd != null and sysCd  !=''">
           AND 1=2
        </if>
        <if test="reqEmpno != null and reqEmpno  !=''">
           AND A.RESP_EMPNO   = #{reqEmpno}
        </if>
        <if test="testEmpno != null and testEmpno  !=''">
           AND C.TEST_PRFM_EMPNO = #{testEmpno}
        </if>
        <if test="sutblYn != null and sutblYn  !=''">
             AND C.SUTBL_YN   = #{sutblYn}
        </if>
        
         ) A    
        ,PARAM P  
       ORDER BY CSR_NO, TEST_ID, TEST_TYPE
       
    </select>
    
    <select id="csrTestSearchDao.retrieveCsrTestResultList" resultMap="clobMap">		
    	<![CDATA[
	        ${queryId}
            /* 테스트 결과 조회*/
            SELECT A.CSR_NO
                 , A.TEST_ID
                 , A.TEST_TYPE
                 , (SELECT Z.COM_CD_NM FROM TB_COM001 Z WHERE Z.GRP_CD = 'CSR_TEST_TYPE' AND Z.COM_CD = A.TEST_TYPE) AS TEST_TYPE_NM
                 , A.TEST_NM
                 , A.TEST_PRFM_EMPNO
                 , ( CASE WHEN A.TEST_TYPE = 'TCT001' AND 'PRJ' = #{gubun} THEN (SELECT S.DEVEL_NM FROM TB_ITR043 S WHERE S.PJT_KEY = A.CSR_NO AND S.DEVEL_EMPNO = A.TEST_PRFM_EMPNO)
                          ELSE                                                  (SELECT S.USR_NM   FROM TB_USR001 S WHERE S.EMPNO   = A.TEST_PRFM_EMPNO ) 
                     END )                                   AS TEST_PRFM_EMPNO_NM          /* 테스트수행자명 */
                 , DECODE(A.SUTBL_YN, 'Y', '적합', '부적합') AS SUTBL_NM
                 , A.ATCH_FILE_ID
              FROM TB_ITR046    A
             WHERE 1=1
               AND CSR_NO = #{csrNo}
             ORDER BY TEST_TYPE, TEST_ID
        ]]>
    </select>

    
    <update id="csrTestSearchDao.updateDistributeApplyProject">
    	<![CDATA[
	        ${queryId}
            /* 배포승인요청 저장 */
	        MERGE INTO  TB_ITR048 A USING
	        (SELECT #{corpCd} AS CORP_CD
	              , #{csrNo}  AS CSR_NO
	         FROM DUAL    ) B
	         ON (     A.CORP_CD = B.CORP_CD
	              AND A.CSR_NO  = B.CSR_NO
	            )
	         WHEN MATCHED THEN
	            UPDATE
	               SET DIST_REQ_CD   = #{distReqGbn}    /* 배포승인구분 */
                     , DIST_REQ_EMPNO = #{empno}        /* 배포승인요청자사번 */
                     , DIST_REQ_DT    = SYSDATE         /* 베포승인요청일 */
	                 , MODER_ID       = #{empno}
	                 , MOD_DATE       = SYSDATE
	         WHEN NOT MATCHED THEN
	            INSERT
	                 ( CORP_CD
	                 , CSR_NO
	                 , DIST_REQ_CD
	                 , DIST_REQ_EMPNO
	                 , DIST_REQ_DT
	                 , RGTER_ID
	                 , RGT_DATE
	                 , MODER_ID
	                 , MOD_DATE
	                 )
	            VALUES
	                 ( #{corpCd}
	                 , #{csrNo}
	                 , #{distReqGbn}
	                 , #{empno}
	                 , SYSDATE
	                 , #{empno}
	                 , SYSDATE
	                 , #{empno}
	                 , SYSDATE
	                 )
        ]]>
    </update>

	<select id="csrTestSearchDao.retrieveCsrInfo" resultType="ohMap">		
    <![CDATA[
        ${queryId}
        SELECT A.CSR_NO                                                                   AS RELCODE
             , 'ITSM_03'                                                                  AS INTFACEID
             , B.ISID                                                                     AS ISID
             , #{empno}                                                                   AS DEPUSERID
             , (SELECT S.USR_NM  FROM TB_USR001 S WHERE S.EMPNO = #{empno} AND ROWNUM =1) AS DEPUSERNAME
	      FROM TB_ITR001 A
	         , ITSM_INF.IF_ITSM_TB_ITR0060_R B  /* ISID 때문에 조인*/
	     WHERE A.CSR_NO    = #{csrNo}
	       AND A.SEQ       = #{seq}
	       AND A.CSR_NO    = B.RELCODE
	       AND B.INTFACEID = 'ITSM_02'
	     UNION ALL
	    SELECT A.PJT_KEY                                                                  AS RELCODE
             , 'ITSM_03'                                                                  AS INTFACEID
             , B.ISID                                                                     AS ISID
             , #{empno}                                                                   AS DEPUSERID
             , (SELECT S.USR_NM  FROM TB_USR001 S WHERE S.EMPNO = #{empno} AND ROWNUM =1) AS DEPUSERNAME
	      FROM TB_ITR040 A
	         , ITSM_INF.IF_ITSM_TB_ITR0060_R B  /* ISID 때문에 조인*/
	     WHERE A.PJT_KEY   = #{csrNo}
	       AND A.PJT_KEY   = B.RELCODE
	       AND B.INTFACEID = 'ITSM_02'
    ]]>	
	</select>
	
	<update id="csrTestSearchDao.insertDistributeApplyRegItsm03">
    	<![CDATA[
	        ${queryId}
            /* 배포승인요청 저장 */
	        MERGE INTO  TB_ITR048 A USING
	        (SELECT #{corpCd} AS CORP_CD
	              , #{csrNo}  AS CSR_NO
	         FROM DUAL    ) B
	         ON (     A.CORP_CD = B.CORP_CD
	              AND A.CSR_NO  = B.CSR_NO
	            )
	         WHEN MATCHED THEN
	            UPDATE
	               SET DIST_REQ_CD    = #{distReqGbn}   /* 배포승인구분 */
                     , DIST_REQ_EMPNO = #{empno}        /* 배포승인요청자사번 */
                     , DIST_REQ_DT    = SYSDATE         /* 베포승인요청일 */
	                 , MODER_ID       = #{empno}
	                 , MOD_DATE       = SYSDATE
	         WHEN NOT MATCHED THEN
	            INSERT
	                 ( CORP_CD
	                 , CSR_NO
	                 , DIST_REQ_CD
	                 , DIST_REQ_EMPNO
	                 , DIST_REQ_DT
	                 , RGTER_ID
	                 , RGT_DATE
	                 , MODER_ID
	                 , MOD_DATE
	                 )
	            VALUES
	                 ( #{corpCd}
	                 , #{csrNo}
	                 , #{distReqGbn}
	                 , #{empno}
	                 , SYSDATE
	                 , #{empno}
	                 , SYSDATE
	                 , #{empno}
	                 , SYSDATE
	                 )
        ]]>
    </update>
    
 	<update id="csrTestSearchDao.saveSysAplyRspber">
    	<![CDATA[
	        ${queryId}
					UPDATE TB_ITR046
					   SET SYS_APLY_RSPBER = #{sysAply}
					 WHERE 1=1
					   AND CSR_NO = #{csrNo}
					   AND TEST_ID = #{testId}
        ]]>
    </update>
    
    <select id="csrTestSearchDao.retrieveTestInfo550" resultType="ohMap">		
    <![CDATA[
        ${queryId}
        SELECT A.CORP_CD                             AS CORP_CD                     /* 법인코드 */
		     , A.CSR_NO                              AS CSR_NO                      /* CSR요청번호 */
		     , A.SEQ                                 AS SEQ
		     , A.BIZ_TYPE                            AS BIZ_TYPE
		     , (SELECT S.COM_CD_NM FROM TB_COM001 S WHERE S.GRP_CD = 'CSR_BIZ_TYPE' AND S.COM_CD = A.BIZ_TYPE ) AS BIZ_TYPE_NM
		     , A.BIZ_SYS_CD                          AS BIZ_SYS_CD                  /* 업무시스템코드(요청시스템) */
		     , (SELECT S.COM_CD_NM FROM TB_COM001 S WHERE S.GRP_CD = 'SYS_CD' AND S.COM_CD = A.BIZ_SYS_CD ) AS BIZ_SYS_CD_NM  /* 업무시스템코드(요청시스템) */
		     , A.REQ_EMPNO                           AS REQ_EMPNO                   /* 요청자사번 */
		     , -- (SELECT S.ORGN_NM  FROM TB_USR001 S WHERE S.EMPNO = A.REQ_EMPNO    AND ROWNUM =1 ) || '/' || A.REQ_EMPNO || '/' ||
		       (SELECT S.USR_NM   FROM TB_USR001 S WHERE S.EMPNO = A.REQ_EMPNO) AS REQ_EMPNO_NM                /* 요청자명 */
		     , A.RSPBER_EMPNO                           AS RSPBER_EMPNO                   /* 담당자사번 */
		     , --(SELECT S.ORGN_NM  FROM TB_USR001 S WHERE S.EMPNO = A.RSPBER_EMPNO    AND ROWNUM =1 ) || '/' || A.RSPBER_EMPNO || '/' ||
		       (SELECT S.USR_NM   FROM TB_USR001 S WHERE S.EMPNO = A.RSPBER_EMPNO) AS RSPBER_EMPNO_NM                /* 담당자명 */
		     , A.TITLE                               AS TITLE                       /* CSR제목  */
		     , C.TEST_TYPE                           AS TEST_TYPE                   /* 테스트유형(단위테스트,사용자테스트,통합테스트) */
		     , (SELECT S.COM_CD_NM FROM TB_COM001 S WHERE S.GRP_CD = 'CSR_TEST_TYPE' AND S.COM_CD = C.TEST_TYPE ) AS TEST_TYPE_NM /* 테스트유형명 */
		     , C.TEST_ID                             AS TEST_ID                     /* 테스트ID */
		     , C.TEST_NM                             AS TEST_NM                     /* 테스트명 */
		     , C.TEST_PRFM_EMPNO                     AS TEST_PRFM_EMPNO             /* 테스트수행자 */
		     , (SELECT S.USR_NM FROM TB_USR001 S WHERE S.EMPNO = C.TEST_PRFM_EMPNO AND ROWNUM =1) AS TEST_PRFM_EMPNO_NM /* 테스트수행자 */
		     , C.SUTBL_YN                            AS SUTBL_YN                    /* 테스트결과(Y:적합, N:비적합) */
		     , C.STAT_CD                             AS STAT_CD                     /* 상태 */
		     , (SELECT S.COM_CD_NM
		          FROM TB_COM001 S
		         WHERE S.GRP_CD = 'TEST_STAT_CD'
		           AND S.COM_CD = C.STAT_CD )        AS STAT_CD_NM                  /* 상태명 */
		     , A.STAT_CD                             AS CSR_STAT_CD                 /* CSR상태 */
		     , 'CSR'                                 AS GUBUN                       /* 구분(CSR,프로젝트) */
		     ,  C.SYS_APLY_RSPBER                          AS SYS_APLY
		     , (SELECT S.USR_NM   FROM TB_USR001 S WHERE S.EMPNO =C.SYS_APLY_RSPBER) AS SYS_APLY_NM
		  FROM (
		        SELECT A.CORP_CD                             AS CORP_CD                     /* 법인코드 */
		             , A.CSR_NO                              AS CSR_NO                      /* CSR요청번호 */
		             , A.SEQ                                 AS SEQ
		             , A.BIZ_TYPE                            AS BIZ_TYPE
		             , A.BIZ_SYS_CD                          AS BIZ_SYS_CD                  /* 업무시스템코드(요청시스템) */
		             , A.REQ_EMPNO                           AS REQ_EMPNO                   /* 요청자사번 */
		             , A.RSPBER_EMPNO                        AS RSPBER_EMPNO
		             , A.TITLE                               AS TITLE                       /* CSR제목  */
		             , A.STAT_CD                             AS STAT_CD                     /* CSR상태 */
		          FROM TB_ITR001 A    /* CSR등록 */
		             , TB_ITR006 B    /* 업무단계 */
		         WHERE 1=1
		           AND B.CSR_NO      = A.CSR_NO(+)
		           AND B.SEQ         = A.SEQ(+)
		           AND B.WORK_LEVEL IN ('A00060', 'A00070')
		           AND A.STAT_CD     >= '700'
		         GROUP BY A.CORP_CD, A.CSR_NO, A.SEQ, A.BIZ_TYPE, A.BIZ_SYS_CD, A.RSPBER_EMPNO, A.REQ_EMPNO, A.TITLE, A.STAT_CD
		       ) A
		       , TB_ITR046 C
		  WHERE 1=1
		    AND A.CSR_NO     = C.CSR_NO(+)
		    
		    AND A.CSR_NO = #{csrNo}
		    AND C.TEST_TYPE = 'TCT002'
		    AND C.STAT_CD = '500'
    ]]>	
	</select>
    
    
</mapper>
