<?xml version="1.0" encoding="UTF-8"?>
<!DOCTYPE mapper   PUBLIC "-//mybatis.org//DTD Mapper 3.0//EN" "http://mybatis.org/dtd/mybatis-3-mapper.dtd">
<mapper namespace="csrUsrEvalDao">

    <!-- 2025-06-18 Amazon Q Developer : Converted Oracle SQL to PostgreSQL - DECODE to CASE, ROWNUM to LIMIT, FROM DUAL removed, NVL to COALESCE, SYSDATE to CURRENT_TIMESTAMP, Oracle outer join to LEFT JOIN -->

<select id="csrUsrEvalDao.retrieveCsrSearch" resultType="ohMap">		
 	 <![CDATA[
 		${queryId}
        WITH PARAM AS (
              SELECT #{empno}  S_EMPNO
                    ,FN_CHK_USER_AUTH_YN('A001',#{empno}) A001_YN  /* A001(ADMIN) 권한여부 확인 */ 
                      
        )
        ,TB_BIZ_TYPE AS (
            SELECT A.GRP_CD
            ,      A.COM_CD
            ,      B.COM_CD_NM
            ,      A.CD
            FROM (
                SELECT S.GRP_CD, S.COM_CD,  COM_CD CD
                FROM  TB_COM001 S
		        WHERE S.GRP_CD IN ( 'CSR_BIZ_TYPE' )
                UNION ALL
                SELECT S.GRP_CD, S.HRNK_COM_CD COM_CD , COM_CD CD
                FROM  TB_COM001 S
		        WHERE S.GRP_CD IN (    'BIZ_TYPE_SUB') ) A
            ,   TB_COM001 B
            WHERE A.COM_CD = B.COM_CD
        )
        , TB_BIZ_TYPE_SATI AS (
             SELECT CASE WHEN A.BIZ_TYPE_SUB IS NULL THEN A.BIZ_TYPE ELSE A.BIZ_TYPE_SUB END BIZ_TYPE, B.SATISFT_USE_YN 
             FROM   TB_ITR015 A
             ,      TB_ITR022 B
             WHERE  A.CSR_TYPE_ITEM = B.CSR_TYPE_ITEM
        )
		SELECT TO_CHAR( A.REQ_DT , 'YYYYMMDD') REQ_DT 

        ,      A.STAT_CD 
        ,	  (SELECT S.COM_CD_NM
                FROM TB_COM001 S
		        WHERE S.GRP_CD = 'STAT_CD'
		        AND  S.COM_CD = A.STAT_CD
		        LIMIT 1 )  STAT_CD_NM 
		,      A.BIZ_SYS_CD
        ,	  (SELECT S.COM_CD_NM
                FROM TB_COM001 S
		        WHERE S.GRP_CD = 'SYS_CD'
		        AND  S.COM_CD = A.BIZ_SYS_CD
		        LIMIT 1 ) BIZ_SYS_CD_NM
        /*  요청자 정보 */
        ,     A.REQ_EMPNO      
        ,	  (SELECT S.USR_NM
                FROM  TB_USR001 S
		        WHERE S.CORP_CD = A.CORP_CD
		        AND   S.EMPNO   = A.REQ_EMPNO
		        LIMIT 1 )   REQ_EMPNO_NM     
        ,	  FC_GET_EMPNO_TO_DEPT(A.REQ_EMPNO, 'N' /*N:부서명, C:부서코드*/) REQ_EMPNO_DEPTNM
		,     A.BIZ_TYPE
        ,	  (SELECT  S.COM_CD_NM FROM TB_BIZ_TYPE S 
                WHERE 1=1
		        AND  S.CD = A.BIZ_TYPE
		        LIMIT 1 ) BIZ_TYPE_NM
        /*  담당자 정보 */
        ,      (SELECT S1.USR_NM  FROM  TB_USR001 S1 
                WHERE A.RSPBER_EMPNO = S1.EMPNO
                LIMIT 1) RSPBER_EMPNO_NM
        ,     ( SELECT S.CO_TELNO FROM  TB_USR001 S WHERE S.EMPNO =  A.RSPBER_EMPNO LIMIT 1 )  RSPBER_EMPNO_TELNO
		,      A.TITLE   
        ,      COALESCE( A.COMPLTE_YN, 'N' ) COMPLTE_YN
        ,      TO_CHAR( A.DELIVR_DATE , 'YYYYMMDD') DELIVR_DATE
        ,      TO_CHAR( A.COMPLTE_DATE , 'YYYYMMDD') COMPLTE_DATE
        ,      A.CORP_CD
        ,      A.CSR_NO
        ,      A.SEQ 
        ,      COALESCE( (SELECT 'Y'  FROM TB_ITR030 S WHERE S.CSR_NO = A.CSR_NO AND S.SEQ = A.SEQ LIMIT 1) ,'N') REG_YN
		FROM   TB_ITR001 A 
		,      PARAM P
		WHERE  1=1  
        AND    A.SEQ = (SELECT MAX(S.SEQ ) FROM  TB_ITR001 S WHERE S.CSR_NO = A.CSR_NO AND S.MAIN_SEQ = 0)
        AND    A.REQ_DT BETWEEN  TO_TIMESTAMP(  #{reqDtSt} ||'000000', 'YYYYMMDDHH24MISS')  AND  TO_TIMESTAMP(  #{reqDtEd} ||'235959', 'YYYYMMDDHH24MISS')
        AND    EXISTS ( SELECT 'Y' FROM TB_ITR009 S WHERE S.CSR_NO = A.CSR_NO AND S.SEQ= A.SEQ LIMIT 1)
        AND    EXISTS ( SELECT 'Y' FROM TB_BIZ_TYPE_SATI S WHERE S.BIZ_TYPE = A.BIZ_TYPE AND S.SATISFT_USE_YN = 'Y' LIMIT 1 )
        /* 2022.01.13- BT1180(권한 요청), BT2160(S/W VPN), IT전용업무유형(공통코드 기타값 1이 Y인 업무유형) 제외 */
        AND A.BIZ_TYPE NOT IN ( SELECT 'BT1180' BIZ_TYPE UNION ALL
                                SELECT 'BT2160' BIZ_TYPE UNION ALL
                                SELECT COM_CD 
                                  FROM TB_COM001 
                                 WHERE 1=1
                                   AND GRP_CD in ( 'BIZ_TYPE_SUB','CSR_BIZ_TYPE')
                                   AND USE_YN = 'Y'
                                   AND COALESCE(ETC_CHAR_VAL_01,'N') = 'Y'
                              ) 
        AND ((EXISTS (SELECT 1 FROM TABLE(FN_TB_SYSCD(P.S_EMPNO,'4','Y')) WHERE SPLIT_VALUE = A.BIZ_SYS_CD)) OR
             (A.REQ_EMPNO  = COALESCE( P.S_EMPNO, A.REQ_EMPNO)))         
                              
		]]>
        <if test="sysCd != null and sysCd  !=''">
           AND A.BIZ_SYS_CD     = #{sysCd}
        </if>
        <if test="csrBizType != null and csrBizType  !=''">
           AND A.BIZ_TYPE     = #{csrBizType}
        </if>
		<if test="reqEmpno != null and reqEmpno !=''">
            AND A.REQ_EMPNO = #{reqEmpno}
        </if>
        <if test="rspberEmpno != null and rspberEmpno !=''">
            AND A.RSPBER_EMPNO  = #{rspberEmpno}
        </if>
			
        ORDER BY   REG_YN, A.REQ_DT
	</select>

    <!-- 2025-06-18 Amazon Q Developer : Converted Oracle outer join (+) to LEFT JOIN, NVL to COALESCE, ROWNUM to LIMIT -->

<select id="csrUsrEvalDao.retrieveCsrUsrEval" resultType="ohMap">		
 	 <![CDATA[
 		${queryId}
         SELECT  A.USR_EVL_KEY 
         ,       #{csrNo} CSR_NO
         ,       #{seq} SEQ
         ,       #{corpCd} CORP_CD
         ,       B.COM_CD EVL_ITM_CD 
         ,       B.COM_CD_NM EVL_ITM_CD_NM
         ,       A.EVL_ITM_SCORE
         ,       CASE WHEN A.EVL_ITM_SCORE = 1 THEN 1 END EVL_ITM_SCORE_1
         ,       CASE WHEN A.EVL_ITM_SCORE = 2 THEN 1 END EVL_ITM_SCORE_2
         ,       CASE WHEN A.EVL_ITM_SCORE = 3 THEN 1 END EVL_ITM_SCORE_3
         ,       CASE WHEN A.EVL_ITM_SCORE = 4 THEN 1 END EVL_ITM_SCORE_4
         ,       CASE WHEN A.EVL_ITM_SCORE = 5 THEN 1 END EVL_ITM_SCORE_5
         ,       (SELECT CASE WHEN S.REQ_EMPNO = COALESCE(#{empno}, S.REQ_EMPNO) THEN 'Y' ELSE 'N' END  
                  FROM   TB_ITR001 S
                  WHERE  S.CSR_NO = #{csrNo} AND S.SEQ = #{seq}  LIMIT 1 ) EDIT_YN
         FROM    TB_COM001  B
         LEFT JOIN TB_ITR030 A ON (B.COM_CD = A.EVL_ITM_CD AND A.CSR_NO = #{csrNo} AND A.SEQ = #{seq})
         WHERE   1=1
         AND     B.GRP_CD = 'CSR_EVALU'
         ORDER BY  B.SORT_SEQC
		]]>	
        
	</select>

    <!-- 2025-06-18 Amazon Q Developer : Converted SYSDATE to CURRENT_TIMESTAMP, maintained TO_CHAR date formatting -->

<select id="csrUsrEvalDao.retrieveUsrEvlKey" resultType="String">		 
 		<![CDATA[
 		${queryId}
         SELECT TO_CHAR( CURRENT_TIMESTAMP,'YYYYMMDD') || LPAD( COALESCE(MAX( SUBSTR( USR_EVL_KEY, 9) ),0 ) +1, 6,'0' ) USR_EVL_KEY 
         FROM   TB_ITR030 WHERE USR_EVL_KEY LIKE TO_CHAR( CURRENT_TIMESTAMP, 'YYYYMMDD')||'%' 
		]]>	
	</select>

    <!-- 2025-06-18 Amazon Q Developer : Converted SYSDATE to CURRENT_TIMESTAMP -->

<update id="csrUsrEvalDao.updateUsrEvl">   		
        <![CDATA[
     		 ${queryId} 
				INSERT INTO TB_ITR030( 
				   USR_EVL_KEY,
				   EVL_ITM_CD,
				   CSR_NO,
				   SEQ,
				   CORP_CD,
				   EVL_ITM_SCORE,
				   RGTER_ID,
				   RGT_DATE,
				   MODER_ID,
				   MOD_DATE)
				VALUES (
				   #{usrEvlKey},
				   #{evlItmCd},
				   #{csrNo},
				   #{seq},
				   #{corpCd},
				   #{evlItmScore},
				   #{usrId},
				   CURRENT_TIMESTAMP,
				   #{usrId},
				   CURRENT_TIMESTAMP)
        ]]>
    </update>

    <!-- 2025-06-18 Amazon Q Developer : No Oracle-specific features found, no conversion needed -->

<delete id="csrUsrEvalDao.deleteUsrEvl">   		
        <![CDATA[
     		 ${queryId}
			DELETE FROM  TB_ITR030  
			WHERE CSR_NO = #{csrNo}
			AND   SEQ    = #{seq}
        ]]>
    </delete>

</mapper>
