<?xml version="1.0" encoding="UTF-8"?>
<!DOCTYPE mapper   PUBLIC "-//mybatis.org//DTD Mapper 3.0//EN" "http://mybatis.org/dtd/mybatis-3-mapper.dtd">

<mapper namespace="noticeDao">


<resultMap id="clobMap" type="ohMap" >
    <result property="chk"           column="CHK" jdbcType="VARCHAR" javaType="java.lang.String"/>
    <result property="noticeSeq"     column="NOTICE_SEQ"      jdbcType="VARCHAR" javaType="java.lang.String"/>
    <result property="ntcntTypeCd"   column="NTCNT_TYPE_CD"    jdbcType="VARCHAR" javaType="java.lang.String"/>
    <result property="titl"          column="TITL"           jdbcType="VARCHAR" javaType="java.lang.String"/>
    <result property="ntcLtxt"       column="NTC_LTXT"         jdbcType="CLOB" javaType="java.lang.String"/>
    <result property="delYn"         column="DEL_YN"         jdbcType="VARCHAR" javaType="java.lang.String"/>
    <result property="ntcStDt"       column="NTC_ST_DT"         jdbcType="VARCHAR" javaType="java.lang.String"/>
    <result property="ntcEdDt"       column="NTC_ED_DT"         jdbcType="VARCHAR" javaType="java.lang.String"/>
    <result property="usrNm"         column="USR_NM"      jdbcType="VARCHAR" javaType="java.lang.String"/> 
    <result property="ppupYn"        column="PPUP_YN"    jdbcType="VARCHAR"    javaType="java.lang.String"/>
    <result property="ppupWidthSize" column="PPUP_WIDTH_SIZE"                 jdbcType="VARCHAR" javaType="java.lang.String"/>
    <result property= "ppupLnthSize" column="PPUP_LNTH_SIZE"                 jdbcType="VARCHAR" javaType="java.lang.String"/>
    <result property="atchFileId"    column="ATCH_FILE_ID"                 jdbcType="VARCHAR" javaType="java.lang.String"/>
    <result property="modDate"       column="MOD_DATE"                 jdbcType="VARCHAR" javaType="java.lang.String"/>
    <result property="fileCnt"       column="FILE_CNT"                 jdbcType="VARCHAR" javaType="java.lang.String"/>
    <result property="totalCnt"      column="TOTAL_CNT"                 jdbcType="VARCHAR" javaType="java.lang.String"/>
    <result property="dispUsrNm"     column="DISP_USR_NM"                 jdbcType="VARCHAR" javaType="java.lang.String"/>
    <result property= "viewYn"       column="VIEW_YN"                 jdbcType="VARCHAR" javaType="java.lang.String"/>
</resultMap>

	<!-- 게시판 조회 페이징 -->
	<select id="noticeDao.retrieveNoticeListWithPaze" resultMap="clobMap">
 		<![CDATA[ 	
 		${queryId}
 		
 	     ${pazingFr}
			SELECT '0' AS CHK
			     , A.NOTICE_SEQ						--공지사항순번
			     , A.NTCNT_TYPE_CD					--게시물유형코드
			     , A.TITL      						--제목
			     , A.NTC_LTXT  						--게시장문 : CLOB
			     , A.DEL_YN							--삭제여부
			     , TO_CHAR( A.NTC_ST_DT  , 'YYYYMMDD') NTC_ST_DT					--게시시작일자
			     , TO_CHAR(  A.NTC_ED_DT , 'YYYYMMDD') NTC_ED_DT						--게시종료일자
			     , C.USR_NM    						--게시자명
                 , A.PPUP_YN						--팝업여부
                 , A.PPUP_WIDTH_SIZE				--팝업가로크기
                 , A.PPUP_LNTH_SIZE					--팝업세로크기

                 , TO_CHAR(A.MOD_DATE, 'YYYYMMDD') AS MOD_DATE	--수정일시
                 , (SELECT COUNT(ATCH_FILE_ID)
                      FROM TB_COM003 D
                     WHERE D.ATCH_FILE_ID = A.NOTICE_SEQ
                       AND D.DEL_YN = 'N'
                   ) FILE_CNT
                 , COUNT(*) OVER() AS TOTAL_CNT     --필수
			     ,C.USR_NM||' ['|| (SELECT FC_GET_EMPNO_TO_DEPT(EMPNO, 'N' /*N:부서명, C:부서코드*/)
			                  FROM DUAL)||'] ' DISP_USR_NM
			     ,DECODE( A.VIEW_YN, 'Y', '1', '0') VIEW_YN
			 FROM TB_SYS008 A /*게시판*/
			      ,TB_COM001 B
			      ,TB_USR001 C 
			 WHERE A.NTCNT_TYPE_CD = B.COM_CD(+)
			 AND B.GRP_CD(+) ='GSY001'
			 AND B.HRNK_COM_CD(+) = '0004'
			 AND B.USE_YN(+) = 'Y'
			 AND A.MODER_ID = C.USR_ID(+)
			 
			 AND A.DEL_YN = 'N'
		]]>			 
			 
			 
			 ORDER BY a.NOTICE_SEQ DESC
			 
		${pazingTo}
	</select>
	
	
	<!-- 게시판 조회 -->
	<select id="noticeDao.retrieveNoticeList" resultType="ohMap">
 		<![CDATA[ 	
 		${queryId}
			SELECT '0' AS CHK
			     , A.NOTICE_SEQ						--공지사항순번
			     , A.NTCNT_TYPE_CD					--게시물유형코드
			     , A.TITL      						--제목
			     , A.NTC_LTXT  						--게시장문 : CLOB
			     , A.DEL_YN							--삭제여부
			     , A.NTC_ST_DT  					--게시시작일자
			     , A.NTC_ED_DT 						--게시종료일자
			     , C.USR_NM    						--게시자명
                 , A.PPUP_YN						--팝업여부
                 , A.PPUP_WIDTH_SIZE				--팝업가로크기
                 , A.PPUP_LNTH_SIZE					--팝업세로크기
                 , TO_CHAR(A.MOD_DATE, 'YYYYMMDD') AS MOD_DATE	--수정일시
                 , (SELECT COUNT(ATCH_FILE_ID)
                      FROM TB_COM003 D
                     WHERE D.ATCH_FILE_ID = A.NOTICE_SEQ
                       AND D.DEL_YN = 'N'
                   ) FILE_CNT
			 FROM TB_SYS008 A
			      ,TB_COM001 B
			      ,TB_USR001 C
			 WHERE A.NTCNT_TYPE_CD = B.COM_CD(+)
			 AND B.GRP_CD(+) ='GSY001'
			 AND B.HRNK_COM_CD(+) = '0004'
			 AND B.USE_YN(+) = 'Y'
			 AND A.MODER_ID = C.USR_ID(+)
			 
			 AND A.DEL_YN = 'N'
		]]>			 
			 <if test="menuId != null and menuId =='MST01020'">
			 	<![CDATA[
			 	AND A.NTCNT_TYPE_CD NOT IN ('POP', 'ADR')
			 	]]>
			 </if>
			 <if test="menuId != null and menuId =='MST01030'">
			 	<![CDATA[
			 	AND A.NTCNT_TYPE_CD = 'ADR'
			 	]]>
			 </if>
			 <if test="menuId != null and menuId =='ORD04030'">
			 	AND A.NTCNT_TYPE_CD = 'POP'
			 </if>			 
			 
			 <if test="menuId != null and menuId =='ORD04030' and authId != 'A001' and authId != 'G006'">
			    AND TRUNC(SYSDATE) BETWEEN A.NTC_ST_DT AND A.NTC_ED_DT
			 </if>
			 
			 ORDER BY a.NOTICE_SEQ DESC
	</select>

	<select id="noticeDao.retrieveNoticeFileList" resultType="ohMap">
 		<![CDATA[
 			${queryId}

			SELECT '0' AS CHK
			     , A.ATCH_FILE_ID
				 , A.ATCH_FILE_SEQ  AS SEQ_NO
				 , A.ATCH_FILE_NM	AS FILE_NAME
				 , A.STOR_FILE_NM	AS SAVE_FILE_NAME
				 , A.STOR_ROUTE		AS FILE_PATH
				 , '' AS FILE_TYPE
				 , '' AS FILE_SIZE
			  FROM TB_COM003 A
			 WHERE A.ATCH_FILE_ID	= #{atchFileId}
			   AND A.DEL_YN			<> 'Y'
		]]>

	</select>

	<!-- 공지사항 조회(메인) -->
	<select id="noticeDao.retrieveNoticeListByHome" resultType="ohMap">
 		<![CDATA[ 	
 		${queryId}
			SELECT A.NOTICE_SEQ 	 	--번호
			       , A.TITL AS TITL      		--제목
			       , C.USR_NM    												--게시자명
			       , TO_CHAR(A.MOD_DATE, 'YYYY-MM-DD') AS MOD_DATE				--수정일시
                , (SELECT COUNT(ATCH_FILE_ID)
                      FROM TB_COM003 D
                     WHERE D.ATCH_FILE_ID = A.ATCH_FILE_ID
                       AND D.DEL_YN = 'N'
                   ) FILE_CNT
			 FROM TB_SYS008 A
			      ,TB_COM001 B
			      ,TB_USR001 C
			 WHERE A.NTCNT_TYPE_CD = B.COM_CD(+)
			 AND B.GRP_CD(+) ='MRO00'
			 AND B.USE_YN(+) = 'Y'
			 AND A.MODER_ID = C.USR_ID(+)
			 AND TRUNC(SYSDATE) BETWEEN A.NTC_ST_DT AND A.NTC_ED_DT
			 
			 AND A.NTCNT_TYPE_CD NOT IN ('POP', 'ADR')
			 AND A.DEL_YN = 'N'
			 ORDER BY A.RGT_DATE DESC,  A.NTC_ED_DT DESC, A.NTC_ST_DT DESC
		]]>
	</select>

	<!-- 공지사항 CLOB 조회 -->
	<select id="noticeDao.retrieveNoticeClobByNoticeSeq" resultType="ohMap">
 		<![CDATA[ 	
 		${queryId}          
           SELECT NOTICE_SEQ
                , NTC_ST_DT
                , NTC_ED_DT
                , PPUP_YN
                , PPUP_WIDTH_SIZE
                , PPUP_LNTH_SIZE
                , TITL
                , NTCNT_TYPE_CD
                , NTC_LTXT     
                , DEL_YN 
                , (select USR_NM 
                     from TB_USR001 
                    where USR_ID = a.MODER_ID) USR_NM
                    
			     ,(select USR_NM 
                     from TB_USR001 
                    where USR_ID = a.MODER_ID) ||' ['|| (SELECT FC_GET_EMPNO_TO_DEPT(EMPNO, 'N' /*N:부서명, C:부서코드*/)
			                  FROM DUAL)||'] ' DISP_USR_NM
			     ,DECODE( A.VIEW_YN, 'Y', '1', '0') VIEW_YN
			 FROM TB_SYS008   a 
			   ,  TB_USR001 C 
			 
			 WHERE NOTICE_SEQ =  #{noticeSeq}
			 AND A.MODER_ID = C.USR_ID(+)

		]]>
	</select>

	<insert id="noticeDao.insertNotice">
 		<![CDATA[ 	
 		${queryId}
					INSERT INTO TB_SYS008   
					 (NOTICE_SEQ
					  ,NTC_ST_DT 
					  ,NTC_ED_DT
					  ,PPUP_YN
					  ,PPUP_WIDTH_SIZE
		              ,PPUP_LNTH_SIZE
		              ,TITL
					  ,NTC_LTXT  			-- CLOB
					  ,DEL_YN    
					  ,NTCNT_TYPE_CD		--유형  
					  ,VIEW_YN
					  ,RGTER_ID  
					  ,RGT_DATE  
					  ,MODER_ID  
					  ,MOD_DATE)
					VALUES 
					 (
					 --SQ_TB_SYS008_NOTICE_SEQ.NEXTVAL
					 #{noticeSeq}
					 ,#{ntcStDt} 
					 ,#{ntcEdDt}
					 ,DECODE(#{ntcntTypeCd}, 'P', 'Y', 'N')
					 ,DECODE(#{ntcntTypeCd}, 'P', #{ppupWidthSize}, '')
					 ,DECODE(#{ntcntTypeCd}, 'P', #{ppupLnthSize}, '')
					 ,#{titl}
					 ,#{ntcLtxt:CLOB}	--CLOB
					 ,'N'
					 ,NVL( #{ntcntTypeCd}, 'A') 
					 ,#{viewYn}
					 ,#{usrId}
					 ,SYSDATE 
					 ,#{usrId}
					 ,SYSDATE )
	]]>
	</insert>

	<update id="noticeDao.deleteNotice">
 		<![CDATA[ 	
 		${queryId}
		UPDATE TB_SYS008 A
		   SET DEL_YN	= 'Y'
			 , MODER_ID	= #{usrId}
    		 , MOD_DATE	= SYSDATE
		 WHERE NOTICE_SEQ = #{noticeSeq}
        ]]>
	</update>

	<update id="noticeDao.updateNotice">
 		<![CDATA[ 	
 		${queryId}
			UPDATE TB_SYS008 A
			SET   NTC_ST_DT 	= TO_DATE( SUBSTR(#{ntcStDt},1,8)   , 'YYYYMMDD')  
					,NTC_ED_DT 	= TO_DATE( SUBSTR(#{ntcEdDt},1,8)   , 'YYYYMMDD')  
					,TITL  		= #{titl}
					,PPUP_YN	= DECODE(#{ntcntTypeCd}, 'P', 'Y', 'N')
					,PPUP_WIDTH_SIZE = DECODE(#{ntcntTypeCd}, 'P', #{ppupWidthSize}, '')
					,PPUP_LNTH_SIZE  = DECODE(#{ntcntTypeCd}, 'P', #{ppupLnthSize}, '')
					,NTC_LTXT  	= #{ntcLtxt:CLOB}
					,VIEW_YN    = #{viewYn}
					,MODER_ID  	= #{usrId}
					,MOD_DATE  	= SYSDATE
					,NTCNT_TYPE_CD = #{ntcntTypeCd} 
			WHERE NOTICE_SEQ = #{noticeSeq}  
        ]]>
	</update>



	<select id="noticeDao.retrieveBlob" resultType="ohMap">
 		<![CDATA[ 	
 		${queryId}
			SELECT ID
					, IMAGE --BLOB
			FROM BLOB_TEST
		]]>
	</select>
	
	<insert id="noticeDao.insertBlob">
 		<![CDATA[ 	
 		${queryId}
			INSERT INTO BLOB_TEST   
			 (ID
			  ,IMAGE )
			VALUES 
			 (#{id}
			 ,#{image:BLOB})
	]]>
	</insert>

	<update id="noticeDao.deleteBlob">
 		<![CDATA[ 	
 		${queryId}
			DELETE FROM BLOB_TEST
			WHERE ID = #{id}
        ]]>
	</update>

	<update id="noticeDao.updateBlob">
 		<![CDATA[ 	
 		${queryId}
			UPDATE BLOB_TEST A
			SET   IMAGE = #{image:BLOB}  
			WHERE ID = #{id}
        ]]>
	</update>

	<select id="noticeDao.retrieveSeq" resultType="ohMap">
 		<![CDATA[ 	
 		${queryId}
			SELECT SQ_TB_SYS008_NOTICE_SEQ.NEXTVAL AS NOTICE_SEQ
			 FROM DUAL
		]]>
	</select>
	
	<update id="noticeDao.deleteNoticeAllFile">
 		<![CDATA[ 	
 		${queryId}
		UPDATE TB_COM003 A
		   SET DEL_YN =  'Y'
			 , MODER_ID	= #{usrId}
    		 , MOD_DATE	= SYSDATE
		 WHERE ATCH_FILE_ID = #{noticeSeq}
        ]]>
	</update>
	
	<update id="noticeDao.updateNoticeFile">
 		<![CDATA[ 	
 		${queryId}
		UPDATE TB_COM003 A
		   SET DEL_YN =  'Y'
			 , MODER_ID	= #{usrId}
    		 , MOD_DATE	= SYSDATE
		 WHERE ATCH_FILE_ID		= #{noticeSeq}
		   AND ATCH_FILE_SEQ	= #{seqNo}
        ]]>
	</update>
	
	<select id="noticeDao.retrieveNoticePop" resultType="ohMap">
 		<![CDATA[ 	
 		${queryId}
			SELECT A.NOTICE_SEQ 	 	--번호
			       ,'[' || B.COM_CD_NM ||']' || ' ' || A.TITL AS TITL      				--제목
			       , A.NTC_LTXT  						--게시장문 : CLOB
			       , A.PPUP_WIDTH_SIZE
			       , A.PPUP_LNTH_SIZE
			 FROM TB_SYS008 A
			      ,TB_COM001 B
			      ,TB_USR001 C 
			 WHERE A.NTCNT_TYPE_CD = B.COM_CD(+)
			 AND B.GRP_CD(+) ='GSY001'
			 AND B.HRNK_COM_CD(+) = '0004'
			 AND B.USE_YN(+) = 'Y'
			 AND A.MODER_ID = C.USR_ID(+)
			 AND TRUNC(SYSDATE) BETWEEN A.NTC_ST_DT AND A.NTC_ED_DT
			 AND A.NTCNT_TYPE_CD = 'P'
			 AND A.DEL_YN = 'N'
			 ORDER BY A.NTC_ED_DT DESC, A.NTC_ST_DT DESC
		]]>
	</select>
	
	<!-- 추천상품 조회(메인) -->
	<select id="noticeDao.retrieveGoodByHome" resultType="ohMap">
 		<![CDATA[ 	
 		${queryId}
 		SELECT GOOD_CD
 			  , GOOD_NM
 			  , CASE WHEN #{busiplCd} = 'FX048' THEN 0 ELSE UCOST END AS UCOST
 			  , RMK
 			  , IMAGE
 			  , GOOD_NM ||' ['||GOOD_CD||']'||chr(13)||chr(10)|| CASE WHEN #{busiplCd} = 'FX048' THEN '' ||chr(13)||chr(10) ELSE '(가격:'||REPLACE(TO_CHAR(UCOST,'999,999,999,999,999'),' ','')||'원)' ||chr(13)||chr(10)||chr(13)||chr(10) END ||RMK AS GOOD_DETAIL
 		  FROM (
				SELECT A.GOOD_CD																																										
				     , B.GOODNM AS GOOD_NM																																										
				     , (SELECT OAS_APP.FC_MGO_GET_SHPRC(#{corpCd} /*로그인사용자의 법인코드, PARAM*/,																																										
				                                       (SELECT IA.CLHA_CTR_CD																																										
				                                          FROM OAS_APP.TB_MBU005 IA																																										
				                                         WHERE IA.CORP_CD = #{corpCd} /*로그인사용자의 법인코드, PARAM, 필수*/																																										
				                                           AND IA.BUSIPL_CD = #{busiplCd} /*로그인 사용자의 배송사업장코드, PARAM, 필수*/																																										
				                                           AND TO_DATE(TO_CHAR(SYSDATE, 'YYYYMMDD'), 'YYYYMMDD') BETWEEN IA.APLY_ST_DT AND IA.APLY_ED_DT																																										
				                                       ),																																										
				                                       #{busiplCd} /*로그인사용자의 배송사업장코드, PARAM, 필수*/,																																										
				                                       A.GOOD_CD /*상품코드, PARAM*/,																																										
				                                       TO_CHAR(SYSDATE, 'YYYYMMDD')
				                                       , ''
				                                       , ''
				                                       , '3')																																										
				          FROM DUAL																																										
				        ) UCOST																																										
				     , B.REMARK RMK
				     , #{url}||'/1/'||A.GOOD_CD||'.jpg' as IMAGE				                                                                                       
			    FROM TB_MMS004 A                                                                                    
			       , SMARTX.VW_FCC101 B                                                                                    
			    WHERE A.GOOD_CD              = B.GOODCD																																										
				  AND A.GOOD_GBN_CD            = '4'																																										
				  AND B.CONSUM_YN              = 'Y'																																										
				  AND A.CORP_CD                = #{corpCd}																																										
				  AND A.SCRN_EXPRS_YN          = 'Y'
				  AND B.GOODCDSTS <> 'D'	
			      AND ROWNUM < 5
			 )
		WHERE UCOST >= 0
		]]>
	</select>
	
	<!-- 연락처 조회(메인) -->
	<select id="noticeDao.retrieveAddrContactByHome" resultType="ohMap">
 		<![CDATA[ 	
 		${queryId}
		SELECT NTC_LTXT												
		  FROM (												
		        SELECT NTC_LTXT										
		          FROM TB_SYS008 A
		         WHERE A.NTCNT_TYPE_CD = 'ADR'
		           AND A.DEL_YN = 'N'
	               AND TRUNC(SYSDATE) BETWEEN A.NTC_ST_DT AND A.NTC_ED_DT										
			     ORDER BY A.NOTICE_SEQ DESC												
	           )                        
	     WHERE ROWNUM = 1
		]]>
	</select>


</mapper>
