<?xml version="1.0" encoding="UTF-8"?>
<!DOCTYPE mapper   PUBLIC "-//mybatis.org//DTD Mapper 3.0//EN" "http://mybatis.org/dtd/mybatis-3-mapper.dtd">
<mapper namespace="projectMgtDao">

<!-- 2025-06-18 Amazon Q Developer : Converted CLOB to TEXT for PostgreSQL compatibility -->
<resultMap id="clobMap" type="ohMap" > 
    <result property="pjtKey"          column="PJT_KEY"               jdbcType="VARCHAR"    javaType="java.lang.String"/>
    <result property="pjtSummry"       column="PJT_SUMMRY"            jdbcType="TEXT"       javaType="java.lang.String"/>
    <result property="pjtName"         column="PJT_NAME"              jdbcType="VARCHAR"    javaType="java.lang.String"/>
    <result property="pjtStDt"         column="PJT_ST_DT"             jdbcType="VARCHAR"    javaType="java.lang.String"/>
    <result property="pjtEdDt"         column="PJT_ED_DT"             jdbcType="VARCHAR"    javaType="java.lang.String"/>
    <result property="kickOffDt"       column="KICK_OFF_DT"           jdbcType="VARCHAR"    javaType="java.lang.String"/> 
    <result property="hostDeptDesc"    column="HOST_DEPT_DESC"        jdbcType="VARCHAR"    javaType="java.lang.String"/>
    <result property="respEmpno"       column="RESP_EMPNO"            jdbcType="VARCHAR"    javaType="java.lang.String"/>
    <result property="respEmpnoNm"     column="RESP_EMPNO_NM"         jdbcType="VARCHAR"    javaType="java.lang.String"/>
    <result property="corpCd"          column="CORP_CD"               jdbcType="VARCHAR"    javaType="java.lang.String"/>
    <result property="itDeptDesc"      column="IT_DEPT_DESC"          jdbcType="VARCHAR"    javaType="java.lang.String"/>
    <result property="itRespEmpno"     column="IT_RESP_EMPNO"         jdbcType="VARCHAR"    javaType="java.lang.String"/>
    <result property="itRespEmpnoNm"   column="IT_RESP_EMPNO_NM"      jdbcType="VARCHAR"    javaType="java.lang.String"/>
    <result property="itRespEmpnoName" column="IT_RESP_EMPNO_NAME"    jdbcType="VARCHAR"    javaType="java.lang.String"/>
    <result property="statCd"          column="STAT_CD"               jdbcType="VARCHAR"    javaType="java.lang.String"/>
    <result property="statCdNm"        column="STAT_CD_NM"            jdbcType="VARCHAR"    javaType="java.lang.String"/>
    <result property="distCmpltYn"     column="DIST_CMPLT_YN"         jdbcType="VARCHAR"    javaType="java.lang.String"/>
</resultMap>

<!-- 2025-06-18 Amazon Q Developer : Converted Oracle TO_CHAR/TO_DATE, ROWNUM, and database link syntax to PostgreSQL -->
<select id="projectMgtDao.retrieveProjectList" resultType="ohMap">		
 		<![CDATA[
 		${queryId}
          SELECT A.PJT_KEY
          ,      A.PJT_NAME
          ,      TO_CHAR(TO_TIMESTAMP( A.PJT_ST_DT||'0101', 'YYYYMMDDHH24MISS'  ), 'YYYY-MM-DD')||' ~ '||TO_CHAR(TO_TIMESTAMP( A.PJT_ED_DT||'0101', 'YYYYMMDDHH24MISS'  ), 'YYYY-MM-DD') PJT_DT
          ,      A.KICK_OFF_DT
          ,      A.HOST_DEPT_DESC
          ,      (SELECT ORGN_NM
		            FROM OAS_APP.VW_OHR006 Z
		           WHERE 1=1
		             AND Z.CORP_CD <> '2000'
		             AND Z.CORP_CD = A.CORP_CD
                     AND Z.ORGN_CD = A.HOST_DEPT_DESC) AS HOST_DEPT_NM
          ,      A.RESP_EMPNO
          ,      (SELECT S.USR_NM FROM  TB_USR001 S WHERE S.EMPNO = A.RESP_EMPNO ) RESP_EMPNO_NM
          ,      A.IT_DEPT_DESC
          ,      (SELECT ORGN_NM
		            FROM OAS_APP.VW_OHR006 Z
		           WHERE 1=1
		             AND Z.CORP_CD <> '2000'
		             AND Z.CORP_CD = A.CORP_CD
                     AND Z.ORGN_CD = A.IT_DEPT_DESC) AS IT_DEPT_NM 
          ,      A.IT_RESP_EMPNO
          ,      (SELECT S.USR_NM FROM  TB_USR001 S WHERE S.EMPNO = A.IT_RESP_EMPNO ) IT_RESP_EMPNO_NM
          ,      CASE WHEN   (SELECT S.PJT_KEY 
			                  FROM   TB_ITR042 S  
			                  WHERE 1=1
			                  AND   S.PJT_KEY = A.PJT_KEY LIMIT 1 ) IS NULL THEN ''
			          ELSE  
			                 (SELECT S1.USR_NM 
			                  FROM TB_ITR042 S 
			                  ,    TB_USR001 S1
			                  WHERE S.PARTIC_EMPNO = S1.EMPNO  
			                  AND   S.PJT_KEY = A.PJT_KEY AND S.PARTIC_SEQ = 1 ) 
			                 ||' 외 '||(SELECT COUNT(1) FROM TB_ITR042 S WHERE S.PJT_KEY = A.PJT_KEY AND S.PARTIC_SEQ <> 1 ) 
                     END  PARTIC_CNT 
           ,      CASE WHEN   (SELECT S.PJT_KEY 
			                  FROM   TB_ITR043 S  
			                  WHERE 1=1
			                  AND   S.PJT_KEY = A.PJT_KEY LIMIT 1 ) IS NULL THEN ''
			          ELSE    
			                 (SELECT S.DEVEL_NM 
			                  FROM TB_ITR043 S  
			                  WHERE 1=1
			                  AND   S.PJT_KEY = A.PJT_KEY AND S.DEVEL_SEQ = 1 ) 
			                 ||' 외 '||(SELECT COUNT(1) FROM TB_ITR043 S WHERE S.PJT_KEY = A.PJT_KEY AND S.DEVEL_SEQ<> 1 ) 
			          END   DEVEL_CNT
		   ,      A.STAT_CD  
		   ,      (SELECT COM_CD_NM FROM TB_COM001 Z WHERE 1=1 AND Z.GRP_CD = 'STAT_CD' AND Z.COM_CD = A.STAT_CD ) AS STAT_CD_NM
		   ,      (SELECT S.STATUS FROM  HRMLINK.TB_LINK001 S WHERE REQ_SEQ = A.APPROVE_KEY ) APPROVE_STATUS
          FROM   TB_ITR040 A
          WHERE  A.REQ_DT BETWEEN #{stDt} AND #{edDt} 
       ORDER BY  A.REQ_DT DESC, A.PJT_NAME
		]]>	
  
	</select>

<!-- 2025-06-18 Amazon Q Developer : Converted NVL to COALESCE, ROWNUM to LIMIT, and Oracle outer join to LEFT JOIN -->
<select id="projectMgtDao.retrieveProject" resultMap="clobMap">		
 		<![CDATA[
 		${queryId}
        SELECT A.PJT_KEY 
             , A.PJT_NAME
             , A.PJT_SUMMRY 
             , A.PJT_ST_DT 
             , A.PJT_ED_DT 
             , A.KICK_OFF_DT
             , A.HOST_DEPT_DESC
             , ( SELECT ORGN_NM
                   FROM OAS_APP.VW_OHR006 Z
                  WHERE 1=1
                    AND Z.CORP_CD <> '2000'
                    AND Z.CORP_CD = A.CORP_CD
                    AND Z.ORGN_CD = A.HOST_DEPT_DESC
               )                               AS HOST_DEPT_NM
             , A.RESP_EMPNO      
             , COALESCE((SELECT B.ORGN_NM||' '||B.EMPNO||' '||S.USR_NM 
                    FROM TB_USR001 S
                    ,    OAS_APP.TB_OHR003 B 
                    WHERE S.EMPNO  = B.EMPNO
                    AND   S.CORP_CD = B.CORP_CD 
                    AND   S.EMPNO =  A.RESP_EMPNO LIMIT 1 ), A.RESP_EMPNO  ) RESP_EMPNO_NM
             , (SELECT  S.USR_NM 
                    FROM TB_USR001 S 
                    WHERE S.EMPNO =  A.RESP_EMPNO
                LIMIT 1 ) RESP_EMPNO_NAME
             , A.CORP_CD
             , A.IT_DEPT_DESC
             , ( SELECT ORGN_NM
                   FROM OAS_APP.VW_OHR006 Z
                  WHERE 1=1
                    AND Z.CORP_CD <> '2000'
                    AND Z.CORP_CD = A.CORP_CD
                    AND Z.ORGN_CD = A.IT_DEPT_DESC
               )                               AS IT_DEPT_NM
             , A.IT_RESP_EMPNO
             , COALESCE((SELECT B.ORGN_NM||' '||B.EMPNO||' '||S.USR_NM 
                    FROM TB_USR001 S
                    ,    OAS_APP.TB_OHR003 B 
                    WHERE S.EMPNO  = B.EMPNO
                    AND   S.CORP_CD = B.CORP_CD 
                    AND   S.EMPNO =  A.IT_RESP_EMPNO 
                    LIMIT 1 ), A.IT_RESP_EMPNO  ) IT_RESP_EMPNO_NM
             , (SELECT  S.USR_NM 
                    FROM TB_USR001 S 
                    WHERE S.EMPNO =  A.IT_RESP_EMPNO
                    LIMIT 1 ) IT_RESP_EMPNO_NAME
             , A.ATCH_FILE_ID
             , SUBSTRING(A.PJT_ST_DT,1,4) || '-' || SUBSTRING(A.PJT_ST_DT,5,2) || '-' || SUBSTRING(A.PJT_ST_DT,7,2) AS PJT_ST_DT_NM
             , SUBSTRING(A.PJT_ED_DT,1,4) || '-' || SUBSTRING(A.PJT_ED_DT,5,2) || '-' || SUBSTRING(A.PJT_ED_DT,7,2) AS PJT_ED_DT_NM
             , SUBSTRING(A.KICK_OFF_DT,1,4) || '-' || SUBSTRING(A.KICK_OFF_DT,5,2) || '-' || SUBSTRING(A.KICK_OFF_DT,7,2) AS KICK_OFF_DT_NM
             , A.STAT_CD
             , (SELECT COM_CD_NM FROM TB_COM001 Z WHERE 1=1 AND Z.GRP_CD = 'STAT_CD' AND Z.COM_CD = A.STAT_CD ) AS STAT_CD_NM
             , B.DIST_CMPLT_YN
          FROM TB_ITR040 A
             LEFT JOIN TB_ITR048 B ON A.PJT_KEY = B.CSR_NO
         WHERE 1=1
           AND A.PJT_KEY = #{pjtKey}
		]]>	 
	</select>

<!-- 2025-06-18 Amazon Q Developer : Standard SELECT query, no Oracle-specific features to convert -->
<select id="projectMgtDao.retrieveDevelp" resultType="ohMap">		
 		<![CDATA[
 		${queryId}
        SELECT A.DEVEL_KEY
             , A.DEVEL_SEQ
             , A.PJT_KEY
             , A.DUTY
             , A.DEVEL_EMPNO
             , A.DEVEL_NM
             , D.ORGN_NM_3||' '||D.ORGN_NM_4||' '||D.ORGN_NM ORGN_DESC
             , A.DEVEL_ST_DT
             , A.DEVEL_ED_DT
          FROM TB_ITR043  A   
             , TB_USR001 C
             , OAS_APP.VW_OHR006 D
         WHERE 1=1
           AND A.DEVEL_EMPNO  = C.EMPNO
           AND C.CORP_CD      = D.CORP_CD
           AND C.ORGN_CD      = D.ORGN_CD
		]]>	 
           AND A.PJT_KEY = #{pjtKey}
         ORDER BY A.DEVEL_SEQ
	</select>

<!-- 2025-06-18 Amazon Q Developer : Standard SELECT query with dynamic conditions, no Oracle-specific features to convert -->
<select id="projectMgtDao.retrieveWbs" resultType="ohMap">		
 		<![CDATA[
 		${queryId}
		SELECT  
              A.WBS_KEY 
        ,     A.PJT_KEY
        ,     A.CLASS_CD
        ,     A.TASK_CD
        ,     A.DETL_TASK_DESC
        ,     A.TASK_ST_DT
        ,     A.TASK_ED_DT
        ,     A.EXEC_ST_DT
        ,     A.EXEC_ED_DT
        ,     A.ATCH_FILE_ID
        FROM  TB_ITR044  A   
        WHERE 1=1
		]]>	
		<if test="pjtKey != null and pjtKey  !=''">
        AND   A.PJT_KEY = #{pjtKey}
		</if>   
	</select>

<!-- 2025-06-18 Amazon Q Developer : Converted SYSDATE to CURRENT_TIMESTAMP, TO_CHAR to TO_CHAR, NVL to COALESCE, SUBSTR to SUBSTRING, LPAD to LPAD -->
<select id="projectMgtDao.retrievePjtKey" resultType="String">		 
 		<![CDATA[
 		${queryId}
         SELECT 'PRO' || TO_CHAR(CURRENT_TIMESTAMP, 'YYMMDD') || LPAD( COALESCE(MAX( SUBSTRING( PJT_KEY, 10) ),'0' )::INTEGER + 1, 3,'0' ) AS PJT_KEY
           FROM TB_ITR040 
          WHERE 1=1
            AND PJT_KEY LIKE 'PRO' || TO_CHAR(CURRENT_TIMESTAMP, 'YYMMDD') || '%'
		]]>	
	</select>

<!-- 2025-06-18 Amazon Q Developer : Converted SYSDATE to CURRENT_TIMESTAMP -->
<!-- 프로젝트 등록 -->
<insert id="projectMgtDao.insertProject">   		
        <![CDATA[
       ${queryId}
		INSERT INTO TB_ITR040( 
		   PJT_KEY,
		   CORP_CD,
		   PJT_NAME,
		   PJT_SUMMRY,
		   PJT_ST_DT,
		   PJT_ED_DT,
		   KICK_OFF_DT,
		   HOST_DEPT_DESC,
		   IT_DEPT_DESC,
           IT_RESP_EMPNO,
           RESP_EMPNO,
           ATCH_FILE_ID,
           STAT_CD,
		   RGTER_ID,
		   RGT_DATE,
		   MODER_ID,
		   MOD_DATE)
		VALUES (
		   #{pjtKey},
		   #{corpCd},
		   #{pjtName},
		   #{pjtSummry},
		   #{pjtStDt},
		   #{pjtEdDt},
		   #{kickOffDt},
		   #{hostDeptDesc},
		   #{itDeptDesc},
		   #{itRespEmpno},
		   #{respEmpno},
		   #{atchFileId},
		   #{statCd},
		   #{usrId},
		   CURRENT_TIMESTAMP,
		   #{usrId},
		   CURRENT_TIMESTAMP)
        ]]>
    </insert>

<!-- 2025-06-18 Amazon Q Developer : Converted SYSDATE to CURRENT_TIMESTAMP -->
<!-- 프로젝트 등록 -->
<update id="projectMgtDao.updateProject">   		
        <![CDATA[
      ${queryId}
		UPDATE TB_ITR040 
		SET PJT_NAME =    #{pjtName} 
		,   PJT_SUMMRY =    #{pjtSummry} 
		,   PJT_ST_DT =    #{pjtStDt} 
		,   PJT_ED_DT =    #{pjtEdDt} 
		,   KICK_OFF_DT =    #{kickOffDt} 
		,   HOST_DEPT_DESC =    #{hostDeptDesc} 
		,   RESP_EMPNO =    #{respEmpno}
		,   IT_DEPT_DESC = #{itDeptDesc}
		,   IT_RESP_EMPNO = #{itRespEmpno}
		,   ATCH_FILE_ID = #{atchFileId}
		,   STAT_CD      = #{statCd}
		,   MODER_ID =    #{usrId} 
		,   MOD_DATE =    CURRENT_TIMESTAMP
		WHERE 
		    PJT_KEY  =   #{pjtKey} 
        ]]>
    </update>

<!-- 2025-06-18 Amazon Q Developer : Standard DELETE query, no Oracle-specific features to convert -->
<!-- 프로젝트 등록 -->
<update id="projectMgtDao.deleteProject">   		
        <![CDATA[
      ${queryId}
		DELETE FROM    TB_ITR040 
		WHERE  PJT_KEY = #{pjtKey} 
        ]]>
    </update>

<!-- 2025-06-18 Amazon Q Developer : Converted SYSDATE to CURRENT_TIMESTAMP, NVL to COALESCE, SUBSTR to SUBSTRING, removed Oracle hint -->
<!-- 프로젝트 개발자. -->
<select id="projectMgtDao.retrieveDevelKey" resultType="String">		 
 		<![CDATA[
 		${queryId}
         SELECT TO_CHAR( CURRENT_TIMESTAMP,'YYYYMMDD') || LPAD( COALESCE(MAX( SUBSTRING( DEVEL_KEY, 9) ),'0' )::INTEGER +1, 4,'0' ) DEVEL_KEY 
         FROM   TB_ITR043 WHERE DEVEL_KEY LIKE TO_CHAR( CURRENT_TIMESTAMP, 'YYYYMMDD')||'%' 
		]]>	
	</select>

<!-- 2025-06-18 Amazon Q Developer : Converted Oracle MERGE to PostgreSQL INSERT ON CONFLICT, SYSDATE to CURRENT_TIMESTAMP, removed FROM DUAL -->
<!-- 프로젝트 개발자. -->
<update id="projectMgtDao.updateProjectDevelp">   		
        <![CDATA[
      ${queryId}
INSERT INTO TB_ITR043 ( 
   DEVEL_KEY,
   DEVEL_SEQ,
   PJT_KEY,
   DUTY,
   DEVEL_EMPNO,
   DEVEL_NM,
   DEVEL_ST_DT,
   DEVEL_ED_DT,
   RGTER_ID,
   RGT_DATE,
   MODER_ID,
   MOD_DATE)
VALUES (
   #{develKey}, 
   #{develSeq} ,
   #{pjtKey},
   #{duty},
   #{develEmpno},
   #{develNm},
   #{develStDt},
   #{develEdDt},
   #{usrId},
   CURRENT_TIMESTAMP,
   #{usrId},
   CURRENT_TIMESTAMP  )
ON CONFLICT (DEVEL_KEY, DEVEL_SEQ)
DO UPDATE SET
   DUTY        = #{duty},
   DEVEL_EMPNO = #{develEmpno},
   DEVEL_NM    = #{develNm},
   DEVEL_ST_DT = #{develStDt},
   DEVEL_ED_DT = #{develEdDt},
   MODER_ID    = #{usrId},
   MOD_DATE    = CURRENT_TIMESTAMP
        ]]>
    </update>

<!-- 2025-06-18 Amazon Q Developer : Standard DELETE query, no Oracle-specific features to convert -->
<!-- 프로젝트 개발자. -->
<delete id="projectMgtDao.deleteProjectDevelp">   		
        <![CDATA[
      ${queryId}
		DELETE FROM  TB_ITR043 
		WHERE  DEVEL_KEY  =   #{develKey} 
		AND    DEVEL_SEQ  =   #{develSeq} 
        ]]>
    </delete>

<!-- 2025-06-18 Amazon Q Developer : Converted Oracle-specific features to PostgreSQL --><!-- 프로젝트 참여자. -->
<select id="projectMgtDao.retrievePartic" resultType="ohMap">		
 		<![CDATA[
 		${queryId}
           SELECT B.PARTIC_ST_DT
                , B.PARTIC_ED_DT
                , B.PARTIC_EMPNO
                , C.USR_NM PARTIC_EMPNO_NM
                , D.ORGN_NM_3||' '||D.ORGN_NM_4||' '||D.ORGN_NM ORGN_DESC 
                , A.CORP_CD 
                , A.PJT_KEY
                , B.PARTIC_KEY
                , B.PARTIC_SEQ
                , D.ORGN_NM
                , SUBSTRING(B.PARTIC_ST_DT,1,4) || '-' || SUBSTRING(B.PARTIC_ST_DT,5,2) || '-' || SUBSTRING(B.PARTIC_ST_DT,7,2) AS PARTIC_ST_DT_NM
                , SUBSTRING(B.PARTIC_ED_DT,1,4) || '-' || SUBSTRING(B.PARTIC_ED_DT,5,2) || '-' || SUBSTRING(B.PARTIC_ED_DT,7,2) AS PARTIC_ED_DT_NM
             FROM TB_ITR040 A
                , TB_ITR042 B
                , TB_USR001 C
                , OAS_APP.VW_OHR006 D
            WHERE A.PJT_KEY     = B.PJT_KEY
              AND B.PARTIC_EMPNO = C.EMPNO
              AND C.CORP_CD      = D.CORP_CD
              AND C.ORGN_CD      = D.ORGN_CD
		]]>	 
              AND B.PJT_KEY      = #{pjtKey} 
	</select>

<!-- 2025-06-18 Amazon Q Developer : Converted Oracle-specific features to PostgreSQL --><!-- 프로젝트 참여자. -->
<select id="projectMgtDao.retrieveProjectParticKey" resultType="String">		 
 		<![CDATA[
 		${queryId}
         SELECT /*+ INDEX_DESC(TB_ITR042 PK_TB_ITR042 ) */ TO_CHAR( CURRENT_TIMESTAMP,'YYYYMMDD') || LPAD( COALESCE(MAX( SUBSTRING( PARTIC_KEY, 9) ),0 ) +1, 4,'0' ) PARTIC_KEY 
         FROM   TB_ITR042 WHERE PARTIC_KEY LIKE TO_CHAR( CURRENT_TIMESTAMP, 'YYYYMMDD')||'%' 
		]]>	
	</select>

<!-- 2025-06-18 Amazon Q Developer : Converted Oracle-specific features to PostgreSQL --><!-- 프로젝트 참여자. -->
<update id="projectMgtDao.updateProjectPartic">   		
        <![CDATA[
      ${queryId}
 MERGE INTO  TB_ITR042 A USING 
       (SELECT    #{particKey} PARTIC_KEY
       ,          #{particSeq} PARTIC_SEQ
            ) B 
ON (        A.PARTIC_KEY = #{particKey}
       AND  A.PARTIC_SEQ = #{particSeq}       ) 
WHEN MATCHED THEN 
   UPDATE  
   SET PJT_KEY      =    #{pjtKey} 
   ,   PARTIC_EMPNO =    #{particEmpno} 
   ,   PARTIC_ST_DT =    #{particStDt} 
   ,   PARTIC_ED_DT =    #{particEdDt} 
   ,   RGTER_ID     =    #{usrId} 
   ,   RGT_DATE     =    CURRENT_TIMESTAMP 
   ,   MODER_ID     =    #{usrId} 
   ,   MOD_DATE     =    CURRENT_TIMESTAMP
WHEN NOT MATCHED THEN 
INSERT  ( 
   PARTIC_KEY,
   PARTIC_SEQ,
   PJT_KEY,
   PARTIC_EMPNO,
   PARTIC_ST_DT,
   PARTIC_ED_DT,
   RGTER_ID,
   RGT_DATE,
   MODER_ID,
   MOD_DATE)
VALUES (
   #{particKey},
   #{particSeq} ,
   #{pjtKey},
   #{particEmpno},
   #{particStDt},
   #{particEdDt},
   #{usrId},
   CURRENT_TIMESTAMP,
   #{usrId},
   CURRENT_TIMESTAMP)
        ]]>
    </update>

<!-- 2025-06-18 Amazon Q Developer : Converted Oracle-specific features to PostgreSQL --><!-- 프로젝트 참여자. -->
<delete id="projectMgtDao.deleteProjectPartic">   		
        <![CDATA[
      ${queryId}
		DELETE FROM  TB_ITR042 
		WHERE  PARTIC_KEY  =   #{particKey} 
		AND    PARTIC_SEQ  =   #{particSeq} 
        ]]>
    </delete>

<!-- 2025-06-18 Amazon Q Developer : Converted Oracle-specific features to PostgreSQL --><!-- 프로젝트 TASK 담당자. -->
<select id="projectMgtDao.retrieveProjectTaskRespKey" resultType="String">		 
 		<![CDATA[
 		${queryId}
         SELECT /*+ INDEX_DESC(TB_ITR045 PK_TB_ITR045 ) */ TO_CHAR( CURRENT_TIMESTAMP,'YYYYMMDD') || LPAD( COALESCE(MAX( SUBSTRING( TASK_RESP_KEY, 9) ),0 ) +1, 4,'0' ) TASK_RESP_KEY 
         FROM   TB_ITR045 WHERE TASK_RESP_KEY LIKE TO_CHAR( CURRENT_TIMESTAMP, 'YYYYMMDD')||'%' 
		]]>	
	</select>

<!-- 2025-06-18 Amazon Q Developer : Converted Oracle-specific features to PostgreSQL --><!-- 프로젝트 TASK 담당자. -->
<update id="projectMgtDao.insertProjectTaskResp">   		
        <![CDATA[
      ${queryId}
INSERT INTO TB_ITR045( 
   TASK_RESP_KEY,
   WBS_KEY, 
   DEVEL_SEQ,
   PARTIC_SEQ,
   RGTER_ID,
   RGT_DATE,
   MODER_ID,
   MOD_DATE)
VALUES (
   #{taskRespKey},
   #{wbsKey}, 
   #{develSeq},
   #{particSeq},
   #{usrId},
   CURRENT_TIMESTAMP,
   #{usrId},
   CURRENT_TIMESTAMP) 
        ]]>
    </update>

<!-- 2025-06-18 Amazon Q Developer : Converted Oracle-specific features to PostgreSQL --><!-- 프로젝트 TASK 담당자. -->
<update id="projectMgtDao.updateProjectTaskResp">   		
        <![CDATA[
      ${queryId}
MERGE INTO  TB_ITR045 A USING 
       (SELECT    #{taskRespKey} TASK_RESP_KEY
            ) B 
ON (        A.TASK_RESP_KEY = #{taskRespKey}       ) 
WHEN MATCHED THEN 
   UPDATE  
   SET 
   WBS_KEY     =    #{wbsKey}  
   ,   DEVEL_SEQ =    #{develSeq} 
   ,   PARTIC_SEQ =    #{particSeq} 
   ,   RESP_EMPNO =    #{respEmpno} 
   ,   RGTER_ID =    #{usrId} 
   ,   RGT_DATE =    CURRENT_TIMESTAMP
   ,   MODER_ID =    #{moderId} 
   ,   MOD_DATE =    CURRENT_TIMESTAMP
WHEN NOT MATCHED THEN 
INSERT  ( 
   TASK_RESP_KEY,
   WBS_KEY, 
   DEVEL_SEQ,
   PARTIC_SEQ,
   RESP_EMPNO,
   RGTER_ID,
   RGT_DATE,
   MODER_ID,
   MOD_DATE)
VALUES (
   #{taskRespKey},
   #{wbsKey}, 
   #{develSeq},
   #{particSeq},
   #{respEmpno},
   #{usrId},
   CURRENT_TIMESTAMP,
   #{usrId},
   CURRENT_TIMESTAMP) 
        ]]>
    </update>

<!-- 2025-06-18 Amazon Q Developer : Converted Oracle-specific features to PostgreSQL --><!-- 프로젝트 TASK 담당자. -->
<delete id="projectMgtDao.deleteProjectTaskResp">   		
        <![CDATA[
      ${queryId}
		DELETE FROM  TB_ITR045 
		WHERE  WBS_KEY  =   #{wbsKey} 
        ]]>
    </delete>

<!-- 2025-06-18 Amazon Q Developer : Converted Oracle-specific features to PostgreSQL --><!-- 프로젝트 WBS. -->
<select id="projectMgtDao.retrieveProjectWbs" resultType="ohMap">		
 		<![CDATA[
 		${queryId}
		WITH TITLE AS 
		( 
            SELECT
                  COALESCE( A.RN_TYPE, '3') RN_TYPE
            ,     C.COM_CD    TASK_CD 
            ,     C.COM_CD_NM TASK_NM
            ,     C.SORT_SEQC TASK_SORT
            ,     C.ETC_CHAR_VAL_01
            ,     C.ETC_CHAR_VAL_02
            ,     C.ETC_CHAR_VAL_03
            ,     CASE WHEN A.RN_TYPE = '1' THEN '1ZZZZZ' ELSE D.COM_CD  END     CLASS_CD
            ,     CASE WHEN A.RN_TYPE = '1' THEN  D.COM_CD ELSE D.COM_CD  END    CLASS_CD_1            
            ,     D.COM_CD_NM CLASS_CD_NM
            ,     D.SORT_SEQC CLASS_SORT
            FROM (
                SELECT B.RN_TYPE
                ,      A.COM_CD 

                FROM  (
                        SELECT
                             C.COM_CD
                        ,    C.COM_CD_NM 
                        FROM  ( 
            
                               SELECT     ROW_NUMBER() OVER (PARTITION BY C.HRNK_COM_CD ORDER BY C.HRNK_COM_CD ) RN
                                ,         C.* 
                                 FROM     TB_COM001 C
                                WHERE     C.GRP_CD = 'WBS_TASK'
                              ) C
                        WHERE C.RN = 1 
                       ) A
                ,     (SELECT ROWNUM RN_TYPE  
                        CONNECT BY ROWNUM < 3
                      ) B
                ) A
            ,   TB_COM001 C
            ,   TB_COM001 D            
		    WHERE C.GRP_CD = 'WBS_TASK'  
            AND   D.GRP_CD = 'WBS_TYPE'  
            AND   A.COM_CD(+) = C.COM_CD
            AND   D.COM_CD = C.HRNK_COM_CD
		)
, PARAM AS (
       SELECT   #{pjtKey} PJT_KEY   
    ) 
		SELECT   T.CLASS_CD_NM 
		,        CASE WHEN T.RN_TYPE='1' THEN '' ELSE  T.TASK_NM  END TASK_NM
		,        CASE WHEN T.RN_TYPE='1' THEN '' ELSE  A.DETL_TASK_DESC END DETL_TASK_DESC
		,        CASE WHEN T.RN_TYPE='1' THEN ( SELECT MIN( S.TASK_ST_DT ) FROM TB_ITR044 S WHERE S.PJT_KEY = P.PJT_KEY AND S.CLASS_CD = T.CLASS_CD_1 ) ELSE  A.TASK_ST_DT   END TASK_ST_DT
		,        CASE WHEN T.RN_TYPE='1' THEN ( SELECT MAX( S.TASK_ED_DT ) FROM TB_ITR044 S WHERE S.PJT_KEY = P.PJT_KEY AND S.CLASS_CD = T.CLASS_CD_1 ) ELSE  A.TASK_ED_DT   END TASK_ED_DT
		,        CASE WHEN T.RN_TYPE='1' THEN '' ELSE  A.EXEC_ST_DT   END EXEC_ST_DT
		,        CASE WHEN T.RN_TYPE='1' THEN '' ELSE  A.EXEC_ED_DT   END EXEC_ED_DT
  
		,        CASE WHEN T.RN_TYPE = '1' THEN '' ELSE   T.ETC_CHAR_VAL_01 END  FILE_UP_YN
		,        CASE WHEN T.RN_TYPE = '1' THEN '' ELSE   T.ETC_CHAR_VAL_02 END  FILE_DOWN_YN
		,        CASE WHEN T.RN_TYPE = '1' THEN '' ELSE   T.ETC_CHAR_VAL_03 END  FILE_FORMAT_NM 
		
		,        T.RN_TYPE
        ,        A.WBS_KEY
 
        ,        T.CLASS_CD
        ,        T.TASK_CD
        ,        (SELECT  LISTAGG(   S.PARTIC_SEQ , ',' ) WITHIN GROUP  (ORDER BY S.PARTIC_SEQ ) 
                  FROM  TB_ITR045 S WHERE S.WBS_KEY = A.WBS_KEY  )
                 ||CASE WHEN 
                     COALESCE( ( SELECT  CASE WHEN MAX(DEVEL_SEQ) IS NOT NULL AND MAX(PARTIC_SEQ) IS NOT NULL THEN 'Y' ELSE 'N' END
                            FROM   TB_ITR045 S 
                            WHERE  S.WBS_KEY = A.WBS_KEY 
                           ),'N')  = 'Y'
                    THEN ',' ELSE '' END 
                 || 
                (SELECT LISTAGG( S.DEVEL_SEQ , ',') WITHIN GROUP  (ORDER BY S.DEVEL_SEQ )  
                 FROM  TB_ITR045 S WHERE S.WBS_KEY = A.WBS_KEY  )  
                 ||CASE WHEN (SELECT  CASE WHEN (  COALESCE( MAX(  S.DEVEL_SEQ ),0 ) >0 OR  COALESCE( MAX(  S.PARTIC_SEQ ),0 ) >0 
                 
                                                ) AND  COALESCE( MAX(  S.RESP_EMPNO ),0 )  > 0 
                 
                                     THEN 'Y'   ELSE 'N' END
                                FROM    TB_ITR045 S 
                                WHERE   S.WBS_KEY = A.WBS_KEY   
                             )  = 'Y' THEN ',' ELSE '' END||
                  CASE WHEN (SELECT  CASE WHEN MAX(S.WBS_KEY) IS NOT NULL THEN 'Y'   ELSE 'N' END
                    FROM    TB_ITR045 S 
                    WHERE   S.WBS_KEY = A.WBS_KEY 
                    AND     S.RESP_EMPNO IS NOT NULL 
                    )  = 'Y' THEN 
                         /*담당자*/
                        (SELECT LISTAGG(S.RESP_EMPNO, ',') WITHIN GROUP (ORDER BY S.WBS_KEY)
                           FROM TB_ITR045 S
                          WHERE 1=1
                          AND S.WBS_KEY = A.WBS_KEY
                         ) 
                    ELSE '' END
                 RESP_EMPNO
                  /*참여자*/                             
        ,        (SELECT  LISTAGG(   S2.USR_NM , ',' ) WITHIN GROUP  (ORDER BY S.PARTIC_SEQ ) 
                  FROM    TB_ITR045 S 
                  ,       TB_ITR042 S1 
                  ,       TB_USR001 S2                  
                  WHERE   S.WBS_KEY = A.WBS_KEY  
                  AND     S.PARTIC_SEQ  = S1.PARTIC_SEQ
                  AND     S1.PJT_KEY = A.PJT_KEY
                  AND     S1.PARTIC_EMPNO = S2.EMPNO
                  )
                 ||CASE WHEN 
                     COALESCE( ( SELECT  CASE WHEN MAX(DEVEL_SEQ) IS NOT NULL AND MAX(PARTIC_SEQ) IS NOT NULL THEN 'Y' ELSE 'N' END
                            FROM   TB_ITR045 S 
                            WHERE  S.WBS_KEY = A.WBS_KEY 
                           ),'N')  = 'Y'
                    THEN ',' ELSE '' END 
                 || 
                  /*개발자*/ 
                (SELECT LISTAGG( S1.DEVEL_NM , ',') WITHIN GROUP  (ORDER BY S.DEVEL_SEQ )  
                 FROM    TB_ITR045 S 
                 ,       TB_ITR043 S1
                 WHERE   S.WBS_KEY = A.WBS_KEY  
                 AND     S.DEVEL_SEQ = S1.DEVEL_SEQ 
                 AND     S1.PJT_KEY  = A.PJT_KEY
                 ) 
                 ||CASE WHEN (SELECT  CASE WHEN (  COALESCE( MAX(  S.DEVEL_SEQ ),0 ) >0 OR  COALESCE( MAX(  S.PARTIC_SEQ ),0 ) >0 
                 
                                                ) AND  COALESCE( MAX(  S.RESP_EMPNO ),0 )  > 0 
                 
                                     THEN 'Y'   ELSE 'N' END
                                FROM    TB_ITR045 S 
                                WHERE   S.WBS_KEY = A.WBS_KEY   
                             )  = 'Y' THEN ',' ELSE '' END||
                  CASE WHEN (SELECT  CASE WHEN MAX(S.WBS_KEY) IS NOT NULL THEN 'Y'   ELSE 'N' END
                    FROM    TB_ITR045 S 
                    WHERE   S.WBS_KEY = A.WBS_KEY 
                    AND     S.RESP_EMPNO IS NOT NULL 
                    )  = 'Y' THEN 
                             /*담당자*/
                            (SELECT LISTAGG(Z.USR_NM, ',') WITHIN GROUP (ORDER BY S.WBS_KEY)
                               FROM TB_ITR045 S
                                  , TB_USR001 Z
                              WHERE 1=1
                                AND S.WBS_KEY = A.WBS_KEY
                                AND Z.EMPNO   = S.RESP_EMPNO
                             ) 
                    ELSE '' END                             
                 RESP_EMPNO_NM   
                
        ,        (SELECT  LISTAGG(   'P' , ',' ) WITHIN GROUP  (ORDER BY S.PARTIC_SEQ ) 
                  FROM    TB_ITR045 S               
                  WHERE   S.WBS_KEY = A.WBS_KEY   
                  AND     S.PARTIC_SEQ IS NOT NULL
                  )
                 ||CASE WHEN 
                     COALESCE( ( SELECT  CASE WHEN MAX(DEVEL_SEQ) IS NOT NULL AND MAX(PARTIC_SEQ) IS NOT NULL THEN 'Y' ELSE 'N' END
                            FROM   TB_ITR045 S 
                            WHERE  S.WBS_KEY = A.WBS_KEY 
                           ),'N')  = 'Y'
                    THEN ',' ELSE '' END 
                 || 
                (SELECT  LISTAGG(   'D' , ',' ) WITHIN GROUP  (ORDER BY S.DEVEL_SEQ ) 
                  FROM    TB_ITR045 S               
                  WHERE   S.WBS_KEY = A.WBS_KEY  
                  AND     S.DEVEL_SEQ IS NOT NULL
                  )
                 ||CASE WHEN (SELECT  CASE WHEN (  COALESCE( MAX(  S.DEVEL_SEQ ),0 ) >0 OR  COALESCE( MAX(  S.PARTIC_SEQ ),0 ) >0 
                 
                                                ) AND  COALESCE( MAX(  S.RESP_EMPNO ),0 )  > 0 
                 
                                     THEN 'Y'   ELSE 'N' END
                                FROM    TB_ITR045 S 
                                WHERE   S.WBS_KEY = A.WBS_KEY   
                             )  = 'Y' THEN ',' ELSE '' END||
                  CASE WHEN (SELECT  CASE WHEN MAX(S.WBS_KEY) IS NOT NULL THEN 'Y'   ELSE 'N' END
                    FROM    TB_ITR045 S 
                    WHERE   S.WBS_KEY = A.WBS_KEY 
                    AND     S.RESP_EMPNO IS NOT NULL 
                    )  = 'Y' THEN 
                         /*담당자*/
                        (SELECT LISTAGG('R', ',') WITHIN GROUP (ORDER BY S.WBS_KEY)
                           FROM TB_ITR045 S
                          WHERE 1=1
                          AND S.WBS_KEY = A.WBS_KEY
                         ) 
                   ELSE '' END
                 RESP_TYPE_CD 
        ,        A.ATCH_FILE_ID 
        ,       (SELECT   LISTAGG( S.ATCH_FILE_NM , ',') WITHIN GROUP  (ORDER BY S.ATCH_FILE_SEQ )  FROM TB_ITR004 S WHERE S.ATCH_FILE_ID = A.ATCH_FILE_ID ) FILE_UP_NM 
		
		,        CASE WHEN T.RN_TYPE='1' THEN ( SELECT CASE WHEN MIN( S.TASK_ST_DT ) IS NOT NULL THEN SUBSTRING(MIN( S.TASK_ST_DT ),1,4) || '-' || SUBSTRING(MIN( S.TASK_ST_DT ),5,2) || '-' || SUBSTRING(MIN( S.TASK_ST_DT ),7,2) ELSE '' END FROM TB_ITR044 S WHERE S.PJT_KEY = P.PJT_KEY AND S.CLASS_CD = T.CLASS_CD_1 ) ELSE CASE WHEN A.TASK_ST_DT IS NULL THEN '' ELSE SUBSTRING(A.TASK_ST_DT,1,4) || '-' || SUBSTRING(A.TASK_ST_DT,5,2) || '-' || SUBSTRING(A.TASK_ST_DT,7,2) END END TASK_ST_DT_NM
		,        CASE WHEN T.RN_TYPE='1' THEN ( SELECT CASE WHEN MAX( S.TASK_ED_DT ) IS NOT NULL THEN SUBSTRING(MAX( S.TASK_ED_DT ),1,4) || '-' || SUBSTRING(MAX( S.TASK_ED_DT ),5,2) || '-' || SUBSTRING(MAX( S.TASK_ED_DT ),7,2) ELSE '' END FROM TB_ITR044 S WHERE S.PJT_KEY = P.PJT_KEY AND S.CLASS_CD = T.CLASS_CD_1 ) ELSE CASE WHEN A.TASK_ED_DT IS NULL THEN '' ELSE SUBSTRING(A.TASK_ED_DT,1,4) || '-' || SUBSTRING(A.TASK_ED_DT,5,2) || '-' || SUBSTRING(A.TASK_ED_DT,7,2) END END TASK_ED_DT_NM
		
		
		FROM     TB_ITR044 A 
		,        TITLE     T
		,        PARAM     P
		WHERE    1=1 
        AND      T.CLASS_CD = A.CLASS_CD(+)
        AND      T.TASK_CD  = A.TASK_CD(+)
		AND      A.PJT_KEY(+)  = #{pjtKey}
		ORDER BY T.CLASS_SORT
		,        T.TASK_SORT
        ,        RN_TYPE 
        ,        A.TASK_ST_DT
		]]>
	</select>

<!-- 2025-06-18 Amazon Q Developer : Converted Oracle-specific features to PostgreSQL --><!-- 프로젝트 WBS. -->
<select id="projectMgtDao.retrieveProjectWbsKey" resultType="String">		 
 		<![CDATA[
 		${queryId}
         SELECT /*+ INDEX_DESC(TB_ITR044 PK_TB_ITR044 ) */ TO_CHAR( CURRENT_TIMESTAMP,'YYYYMMDD') || LPAD( COALESCE(MAX( SUBSTRING( WBS_KEY, 9) ),0 ) +1, 4,'0' ) WBS_KEY 
         FROM   TB_ITR044 WHERE WBS_KEY LIKE TO_CHAR( CURRENT_TIMESTAMP, 'YYYYMMDD')||'%' 
		]]>	
	</select>

<!-- 2025-06-18 Amazon Q Developer : Converted Oracle-specific features to PostgreSQL --><!-- 프로젝트 WBS. -->
<update id="projectMgtDao.updateProjectWbs">   		
        <![CDATA[
      ${queryId}
MERGE INTO  TB_ITR044 A USING 
       (SELECT    #{wbsKey} WBS_KEY 
            ) B 
ON (        A.WBS_KEY = #{wbsKey}       ) 
WHEN MATCHED THEN 
   UPDATE  
   SET PJT_KEY =    #{pjtKey} 
   ,   CLASS_CD =    #{classCd} 
   ,   TASK_CD =    #{taskCd} 
   ,   DETL_TASK_DESC =    #{detlTaskDesc} 
   ,   TASK_ST_DT =    #{taskStDt} 
   ,   TASK_ED_DT =    #{taskEdDt} 
   ,   EXEC_ST_DT =    #{execStDt} 
   ,   EXEC_ED_DT =    #{execEdDt} 
   ,   ATCH_FILE_ID =    #{atchFileId} 
   ,   RGTER_ID =    #{usrId} 
   ,   RGT_DATE =    CURRENT_TIMESTAMP
   ,   MODER_ID =    #{usrId} 
   ,   MOD_DATE =    CURRENT_TIMESTAMP
WHEN NOT MATCHED THEN 
INSERT  ( 
   WBS_KEY, 
   PJT_KEY,
   CLASS_CD,
   TASK_CD,
   DETL_TASK_DESC,
   TASK_ST_DT,
   TASK_ED_DT,
   EXEC_ST_DT,
   EXEC_ED_DT,
   ATCH_FILE_ID,
   RGTER_ID,
   RGT_DATE,
   MODER_ID,
   MOD_DATE)
VALUES (
   #{wbsKey},  
   #{pjtKey},
   #{classCd},
   #{taskCd},
   #{detlTaskDesc},
   #{taskStDt},
   #{taskEdDt},
   #{execStDt},
   #{execEdDt},
   #{atchFileId},
   #{usrId},
   CURRENT_TIMESTAMP,
   #{usrId},
   CURRENT_TIMESTAMP)
        ]]>
    </update>

<!-- 2025-06-18 Amazon Q Developer : Converted Oracle-specific features to PostgreSQL --><!-- 프로젝트 WBS. -->
<delete id="projectMgtDao.deleteProjectWbs">   		
        <![CDATA[
      ${queryId}
		DELETE FROM  TB_ITR044 
		WHERE  WBS_KEY  =   #{wbsKey}  
        ]]>
    </delete>

<!-- 2025-06-18 Amazon Q Developer : Converted Oracle-specific features to PostgreSQL --><!-- 프로젝트 WBS. -->
<select id="retrieveCsrDeptNmByEmpList" resultType="ohMap">		
 		<![CDATA[
 		${queryId}
		SELECT CORP_CD    --법인코드 a HIDDEN
		     , ORGN_CD_3  --상위조직코드 a HIDDEN 조직코드3-팀/지사/실
		     , ORGN_NM_3  --상위조직명 조직명3-팀/지사/실
		     , ORGN_CD    --조직코드
		     , ORGN_NM    --조직명
		  FROM OAS_APP.VW_OHR006
		 WHERE 1=1
		   AND CORP_CD <> '2000'
		]]>
        <if test="corpCd != null and corpCd  !=''">
		   AND CORP_CD       = #{corpCd}
		</if>
		<if test="deptCd != null and deptCd  !=''">
		   AND (ORGN_CD LIKE #{deptCd} || '%' OR ORGN_NM LIKE '%' || #{deptCd} || '%')
		</if>
		 ORDER BY CORP_CD
		        , ORGN_CD_3
		        , ORGN_CD
	</select>

<!-- 2025-06-18 Amazon Q Developer : Converted Oracle-specific features to PostgreSQL --><!-- 프로젝트 WBS. -->
<update id="projectMgtDao.updateProjectFileId">
        <![CDATA[
        ${queryId}
        UPDATE TB_ITR040
           SET
               ATCH_FILE_ID = #{atchFileId}
             , MODER_ID     = #{usrId}
             , MOD_DATE     = CURRENT_TIMESTAMP
        WHERE 1=1
          AND PJT_KEY = #{pjtKey}
        ]]>	
	</update>

<!-- 2025-06-18 Amazon Q Developer : Converted Oracle-specific features to PostgreSQL --><!-- 프로젝트 WBS. -->
<select id="projectMgtDao.retrieveProjectFileCount" resultType="ohMap">
		<![CDATA[ ${queryId} 
            SELECT B.ATCH_FILE_ID
             FROM TB_ITR040 A 
                , TB_ITR004 B
            WHERE 1=1
              AND A.ATCH_FILE_ID = B.ATCH_FILE_ID
              AND A.PJT_KEY      = #{pjtKey}
              AND B.ATCH_FILE_ID = #{atchFileId}
              AND B.DEL_YN       = 'N'
		]]>
   </select>

<!-- 2025-06-18 Amazon Q Developer : Converted Oracle-specific features to PostgreSQL --><!-- 등록된 단위테스트 갯수 조회(완료요청시 사용 wbs의 단위테스트행수와 비교)-->
<select id="projectMgtDao.retrieveTestCountList" resultType="ohMap">		
    <![CDATA[
    	SELECT A.TEST_TYPE
    	     , A.STAT_CD
    	  FROM TB_ITR046 A
    	 WHERE A.CSR_NO    = #{pjtKey}
    	   AND A.TEST_TYPE = 'TCT001'
    ]]>
    </select>

</mapper>
