<?xml version="1.0" encoding="UTF-8"?>
<!DOCTYPE mapper   PUBLIC "-//mybatis.org//DTD Mapper 3.0//EN" "http://mybatis.org/dtd/mybatis-3-mapper.dtd">
<mapper namespace="stndWorkHourMgtDao">

<!-- 2025-06-18 Amazon Q Developer : Converted Oracle outer joins (+) to explicit LEFT JOIN, NVL to COALESCE, DECODE to CASE, ROWNUM to LIMIT, LISTAGG to STRING_AGG -->

<select id="stndWorkHourMgtDao.retrieveStndWorkHourMgt" resultType="ohMap">		
 		<![CDATA[
 		${queryId}
		WITH MST AS (        
		    SELECT  A.COM_CD      BIZ_TYPE
		    ,       A.COM_CD_NM   BIZ_TYPE_NM
		    ,       B.COM_CD      BIZ_TYPE_SUB
		    ,       B.COM_CD_NM   BIZ_TYPE_SUB_NM
		
		    ,       A.SORT_SEQC
		    FROM    TB_COM001 A
		    LEFT JOIN TB_COM001 B ON B.GRP_CD = 'BIZ_TYPE_SUB'
		                         AND B.USE_YN = 'Y'
		                         AND A.COM_CD = B.HRNK_COM_CD
		    WHERE   A.GRP_CD = 'CSR_BIZ_TYPE'
		    AND     A.USE_YN = 'Y'
		) 
		SELECT
		        A.CSR_TYPE_ITEM     --구분항목
		,       COALESCE( A.BIZ_TYPE, M.BIZ_TYPE ) BIZ_TYPE --업무유형
		,       M.BIZ_TYPE_NM
		,       M.BIZ_TYPE_SUB
		,       M.BIZ_TYPE_SUB_NM
		,       C.WORKHOUR_USE_YN
		,       C.DELIV_USE_YN
		,       C.SATISFT_USE_YN
		,       A.RGTER_ID
		,       COALESCE((SELECT S.USR_NM FROM TB_USR001 S WHERE S.USR_ID =  A.RGTER_ID LIMIT 1 ), A.RGTER_ID  ) RGTER_NM
		,       A.RGT_DATE
		
		,     (SELECT  STRING_AGG(WORK_LEVEL, ',' ORDER BY WORK_LEVEL)    FROM TB_ITR016 S WHERE S.STND_WORKHOUR_SEQ = A.STND_WORKHOUR_SEQ ) WORK_LEVEL
		,     (SELECT  STRING_AGG(C.COM_CD_NM, ',' ORDER BY S.WORK_LEVEL)    
		       FROM  TB_ITR016 S, TB_COM001 C
		       WHERE C.GRP_CD='CSR_BIZ_LVL' 
		       AND   S.WORK_LEVEL = C.COM_CD
		       AND   S.STND_WORKHOUR_SEQ = A.STND_WORKHOUR_SEQ ) WORK_LEVEL_NM
		
		,       A.STND_WORKHOUR_SEQ
		,       CASE WHEN A.CSR_TYPE_ITEM IN ( 'C00010','C00020') THEN 'Y' ELSE 'N' END  BASE_ITEM_YN
		FROM    MST  M
		LEFT JOIN TB_ITR015 A ON M.BIZ_TYPE = A.BIZ_TYPE
		LEFT JOIN TB_ITR022 C ON A.CSR_TYPE_ITEM = C.CSR_TYPE_ITEM
		WHERE   CASE WHEN M.BIZ_TYPE_SUB IS NULL THEN 'AAAA' ELSE M.BIZ_TYPE_SUB END = CASE WHEN M.BIZ_TYPE_SUB IS NULL THEN 'AAAA' ELSE COALESCE(A.BIZ_TYPE_SUB, 'AAAA') END
        
		ORDER BY M.SORT_SEQC
		]]>	
	</select>

<!-- 2025-06-18 Amazon Q Developer : Converted Oracle outer joins (+) to explicit LEFT JOIN, NVL to COALESCE, ROWNUM to LIMIT, LISTAGG to STRING_AGG -->

<select id="stndWorkHourMgtDao.retrieveStndWorkHourMgt_BACK" resultType="ohMap">		
 		<![CDATA[
 		${queryId}
		SELECT 
               A.BIZ_TYPE
        ,      A.STND_WORKHOUR_SEQ
		,      A.CSR_TYPE_ITEM
		,      CASE WHEN A.CSR_TYPE_ITEM IN ( 'C00010','C00020') THEN 'Y' ELSE 'N' END  BASE_ITEM_YN
		,      B.COM_CD BIZ_TYPE
		--,      A.BIZ_TYPE_SUB
		,      D.COM_CD BIZ_TYPE_SUB        
		,      D.COM_CD_NM BIZ_TYPE_SUB_NM
        ,      D.RN
		,      C.WORKHOUR_USE_YN
		,      C.DELIV_USE_YN
		,      C.SATISFT_USE_YN
		,      A.RGTER_ID
        ,      COALESCE((SELECT S.USR_NM FROM TB_USR001 S WHERE S.USR_ID =  A.RGTER_ID LIMIT 1 ), A.RGTER_ID  ) RGTER_NM
		,      A.RGT_DATE
        ,     (SELECT  STRING_AGG(WORK_LEVEL, ',' ORDER BY WORK_LEVEL)    FROM TB_ITR016 S WHERE S.STND_WORKHOUR_SEQ = A.STND_WORKHOUR_SEQ ) WORK_LEVEL
        ,     (SELECT  STRING_AGG(C.COM_CD_NM, ',' ORDER BY S.WORK_LEVEL)    
               FROM  TB_ITR016 S, TB_COM001 C
               WHERE C.GRP_CD='CSR_BIZ_LVL' 
               AND   S.WORK_LEVEL = C.COM_CD
               AND   S.STND_WORKHOUR_SEQ = A.STND_WORKHOUR_SEQ ) WORK_LEVEL_NM

		FROM  TB_ITR015 A    
        LEFT JOIN TB_COM001 B ON B.GRP_CD = 'CSR_BIZ_TYPE' 
                             AND B.COM_CD = A.BIZ_TYPE
        LEFT JOIN TB_ITR022 C ON A.CSR_TYPE_ITEM = C.CSR_TYPE_ITEM
        LEFT JOIN (SELECT S.COM_CD,S.COM_CD_NM ,S.HRNK_COM_CD, ROW_NUMBER() OVER (PARTITION BY S.HRNK_COM_CD ORDER BY S.HRNK_COM_CD) RN  FROM TB_COM001 S WHERE S.GRP_CD='BIZ_TYPE_SUB' AND  S.USE_YN='Y' ) D ON B.COM_CD = D.HRNK_COM_CD
                 
        WHERE 1=1 
        ORDER BY B.SORT_SEQC
		]]>	
	</select>

<!-- 2025-06-18 Amazon Q Developer : Converted SYSDATE to CURRENT_TIMESTAMP, maintained TO_CHAR date formatting -->

<select id="stndWorkHourMgtDao.retrieveStndWorkhourSeq" resultType="ohMap">		
 		<![CDATA[
 		${queryId}
 		
          SELECT TO_CHAR( CURRENT_TIMESTAMP,'YYYYMMDD') || LPAD( COALESCE(MAX( SUBSTR( STND_WORKHOUR_SEQ, 9) ),0 ) +1, 4,'0' ) STND_WORKHOUR_SEQ
          FROM   TB_ITR015 WHERE STND_WORKHOUR_SEQ LIKE TO_CHAR( CURRENT_TIMESTAMP, 'YYYYMMDD')||'%'  
		]]>	
	</select>

<!-- 2025-06-18 Amazon Q Developer : Converted SYSDATE to CURRENT_TIMESTAMP -->

<insert id="stndWorkHourMgtDao.insertStndWorkHourMgt">   		
        <![CDATA[
      ${queryId}
		INSERT INTO TB_ITR015( 
		   STND_WORKHOUR_SEQ,
		   CSR_TYPE_ITEM,
		   BIZ_TYPE,
		   BIZ_TYPE_SUB, 
		   RGTER_ID,
		   RGT_DATE,
		   MODER_ID,
		   MOD_DATE)
		VALUES (
		   #{stndWorkhourSeq},
		   #{csrTypeItem},
		   #{bizType},
		   #{bizTypeSub}, 
		   #{usrId},
		   CURRENT_TIMESTAMP,
		   #{usrId},
		   CURRENT_TIMESTAMP)

        ]]>
    </insert>

<!-- 2025-06-18 Amazon Q Developer : Converted Oracle MERGE to PostgreSQL INSERT...ON CONFLICT, removed FROM DUAL, converted SYSDATE to CURRENT_TIMESTAMP -->

<update id="stndWorkHourMgtDao.updateStndWorkHourMgt">   		
        <![CDATA[
      ${queryId}
		INSERT INTO TB_ITR015 (
		   STND_WORKHOUR_SEQ,
		   CSR_TYPE_ITEM,
		   BIZ_TYPE,
		   BIZ_TYPE_SUB,
		   RGTER_ID,
		   RGT_DATE,
		   MODER_ID,
		   MOD_DATE)
		VALUES (
           COALESCE(#{stndWorkhourSeq}, (SELECT TO_CHAR( CURRENT_TIMESTAMP,'YYYYMMDD') || LPAD( COALESCE(MAX( SUBSTR( STND_WORKHOUR_SEQ, 9) ),0 ) +1, 4,'0' ) FROM TB_ITR015 WHERE STND_WORKHOUR_SEQ LIKE TO_CHAR( CURRENT_TIMESTAMP, 'YYYYMMDD')||'%')),
		   #{csrTypeItem},
		   #{bizType},
		   #{bizTypeSub}, 
		   #{usrId},
		   CURRENT_TIMESTAMP,
		   #{usrId},
		   CURRENT_TIMESTAMP)
		ON CONFLICT (STND_WORKHOUR_SEQ)
		DO UPDATE SET
		   CSR_TYPE_ITEM = #{csrTypeItem},
		   BIZ_TYPE = #{bizType},
		   BIZ_TYPE_SUB = #{bizTypeSub},
		   MODER_ID = #{usrId},
		   MOD_DATE = CURRENT_TIMESTAMP
        ]]>
    </update>

<!-- 2025-06-18 Amazon Q Developer : No conversion needed - standard DELETE statement -->

<delete id="stndWorkHourMgtDao.deleteStndWorkHourMgt">   		
        <![CDATA[ 
			DELETE FROM  TB_ITR015 
			WHERE 
			   STND_WORKHOUR_SEQ  =   #{stndWorkhourSeq} 
        ]]>
    </delete>

<!-- 2025-06-18 Amazon Q Developer : Converted Oracle MERGE to PostgreSQL INSERT...ON CONFLICT, removed FROM DUAL, converted SYSDATE to CURRENT_TIMESTAMP -->

<update id="stndWorkHourMgtDao.updateWorkLevel">   		
        <![CDATA[
			INSERT INTO TB_ITR016 (
			   STND_WORKHOUR_SEQ,
			   WORK_LEVEL,
			   RGTER_ID,
			   RGT_DATE,
			   MODER_ID,
			   MOD_DATE)
			VALUES (
			   #{stndWorkhourSeq},
			   #{workLevel},
			   #{usrId},
			   CURRENT_TIMESTAMP,
			   #{usrId},
			   CURRENT_TIMESTAMP)
			ON CONFLICT (STND_WORKHOUR_SEQ, WORK_LEVEL)
			DO UPDATE SET
			   MODER_ID = #{usrId},
			   MOD_DATE = CURRENT_TIMESTAMP
        ]]>
    </update>

<!-- 2025-06-18 Amazon Q Developer : No conversion needed - standard DELETE statement -->

<delete id="stndWorkHourMgtDao.deleteWorkLevel">   		
        <![CDATA[ 
			DELETE FROM  TB_ITR016 
			WHERE STND_WORKHOUR_SEQ  =   #{stndWorkhourSeq}  
        ]]>
    </delete>

</mapper>
