<?xml version="1.0" encoding="UTF-8"?>
<!DOCTYPE mapper   PUBLIC "-//mybatis.org//DTD Mapper 3.0//EN" "http://mybatis.org/dtd/mybatis-3-mapper.dtd">

<mapper namespace="stndWorkHourMgtDao"> 

	<select id="stndWorkHourMgtDao.retrieveStndWorkHourMgt" resultType="ohMap">		
 		<![CDATA[
 		${queryId}
		WITH MST AS (        
		    SELECT  A.COM_CD      BIZ_TYPE
		    ,       A.COM_CD_NM   BIZ_TYPE_NM
		    ,       B.COM_CD      BIZ_TYPE_SUB
		    ,       B.COM_CD_NM   BIZ_TYPE_SUB_NM
		
		    ,       A.SORT_SEQC
		    FROM    TB_COM001 A
		    ,       TB_COM001 B
		    WHERE   A.GRP_CD = 'CSR_BIZ_TYPE'
		    AND     B.GRP_CD(+) = 'BIZ_TYPE_SUB'
		    AND     B.USE_YN(+) ='Y'
		    AND     A.COM_CD = B.HRNK_COM_CD(+)
		    AND     A.USE_YN ='Y'
		) 
		SELECT
		        A.CSR_TYPE_ITEM     --구분항목
		,       NVL( A.BIZ_TYPE, M.BIZ_TYPE ) BIZ_TYPE --업무유형
		,       M.BIZ_TYPE_NM
		,       M.BIZ_TYPE_SUB
		,       M.BIZ_TYPE_SUB_NM
		,       C.WORKHOUR_USE_YN
		,       C.DELIV_USE_YN
		,       C.SATISFT_USE_YN
		,       A.RGTER_ID
		,       NVL((SELECT S.USR_NM FROM TB_USR001 S WHERE S.USR_ID =  A.RGTER_ID AND ROWNUM =1 ), A.RGTER_ID  ) RGTER_NM
		,       A.RGT_DATE
		
		,     (SELECT  LISTAGG(WORK_LEVEL, ',') WITHIN GROUP  (ORDER BY WORK_LEVEL)    FROM TB_ITR016 S WHERE S.STND_WORKHOUR_SEQ = A.STND_WORKHOUR_SEQ ) WORK_LEVEL
		,     (SELECT  LISTAGG(C.COM_CD_NM, ',') WITHIN GROUP (ORDER BY S.WORK_LEVEL)    
		       FROM  TB_ITR016 S, TB_COM001 C
		       WHERE C.GRP_CD='CSR_BIZ_LVL' 
		       AND   S.WORK_LEVEL = C.COM_CD
		       AND   S.STND_WORKHOUR_SEQ = A.STND_WORKHOUR_SEQ ) WORK_LEVEL_NM
		
		,       A.STND_WORKHOUR_SEQ
		,       CASE WHEN A.CSR_TYPE_ITEM IN ( 'C00010','C00020') THEN 'Y' ELSE 'N' END  BASE_ITEM_YN
		FROM    MST  M
		,       TB_ITR015 A   
		,       TB_ITR022 C
		WHERE   M.BIZ_TYPE      = A.BIZ_TYPE(+)
        AND     NVL(M.BIZ_TYPE_SUB, 'AAAA')  = DECODE(M.BIZ_TYPE_SUB, NULL, 'AAAA', A.BIZ_TYPE_SUB(+) )  
		AND     A.CSR_TYPE_ITEM = C.CSR_TYPE_ITEM(+)
        
		ORDER BY M.SORT_SEQC
		]]>	
	</select>
	<select id="stndWorkHourMgtDao.retrieveStndWorkHourMgt_BACK" resultType="ohMap">		
 		<![CDATA[
 		${queryId}
		SELECT 
               A.BIZ_TYPE
        ,      A.STND_WORKHOUR_SEQ
		,      A.CSR_TYPE_ITEM
		,      CASE WHEN A.CSR_TYPE_ITEM IN ( 'C00010','C00020') THEN 'Y' ELSE 'N' END  BASE_ITEM_YN
		,      B.COM_CD BIZ_TYPE
		--,      A.BIZ_TYPE_SUB
		,      D.COM_CD BIZ_TYPE_SUB        
		,      D.COM_CD_NM BIZ_TYPE_SUB_NM
        ,      D.RN
		,      C.WORKHOUR_USE_YN
		,      C.DELIV_USE_YN
		,      C.SATISFT_USE_YN
		,      A.RGTER_ID
        ,      NVL((SELECT S.USR_NM FROM TB_USR001 S WHERE S.USR_ID =  A.RGTER_ID AND ROWNUM =1 ), A.RGTER_ID  ) RGTER_NM
		,      A.RGT_DATE
        ,     (SELECT  LISTAGG(WORK_LEVEL, ',') WITHIN GROUP  (ORDER BY WORK_LEVEL)    FROM TB_ITR016 S WHERE S.STND_WORKHOUR_SEQ = A.STND_WORKHOUR_SEQ ) WORK_LEVEL
        ,     (SELECT  LISTAGG(C.COM_CD_NM, ',') WITHIN GROUP (ORDER BY S.WORK_LEVEL)    
               FROM  TB_ITR016 S, TB_COM001 C
               WHERE C.GRP_CD='CSR_BIZ_LVL' 
               AND   S.WORK_LEVEL = C.COM_CD
               AND   S.STND_WORKHOUR_SEQ = A.STND_WORKHOUR_SEQ ) WORK_LEVEL_NM

		FROM  TB_ITR015 A    
        ,     TB_COM001 B 
        ,     TB_ITR022 C
        ,     (SELECT S.COM_CD,S.COM_CD_NM ,S.HRNK_COM_CD, ROW_NUMBER() OVER (PARTITION BY S.HRNK_COM_CD ORDER BY S.HRNK_COM_CD) RN  FROM TB_COM001 S WHERE S.GRP_CD='BIZ_TYPE_SUB' AND  S.USE_YN='Y' ) D     
                 
        WHERE 1=1 
        AND   A.CSR_TYPE_ITEM  = C.CSR_TYPE_ITEM(+)
        AND   B.GRP_CD = 'CSR_BIZ_TYPE' 
        AND   B.COM_CD = A.BIZ_TYPE  (+)    
        AND   B.COM_CD = D.HRNK_COM_CD (+)   
        ORDER BY B.SORT_SEQC
		]]>	
	</select>
	<select id="stndWorkHourMgtDao.retrieveStndWorkhourSeq" resultType="ohMap">		
 		<![CDATA[
 		${queryId}
 		
          SELECT TO_CHAR( SYSDATE,'YYYYMMDD') || LPAD( NVL(MAX( SUBSTR( STND_WORKHOUR_SEQ, 9) ),0 ) +1, 4,'0' ) STND_WORKHOUR_SEQ
          FROM   TB_ITR015 WHERE STND_WORKHOUR_SEQ LIKE TO_CHAR( SYSDATE, 'YYYYMMDD')||'%'  
		]]>	
	</select>
   
 
 
    <insert id="stndWorkHourMgtDao.insertStndWorkHourMgt">   		
        <![CDATA[
      ${queryId}
		INSERT INTO TB_ITR015( 
		   STND_WORKHOUR_SEQ,
		   CSR_TYPE_ITEM,
		   BIZ_TYPE,
		   BIZ_TYPE_SUB, 
		   RGTER_ID,
		   RGT_DATE,
		   MODER_ID,
		   MOD_DATE)
		VALUES (
		   #{stndWorkhourSeq},
		   #{csrTypeItem},
		   #{bizType},
		   #{bizTypeSub}, 
		   #{usrId},
		   SYSDATE,
		   #{usrId},
		   SYSDATE)

        ]]>
    </insert> 
    
    <update id="stndWorkHourMgtDao.updateStndWorkHourMgt">   		
        <![CDATA[
      ${queryId}
		MERGE INTO  TB_ITR015 A USING 
		       (SELECT    #{stndWorkhourSeq} STND_WORKHOUR_SEQ
		        FROM DUAL    ) B 
		ON (        A.STND_WORKHOUR_SEQ = #{stndWorkhourSeq}       ) 
		WHEN MATCHED THEN 
		   UPDATE  
		   SET 
		   CSR_TYPE_ITEM =    #{csrTypeItem} 
		   ,   BIZ_TYPE =    #{bizType} 
		   ,   BIZ_TYPE_SUB =    #{bizTypeSub}  

		   ,   MODER_ID =    #{usrId} 
		   ,   MOD_DATE =    SYSDATE 
		WHEN NOT MATCHED THEN 
		INSERT  ( 
		   STND_WORKHOUR_SEQ,
		   CSR_TYPE_ITEM,
		   BIZ_TYPE,
		   BIZ_TYPE_SUB,

		   RGTER_ID,
		   RGT_DATE,
		   MODER_ID,
		   MOD_DATE)
		VALUES (
           (SELECT TO_CHAR( SYSDATE,'YYYYMMDD') || LPAD( NVL(MAX( SUBSTR( STND_WORKHOUR_SEQ, 9) ),0 ) +1, 4,'0' ) FROM TB_ITR015 WHERE STND_WORKHOUR_SEQ LIKE TO_CHAR( SYSDATE, 'YYYYMMDD')||'%'),

		   #{csrTypeItem},
		   #{bizType},
		   #{bizTypeSub}, 
		   #{usrId},
		   SYSDATE,
		   #{usrId},
		   SYSDATE)
        ]]>
    </update> 
	 
    
    <delete id="stndWorkHourMgtDao.deleteStndWorkHourMgt">   		
        <![CDATA[ 
			DELETE FROM  TB_ITR015 
			WHERE 
			   STND_WORKHOUR_SEQ  =   #{stndWorkhourSeq} 
        ]]>
    </delete> 
 
    <update id="stndWorkHourMgtDao.updateWorkLevel">   		
        <![CDATA[
			MERGE INTO  TB_ITR016 A USING 
			       (SELECT    #{stndWorkhourSeq} STND_WORKHOUR_SEQ
			       ,          #{workLevel} WORK_LEVEL
			        FROM DUAL    ) B 
			ON (        A.STND_WORKHOUR_SEQ = #{stndWorkhourSeq}
			       AND  A.WORK_LEVEL        = #{workLevel}       ) 
			WHEN MATCHED THEN 
			   UPDATE  
			   SET  
			       MODER_ID =    #{usrId} 
			   ,   MOD_DATE =    SYSDATE
			WHEN NOT MATCHED THEN 
			INSERT  ( 
			   STND_WORKHOUR_SEQ,
			   WORK_LEVEL,
			   RGTER_ID,
			   RGT_DATE,
			   MODER_ID,
			   MOD_DATE)
			VALUES (
			   #{stndWorkhourSeq},
			   #{workLevel},
			   #{usrId},
			   SYSDATE,
			   #{usrId},
			   SYSDATE) 
        ]]>
    </update> 
	 
    <delete id="stndWorkHourMgtDao.deleteWorkLevel">   		
        <![CDATA[ 
			DELETE FROM  TB_ITR016 
			WHERE STND_WORKHOUR_SEQ  =   #{stndWorkhourSeq}  
        ]]>
    </delete> 

</mapper>
