<?xml version="1.0" encoding="UTF-8"?>
<!DOCTYPE mapper   PUBLIC "-//mybatis.org//DTD Mapper 3.0//EN" "http://mybatis.org/dtd/mybatis-3-mapper.dtd">
<mapper namespace="systemOperMgtDao">

<!-- 2025-06-18 Amazon Q Developer : Converted ROWNUM to LIMIT for PostgreSQL compatibility -->
<select id="systemOperMgtDao.retrieveSystemOperMgt" resultType="ohMap">		
 		<![CDATA[
 		${queryId}
		SELECT
		        A.BI_CD
		,       A.BIZ_CLSF_CD
		,       A.SYS_CD
		,       A.RSPBER_A_EMPNO
		,      CASE WHEN A.RSPBER_A_EMPNO IS NULL THEN ''
		            ELSE (SELECT S.ORGN_NM  FROM  TB_USR001 S WHERE S.EMPNO = A.RSPBER_A_EMPNO LIMIT 1 ) || '/' || (SELECT S.USR_NM   FROM  TB_USR001 S WHERE S.EMPNO = A.RSPBER_A_EMPNO LIMIT 1 ) 
		       END RSPBER_A_EMPNO_NM
		,      (SELECT S.CO_TELNO FROM  TB_USR001 S WHERE S.EMPNO = A.RSPBER_A_EMPNO LIMIT 1 ) RSPBER_A_TELNO
		,      (SELECT S.EMAIL    FROM  TB_USR001 S WHERE S.EMPNO = A.RSPBER_A_EMPNO LIMIT 1 ) RSPBER_A_EMAIL
		,       A.AUTH_RSPBER_A_EMPNO
		,      CASE WHEN A.AUTH_RSPBER_A_EMPNO IS NULL THEN '' 
		            ELSE (SELECT S.ORGN_NM  FROM  TB_USR001 S WHERE S.EMPNO = A.AUTH_RSPBER_A_EMPNO LIMIT 1 ) || '/' || (SELECT S.USR_NM   FROM  TB_USR001 S WHERE S.EMPNO = A.AUTH_RSPBER_A_EMPNO LIMIT 1 ) 
		       END AUTH_RSPBER_A_EMPNO_NM
		,      A.AUTH_RSPBER_A_EMAIL
		,       A.APRVL_EMPNO
		,      CASE WHEN A.APRVL_EMPNO IS NULL THEN '' 
		            ELSE (SELECT S.ORGN_NM  FROM  TB_USR001 S WHERE S.EMPNO = A.APRVL_EMPNO LIMIT 1 ) || '/' || (SELECT S.USR_NM FROM TB_USR001 S WHERE S.EMPNO =  A.APRVL_EMPNO LIMIT 1 ) 
		       END APRVL_EMPNO_NM
		,       A.OPER_SEQ
		,       A.SYS_APLY_RSPBER
		,      CASE WHEN A.SYS_APLY_RSPBER IS NULL THEN '' 
		            ELSE (SELECT S.ORGN_NM  FROM  TB_USR001 S WHERE S.EMPNO = A.SYS_APLY_RSPBER LIMIT 1 ) || '/' || (SELECT S.USR_NM FROM TB_USR001 S WHERE S.EMPNO =  A.SYS_APLY_RSPBER LIMIT 1 ) 
		       END SYS_APLY_RSPBER_NM
		,      A.CM_YN  --형상관리 여부 항목 추가 241023 YJH       		
		FROM    TB_ITR010 A
		WHERE   1=1
		]]>
		<if test="bizClsfCd != null and bizClsfCd !=''">
		   AND    A.BIZ_CLSF_CD  =   #{bizClsfCd} 
		</if>
		<if test="sysCd != null and sysCd !=''">
		   AND    A.SYS_CD  =   #{sysCd} 
		</if>
		   ORDER BY A.BI_CD, A.BIZ_CLSF_CD, A.SYS_CD
	</select>

<!-- 2025-06-18 Amazon Q Developer : Converted ROWNUM to LIMIT for PostgreSQL compatibility -->
<select id="systemOperMgtDao.retrieveSystemOperMgtAll" resultType="ohMap">		
 		<![CDATA[
 		${queryId}
		SELECT
		      A.SYS_CD
		,     BI.COM_CD_NM BI_NM
		,     CL.COM_CD_NM GBN_NM
		,     A.TYPE
		,     A.EMPNO
		,     (SELECT S.USR_NM FROM TB_USR001 S WHERE S.EMPNO = A.EMPNO LIMIT 1 ) EMPNO_NM
		FROM  (
		        SELECT '(정)' TYPE,A.BI_CD, A.BIZ_CLSF_CD, A.SYS_CD, RSPBER_A_EMPNO EMPNO FROM TB_ITR010 A UNION ALL
		        SELECT '(부)' TYPE,A.BI_CD, A.BIZ_CLSF_CD, SYS_CD, RSPBER_B_EMPNO EMPNO   FROM TB_ITR010 A, TB_ITR011 B
		        WHERE A.OPER_SEQ = B.OPER_SEQ
		          AND B.GBN_CD = 'SYSTEM'     /* 시스템담당자 */
		      ) A
		,     TB_COM001 BI   
		,     TB_COM001 CL  
		WHERE BI.GRP_CD = 'CSR_BI'
		AND   CL.GRP_CD = 'CSR_BI_CLASS'
		AND   A.BI_CD = BI.COM_CD
		AND   A.BIZ_CLSF_CD = CL.COM_CD
		ORDER BY A.SYS_CD, A.TYPE DESC, EMPNO
		]]>	
	</select>

<!-- 2025-06-18 Amazon Q Developer : Converted Oracle date functions to PostgreSQL equivalents -->
<select id="systemOperMgtDao.retrieveOperSeq" resultType="ohMap">		
 		<![CDATA[
 		${queryId}
         SELECT TO_CHAR( CURRENT_TIMESTAMP,'YYYYMMDD') || LPAD( COALESCE(MAX( SUBSTRING( OPER_SEQ, 9) ),0 ) +1, 4,'0' ) OPER_SEQ 
         FROM TB_ITR010 WHERE OPER_SEQ LIKE TO_CHAR( CURRENT_TIMESTAMP, 'YYYYMMDD')||'%'

		]]>	
	</select>

<!-- 2025-06-18 Amazon Q Developer : Converted SYSDATE to CURRENT_TIMESTAMP for PostgreSQL compatibility -->
<insert id="systemOperMgtDao.insertSystemOperMgt">   		
        <![CDATA[
       ${queryId}
			INSERT INTO TB_ITR010( 
			   OPER_SEQ,
			   BI_CD,
			   BIZ_CLSF_CD,
			   SYS_CD,
			   RSPBER_A_EMPNO,
		       AUTH_RSPBER_A_EMPNO,
		       AUTH_RSPBER_A_EMAIL,
		       
			   APRVL_EMPNO,
			   CM_YN,  --형상관리 여부 항목 추가 241023 YJH 
			   RGTER_ID,
			   RGT_DATE,
			   MODER_ID,
			   MOD_DATE)
			VALUES (
			   #{operSeq},
			   #{biCd},
			   #{bizClsfCd},
			   #{sysCd},
			   #{rspberAEmpno},
			   #{authRspberAEmpno},
			   #{authRspberAEmail},
               
			   #{aprvlEmpno},
			   #{cmYn},
			   #{usrId},
			   CURRENT_TIMESTAMP,
			   #{usrId},
			   CURRENT_TIMESTAMP)
        ]]>
    </insert>

<!-- 2025-06-18 Amazon Q Developer : Converted SYSDATE to CURRENT_TIMESTAMP for PostgreSQL compatibility -->
<update id="systemOperMgtDao.updateSystemOperMgt">   		
        <![CDATA[
      ${queryId}
			UPDATE TB_ITR010 
			SET  BI_CD =    #{biCd} 
			,   BIZ_CLSF_CD =    #{bizClsfCd} 
			,   SYS_CD =    #{sysCd} 
			,   RSPBER_A_EMPNO =    #{rspberAEmpno} 
			,   AUTH_RSPBER_A_EMPNO = #{authRspberAEmpno}
			,   AUTH_RSPBER_A_EMAIL = #{authRspberAEmail}
			,	SYS_APLY_RSPBER		= #{sysAplyRspber} 
			,   APRVL_EMPNO         =    #{aprvlEmpno}
			,   CM_YN               =    #{cmYn}  --형상관리 여부 항목 추가 241023 YJH 
			,   MODER_ID =    #{usrId} 
			,   MOD_DATE =    CURRENT_TIMESTAMP
			WHERE 
			   OPER_SEQ  =   #{operSeq} 
        ]]>
    </update>

<!-- 2025-06-18 Amazon Q Developer : No conversion needed - standard SQL -->
<delete id="systemOperMgtDao.deleteSystemOperMgt">   		
        <![CDATA[ 
			DELETE FROM  TB_ITR010 
			WHERE 
			   OPER_SEQ  =   #{operSeq} 
        ]]>
    </delete>

<!-- 2025-06-18 Amazon Q Developer : Converted ROWNUM to LIMIT for PostgreSQL compatibility -->
<select id="systemOperMgtDao.retrieveSystemOperSecondMgt" resultType="ohMap">		
 		<![CDATA[
 		${queryId}
 		SELECT
	            A.RSPBER_B_EMPNO
		,      (SELECT S.ORGN_NM FROM  TB_USR001 S WHERE S.EMPNO =A.RSPBER_B_EMPNO LIMIT 1)
               ||'/'||(SELECT S.USR_NM FROM TB_USR001 S WHERE S.EMPNO =  A.RSPBER_B_EMPNO LIMIT 1 ) RSPBER_B_EMPNO_NM   
		,      (SELECT S.CO_TELNO FROM  TB_USR001 S WHERE S.EMPNO = A.RSPBER_B_EMPNO LIMIT 1) RSPBER_B_TELNO
		,      A.RSPBER_B_EMAIL 
		,       A.OPER_SEQ 
		,       A.GBN_CD
		,       A.SECOND_OPER_SEQ
		FROM    TB_ITR011 A 
		WHERE   1=1
		AND     A.OPER_SEQ = #{operSeq}
		AND     A.GBN_CD   = #{gbnCd}
		]]>	
	</select>

<!-- 2025-06-18 Amazon Q Developer : Converted Oracle MERGE to PostgreSQL INSERT ON CONFLICT -->
<update id="systemOperMgtDao.updateSystemOperSecondMgt">   		
        <![CDATA[
				INSERT INTO TB_ITR011 (
				   OPER_SEQ,
				   GBN_CD,
				   SECOND_OPER_SEQ,
				   RSPBER_B_EMPNO,
				   RSPBER_B_EMAIL,
				   RGTER_ID,
				   RGT_DATE,
				   MODER_ID,
				   MOD_DATE)
				VALUES (
				   #{operSeq},
				   #{gbnCd},
				   COALESCE(#{secondOperSeq}, (SELECT COALESCE( MAX(SECOND_OPER_SEQ ), 0) + 1 FROM TB_ITR011 WHERE OPER_SEQ = #{operSeq} AND GBN_CD = #{gbnCd})),
				   #{rspberBEmpno},
				   #{rspberBEmail},
				   #{usrId},
				   CURRENT_TIMESTAMP,
				   #{usrId},
				   CURRENT_TIMESTAMP)
				ON CONFLICT (OPER_SEQ, GBN_CD, SECOND_OPER_SEQ)
				DO UPDATE SET
				   RSPBER_B_EMPNO = #{rspberBEmpno},
				   RSPBER_B_EMAIL = #{rspberBEmail},
				   RGTER_ID = #{usrId},
				   RGT_DATE = CURRENT_TIMESTAMP,
				   MODER_ID = #{usrId},
				   MOD_DATE = CURRENT_TIMESTAMP
        ]]>
    </update>

<!-- 2025-06-18 Amazon Q Developer : No conversion needed - standard SQL with MyBatis dynamic conditions -->
<delete id="systemOperMgtDao.deletesSystemOperSecondMgt">   		
        <![CDATA[ 
				DELETE FROM  TB_ITR011 
				WHERE  OPER_SEQ  =   #{operSeq} 
		  ]]>
		<if test="corpCd != null and corpCd !=''">
		   AND    SECOND_OPER_SEQ  =   #{secondOperSeq} 
		</if>
		<if test="gbnCd != null and gbnCd !=''">
		   AND    GBN_CD  =   #{gbnCd} 
		</if>
		<if test="rspberBEmpno != null and rspberBEmpno !=''">
		   AND    RSPBER_B_EMPNO   =   #{rspberBEmpno} 
		</if>
 
    </delete>

</mapper>
