<?xml version="1.0" encoding="UTF-8"?>
<!DOCTYPE mapper   PUBLIC "-//mybatis.org//DTD Mapper 3.0//EN" "http://mybatis.org/dtd/mybatis-3-mapper.dtd">

<mapper namespace="templateMgtDao"> 

<!-- Template -->
<resultMap id="clobMap" type="ohMap" >
    <result property="reqTemplateSeq" column="REQ_TEMPLATE_SEQ" jdbcType="VARCHAR" javaType="java.lang.String"/>
    <result property="templateNm" column="TEMPLATE_NM" jdbcType="VARCHAR" javaType="java.lang.String"/>
    <result property="templateDesc" column="TEMPLATE_DESC" jdbcType="VARCHAR" javaType="java.lang.String"/>
    <result property="useYn" column="USE_YN" jdbcType="VARCHAR" javaType="java.lang.String"/>
    <result property="rgterId" column="RGTER_ID" jdbcType="VARCHAR" javaType="java.lang.String"/>
    <result property="rgterNm" column="RGTER_NM" jdbcType="VARCHAR" javaType="java.lang.String"/>
    <result property="rgtDate" column="RGT_DATE" jdbcType="VARCHAR" javaType="java.lang.String"/>
    <result property="bizType" column="BIZ_TYPE" jdbcType="VARCHAR" javaType="java.lang.String"/>
    <result property="bizTypeNm" column="BIZ_TYPE_NM" jdbcType="VARCHAR" javaType="java.lang.String"/>
    
    
    <result property="templateCont" column="TEMPLATE_CONT" jdbcType="CLOB" javaType="java.lang.String"/>
</resultMap>

 
	<select id="templateMgtDao.retrieveTemplateMgt" resultMap="clobMap">		
 		<![CDATA[
 		${queryId}  
WITH AA AS(

       SELECT
		        A.BIZ_TYPE     COM_CD
		,       B.COM_CD_NM 
        ,      B.SORT_SEQC 
		FROM   (
		        SELECT 
		               NVL ( A.BIZ_TYPE_SUB, A.BIZ_TYPE)  BIZ_TYPE
		        FROM   TB_ITR015  A 
		        WHERE     A.CSR_TYPE_ITEM NOT IN ('C00010','C00020')
		       ) A
		,       TB_COM001  B
		WHERE   B.USE_YN ='Y'
		AND     A.BIZ_TYPE = B.COM_CD
		AND     B.GRP_CD IN ( 'CSR_BIZ_TYPE','BIZ_TYPE_SUB' )
)  
		SELECT
		      A.REQ_TEMPLATE_SEQ
		,     A.TEMPLATE_NM
		,     A.TEMPLATE_DESC
		,     A.TEMPLATE_CONT
		,     A.USE_YN
		,     A.RGTER_ID
		,     NVL((SELECT S.USR_NM FROM TB_USR001 S WHERE S.USR_ID  =  A.RGTER_ID and ROWNUM =1 ), A.RGTER_ID  ) RGTER_NM 
		,     TO_CHAR(A.RGT_DATE , 'YYYY-MM-DD HH24:MI') RGT_DATE
		,     (SELECT  LISTAGG(C.COM_CD, ',') WITHIN GROUP (ORDER BY C.SORT_SEQC)    
		       FROM  TB_ITR027 S, AA C
		       WHERE 1=1
		       AND   S.BIZ_TYPE = C.COM_CD
		       AND   S.REQ_TEMPLATE_SEQ = A.REQ_TEMPLATE_SEQ  
               ) BIZ_TYPE
		,     ( SELECT  LISTAGG(C.COM_CD_NM, ',') WITHIN GROUP (ORDER BY C.SORT_SEQC)    
		       FROM  TB_ITR027 S, AA C
		       WHERE 1=1
		       AND   S.BIZ_TYPE = C.COM_CD
		       AND   S.REQ_TEMPLATE_SEQ = A.REQ_TEMPLATE_SEQ  
               ) BIZ_TYPE_NM
        FROM   TB_ITR026 A		    
        ORDER BY A.TEMPLATE_NM   
		]]>	
	</select> 
    <insert id="templateMgtDao.insertTemplateMgt">   		
     	  <selectKey keyProperty="reqTemplateSeq" resultType="String" order="BEFORE">
     	      SELECT TO_CHAR( SYSDATE,'YYYYMMDD') || LPAD( NVL(MAX( SUBSTR( REQ_TEMPLATE_SEQ, 9) ),0 ) +1, 4,'0' )  REQ_TEMPLATE_SEQ
     	      FROM TB_ITR026 WHERE REQ_TEMPLATE_SEQ LIKE TO_CHAR( SYSDATE, 'YYYYMMDD')||'%' 
     	  </selectKey>
        <![CDATA[ 
		    ${queryId} 
		INSERT INTO TB_ITR026( 
		   REQ_TEMPLATE_SEQ,
		   TEMPLATE_NM,
		   TEMPLATE_DESC,
		   TEMPLATE_CONT,
		   USE_YN,
		   RGTER_ID,
		   RGT_DATE,
		   MODER_ID,
		   MOD_DATE)
		VALUES (
		   #{reqTemplateSeq},
		   #{templateNm},
		   #{templateDesc},
		   #{templateCont:CLOB},
		   #{useYn},
		   #{usrId},
		   SYSDATE,
		   #{usrId},
		   SYSDATE)

        ]]>
    </insert> 
    <update id="templateMgtDao.updateTemplateMgt">   		
 
        <![CDATA[ 
     		   	 ${queryId}
				UPDATE TB_ITR026 
				SET  TEMPLATE_NM =    #{templateNm} 
				,   TEMPLATE_DESC =    #{templateDesc} 
				,   TEMPLATE_CONT =    #{templateCont:CLOB} 
				,   USE_YN =    #{useYn} 
	 
				,   MODER_ID =    #{usrId} 
				,   MOD_DATE =    sysdate 
				WHERE 
				   REQ_TEMPLATE_SEQ  =   #{reqTemplateSeq} 
        ]]>
    </update> 
    <delete id="templateMgtDao.deleteTemplateMgt">   		
        <![CDATA[ 
			DELETE  FROM  TB_ITR026 
			WHERE   REQ_TEMPLATE_SEQ  =   #{reqTemplateSeq} 
        ]]>
    </delete> 
    
    
    <update id="templateMgtDao.updateTemplateApplyBizType">   		
        <![CDATA[
     		 ${queryId}
			MERGE INTO  TB_ITR027 A USING 
			       (SELECT    #{reqTemplateSeq} REQ_TEMPLATE_SEQ
			       ,          #{bizType} BIZ_TYPE
			        FROM DUAL    ) B 
			ON (        A.REQ_TEMPLATE_SEQ = #{reqTemplateSeq}
			       AND  A.BIZ_TYPE = #{bizType}       ) 
			WHEN MATCHED THEN 
			   UPDATE  
			   SET  MODER_ID =    #{usrId} 
			   ,    MOD_DATE =    SYSDATE
			WHEN NOT MATCHED THEN 
			INSERT  ( 
			   REQ_TEMPLATE_SEQ,
			   BIZ_TYPE,
			   RGTER_ID,
			   RGT_DATE,
			   MODER_ID,
			   MOD_DATE)
			VALUES (
			   #{reqTemplateSeq},
			   #{bizType},
			   #{usrId},
			   SYSDATE ,
			   #{usrId},
			    SYSDATE )
        ]]>
        </update>
    <delete id="templateMgtDao.deleteTemplateApplyBizType">   		
        <![CDATA[ 
			DELETE FROM  TB_ITR027 
			WHERE  REQ_TEMPLATE_SEQ  =   #{reqTemplateSeq} 
        ]]>
    </delete> 
    
</mapper>
