<?xml version="1.0" encoding="UTF-8"?>
<!DOCTYPE mapper   PUBLIC "-//mybatis.org//DTD Mapper 3.0//EN" "http://mybatis.org/dtd/mybatis-3-mapper.dtd">

<mapper namespace="menuMgtDao">

<select id="menuMgtDao.retrieveMenuMgt" resultType="ohMap">
		
 		<![CDATA[
 			${queryId}
			SELECT MENU_ID
				  ,MENU_NM
				  ,HRNK_MENU_ID 
				  ,lvl
			FROM (
				  SELECT '' AS MENU_ID
				        ,'메뉴' AS MENU_NM
				        ,'' AS HRNK_MENU_ID 
				        ,0 AS lvl
				  FROM DUAL
				  UNION ALL
				  SELECT MENU_ID
				            ,MENU_NM
				            ,HRNK_MENU_ID 
				            ,lvl
				  FROM(
				       SELECT MENU_ID
				                 ,MENU_NM
				                 ,HRNK_MENU_ID 
				                 ,LEVEL AS lvl
				                 ,USE_YN
				               FROM TB_SYS002 		 
				              START WITH hrnk_menu_id IS NULL
				              connect by prior menu_id = hrnk_menu_id
				                      order siblings by SORT_SEQC
				  	   )
				  	--   WHERE USE_YN='Y'
				 )			
			WHERE 1=1	
		]]>
			<if test="menuId != null and menuId != ''">
			   AND MENU_ID LIKE '%'|| #{menuId} || '%'
			</if>
			<if test="menuNm != null and menuNm != ''">
			   AND MENU_NM LIKE '%'|| #{menuNm} || '%'
			</if>
		<![CDATA[
			 
		]]>
			
	</select>	
	
	<select id="menuMgtDao.retrieveMenuMgtDtl" resultType="ohMap">
		
 		<![CDATA[
 			${queryId}
			SELECT A.MENU_ID
				  ,A.MENU_NM
				  ,A.HRNK_MENU_ID
				  ,A.MENU_EXPLN
				  ,A.RSPBER_EMPNO
				  ,(SELECT USR_NM FROM TB_USR001 WHERE EMPNO = A.RSPBER_EMPNO) AS RSPBER_NM
				  ,A.RSPBER_INFO
				  ,A.USE_LOG_CRT_YN
				  ,A.IMG_ROUTE_CNTS
				  ,A.SORT_SEQC
				  ,A.PGM_ID
				  ,B.PGM_NM
				  ,B.PGM_GBN_CD
				  ,(SELECT COM_CD_NM FROM TB_COM001 WHERE GRP_CD = 'SY001' AND COM_CD = B.PGM_GBN_CD AND USE_YN = 'Y') AS PGM_GBN_NM
				  ,B.ST_MENU_PGM_YN
				  ,A.HELP_CNTS
				  ,A.USE_YN
				  ,A.RGTER_ID
				  ,TO_CHAR(A.RGT_DATE,'YYYY-MM-DD HH24:MI:SS') RGT_DATE
				  ,A.MODER_ID
				  ,TO_CHAR(A.MOD_DATE,'YYYY-MM-DD HH24:MI:SS') MOD_DATE
			  FROM TB_SYS002 A
			      ,TB_SYS001 B
			 WHERE A.PGM_ID = B.PGM_ID(+)
			   AND MENU_ID = #{menuId}
		]]>
			
	</select>
	
	<select id="menuMgtDao.retrieveMenuSprtlyBtnList" resultType="ohMap">
		
 		<![CDATA[
 			${queryId}
			SELECT MENU_ID	
				  ,BTN_ID	
				  ,DECODE(USE_YN,'Y',1,0) AS USE_YN	
				  ,RGTER_ID	
				  ,RGT_DATE	
				  ,MODER_ID	
				  ,MOD_DATE
				  ,0 AS CHK	
			  FROM TB_SYS006	
			 WHERE MENU_ID = #{menuId}

		]]>
		<if test="btnId != null and btnId != ''">
			   AND BTN_ID = #{btnId}
		</if>	
	</select>
	
	<insert id="menuMgtDao.insertMenuMgt">
   		
        <![CDATA[
        	${queryId}
		  	INSERT INTO TB_SYS002
					  (MENU_ID
					  ,MENU_NM
					  ,HRNK_MENU_ID
					  ,MENU_EXPLN
					  ,RSPBER_EMPNO
					  ,RSPBER_INFO
					  ,USE_LOG_CRT_YN
					  ,IMG_ROUTE_CNTS
					  ,SORT_SEQC
					  ,PGM_ID
					  ,HELP_CNTS
					  ,USE_YN
					  ,RGTER_ID
					  ,RGT_DATE
					  ,MODER_ID
					  ,MOD_DATE)
					VALUES
					
					  (#{menuId}
					  ,#{menuNm}
					  ,#{hrnkMenuId}
					  ,#{menuExpln}
					  ,#{rspberEmpno}
					  ,#{rspberInfo}
					  ,#{useLogCrtYn}
					  ,#{imgRouteCnts}
					  ,#{sortSeqc}
					  ,#{pgmId}
					  ,#{helpCnts}
					  ,#{useYn}
					  ,#{lgnUsrId}
					  ,SYSDATE
					  ,#{lgnUsrId}
					  ,SYSDATE
					  )

        ]]>
    </insert>          
    
    <update id="menuMgtDao.updateMenuMgt">
   		
        <![CDATA[
        	${queryId}
			UPDATE TB_SYS002						
			   SET MENU_NM	  		= #{menuNm}
			  	  ,HRNK_MENU_ID	 	= #{hrnkMenuId}		
			  	  ,MENU_EXPLN	  	= #{menuExpln}	
			  	  ,RSPBER_EMPNO	  	= #{rspberEmpno}			
			  	  ,RSPBER_INFO	  	= #{rspberInfo}		
			  	  ,USE_LOG_CRT_YN	= #{useLogCrtYn}			
			  	  ,IMG_ROUTE_CNTS	= #{imgRouteCnts}				
			  	  ,SORT_SEQC	  	= #{sortSeqc}
			  	  ,PGM_ID	  		= #{pgmId}
			  	  ,HELP_CNTS	 	= #{helpCnts}
			  	  ,USE_YN	  		= #{useYn}
			  	  ,MODER_ID	  		= #{lgnUsrId}		
			  	  ,MOD_DATE	  		= SYSDATE
			 WHERE MENU_ID = #{menuId} 					
        ]]>
    </update> 
    
    <insert id="menuMgtDao.insertMenuSprtlyBtnList">
   		
        <![CDATA[
        	${queryId}
		  	INSERT INTO TB_SYS006
					   (MENU_ID
					   ,BTN_ID
					   ,USE_YN
					   ,RGTER_ID
					   ,RGT_DATE
					   ,MODER_ID
					   ,MOD_DATE)			
			VALUES     
					   (#{menuId}
					   ,#{btnId}
					   ,DECODE(#{useYn},1,'Y','N')
					   ,#{lgnUsrId}
					   ,sysdate
					   ,#{lgnUsrId}
					   ,sysdate)


        ]]>
    </insert>          
    
    <update id="menuMgtDao.updateMenuSprtlyBtnList">
   		
        <![CDATA[
        	${queryId}
			UPDATE TB_SYS006
			   SET USE_YN  = DECODE(#{useYn},1,'Y','N')
			       ,MODER_ID  = #{lgnUsrId}
			       ,MOD_DATE  = sysdate
			 WHERE MENU_ID = #{menuId}
			   AND BTN_ID = #{btnId}
			
        ]]>
    </update> 
	
</mapper>
