<?xml version="1.0" encoding="UTF-8"?>
<!DOCTYPE mapper   PUBLIC "-//mybatis.org//DTD Mapper 3.0//EN" "http://mybatis.org/dtd/mybatis-3-mapper.dtd">
<mapper namespace="menuMgtDao">

<!-- 2025-06-18 Amazon Q Developer : Converted hierarchical query from CONNECT BY to WITH RECURSIVE -->
<select id="menuMgtDao.retrieveMenuMgt" resultType="ohMap">
		
 		<![CDATA[
 			${queryId}
			WITH RECURSIVE menu_hierarchy AS (
				-- Base case: root menus
				SELECT MENU_ID, MENU_NM, HRNK_MENU_ID, 1 AS lvl, USE_YN, SORT_SEQC
				FROM TB_SYS002
				WHERE hrnk_menu_id IS NULL
				
				UNION ALL
				
				-- Recursive case: child menus
				SELECT t.MENU_ID, t.MENU_NM, t.HRNK_MENU_ID, h.lvl + 1 AS lvl, t.USE_YN, t.SORT_SEQC
				FROM TB_SYS002 t
				INNER JOIN menu_hierarchy h ON t.hrnk_menu_id = h.menu_id
			)
			SELECT MENU_ID
				  ,MENU_NM
				  ,HRNK_MENU_ID 
				  ,lvl
			FROM (
				  SELECT '' AS MENU_ID
				        ,'메뉴' AS MENU_NM
				        ,'' AS HRNK_MENU_ID 
				        ,0 AS lvl
				  UNION ALL
				  SELECT MENU_ID
				            ,MENU_NM
				            ,HRNK_MENU_ID 
				            ,lvl
				  FROM menu_hierarchy
				  ORDER BY SORT_SEQC
			) sub			
			WHERE 1=1	
		]]>
			<if test="menuId != null and menuId != ''">
			   AND MENU_ID LIKE '%'|| #{menuId} || '%'
			</if>
			<if test="menuNm != null and menuNm != ''">
			   AND MENU_NM LIKE '%'|| #{menuNm} || '%'
			</if>
		<![CDATA[
			 
		]]>
			
	</select>

<!-- 2025-06-18 Amazon Q Developer : Converted Oracle outer join (+) to LEFT JOIN and TO_CHAR to TO_CHAR -->
<select id="menuMgtDao.retrieveMenuMgtDtl" resultType="ohMap">
		
 		<![CDATA[
 			${queryId}
			SELECT A.MENU_ID
				  ,A.MENU_NM
				  ,A.HRNK_MENU_ID
				  ,A.MENU_EXPLN
				  ,A.RSPBER_EMPNO
				  ,(SELECT USR_NM FROM TB_USR001 WHERE EMPNO = A.RSPBER_EMPNO) AS RSPBER_NM
				  ,A.RSPBER_INFO
				  ,A.USE_LOG_CRT_YN
				  ,A.IMG_ROUTE_CNTS
				  ,A.SORT_SEQC
				  ,A.PGM_ID
				  ,B.PGM_NM
				  ,B.PGM_GBN_CD
				  ,(SELECT COM_CD_NM FROM TB_COM001 WHERE GRP_CD = 'SY001' AND COM_CD = B.PGM_GBN_CD AND USE_YN = 'Y') AS PGM_GBN_NM
				  ,B.ST_MENU_PGM_YN
				  ,A.HELP_CNTS
				  ,A.USE_YN
				  ,A.RGTER_ID
				  ,TO_CHAR(A.RGT_DATE,'YYYY-MM-DD HH24:MI:SS') RGT_DATE
				  ,A.MODER_ID
				  ,TO_CHAR(A.MOD_DATE,'YYYY-MM-DD HH24:MI:SS') MOD_DATE
			  FROM TB_SYS002 A
			      LEFT JOIN TB_SYS001 B ON A.PGM_ID = B.PGM_ID
			 WHERE A.MENU_ID = #{menuId}
		]]>
			
	</select>

<!-- 2025-06-18 Amazon Q Developer : Converted DECODE function to CASE WHEN -->
<select id="menuMgtDao.retrieveMenuSprtlyBtnList" resultType="ohMap">
		
 		<![CDATA[
 			${queryId}
			SELECT MENU_ID	
				  ,BTN_ID	
				  ,CASE WHEN USE_YN='Y' THEN 1 ELSE 0 END AS USE_YN	
				  ,RGTER_ID	
				  ,RGT_DATE	
				  ,MODER_ID	
				  ,MOD_DATE
				  ,0 AS CHK	
			  FROM TB_SYS006	
			 WHERE MENU_ID = #{menuId}

		]]>
		<if test="btnId != null and btnId != ''">
			   AND BTN_ID = #{btnId}
		</if>	
	</select>

<!-- 2025-06-18 Amazon Q Developer : Converted SYSDATE to CURRENT_TIMESTAMP -->
<insert id="menuMgtDao.insertMenuMgt">
   		
        <![CDATA[
        	${queryId}
		  	INSERT INTO TB_SYS002
					  (MENU_ID
					  ,MENU_NM
					  ,HRNK_MENU_ID
					  ,MENU_EXPLN
					  ,RSPBER_EMPNO
					  ,RSPBER_INFO
					  ,USE_LOG_CRT_YN
					  ,IMG_ROUTE_CNTS
					  ,SORT_SEQC
					  ,PGM_ID
					  ,HELP_CNTS
					  ,USE_YN
					  ,RGTER_ID
					  ,RGT_DATE
					  ,MODER_ID
					  ,MOD_DATE)
					VALUES
					
					  (#{menuId}
					  ,#{menuNm}
					  ,#{hrnkMenuId}
					  ,#{menuExpln}
					  ,#{rspberEmpno}
					  ,#{rspberInfo}
					  ,#{useLogCrtYn}
					  ,#{imgRouteCnts}
					  ,#{sortSeqc}
					  ,#{pgmId}
					  ,#{helpCnts}
					  ,#{useYn}
					  ,#{lgnUsrId}
					  ,CURRENT_TIMESTAMP
					  ,#{lgnUsrId}
					  ,CURRENT_TIMESTAMP
					  )

        ]]>
    </insert>

<!-- 2025-06-18 Amazon Q Developer : Converted SYSDATE to CURRENT_TIMESTAMP -->
<update id="menuMgtDao.updateMenuMgt">
   		
        <![CDATA[
        	${queryId}
			UPDATE TB_SYS002						
			   SET MENU_NM	  		= #{menuNm}
			  	  ,HRNK_MENU_ID	 	= #{hrnkMenuId}		
			  	  ,MENU_EXPLN	  	= #{menuExpln}	
			  	  ,RSPBER_EMPNO	  	= #{rspberEmpno}			
			  	  ,RSPBER_INFO	  	= #{rspberInfo}		
			  	  ,USE_LOG_CRT_YN	= #{useLogCrtYn}			
			  	  ,IMG_ROUTE_CNTS	= #{imgRouteCnts}				
			  	  ,SORT_SEQC	  	= #{sortSeqc}
			  	  ,PGM_ID	  		= #{pgmId}
			  	  ,HELP_CNTS	 	= #{helpCnts}
			  	  ,USE_YN	  		= #{useYn}
			  	  ,MODER_ID	  		= #{lgnUsrId}		
			  	  ,MOD_DATE	  		= CURRENT_TIMESTAMP
			 WHERE MENU_ID = #{menuId} 					
        ]]>
    </update>

<!-- 2025-06-18 Amazon Q Developer : Converted DECODE function to CASE WHEN and sysdate to CURRENT_TIMESTAMP -->
<insert id="menuMgtDao.insertMenuSprtlyBtnList">
   		
        <![CDATA[
        	${queryId}
		  	INSERT INTO TB_SYS006
					   (MENU_ID
					   ,BTN_ID
					   ,USE_YN
					   ,RGTER_ID
					   ,RGT_DATE
					   ,MODER_ID
					   ,MOD_DATE)			
			VALUES     
					   (#{menuId}
					   ,#{btnId}
					   ,CASE WHEN #{useYn}=1 THEN 'Y' ELSE 'N' END
					   ,#{lgnUsrId}
					   ,CURRENT_TIMESTAMP
					   ,#{lgnUsrId}
					   ,CURRENT_TIMESTAMP)


        ]]>
    </insert>

<!-- 2025-06-18 Amazon Q Developer : Converted DECODE function to CASE WHEN and sysdate to CURRENT_TIMESTAMP -->
<update id="menuMgtDao.updateMenuSprtlyBtnList">
   		
        <![CDATA[
        	${queryId}
			UPDATE TB_SYS006
			   SET USE_YN  = CASE WHEN #{useYn}=1 THEN 'Y' ELSE 'N' END
			       ,MODER_ID  = #{lgnUsrId}
			       ,MOD_DATE  = CURRENT_TIMESTAMP
			 WHERE MENU_ID = #{menuId}
			   AND BTN_ID = #{btnId}
			
        ]]>
    </update>

</mapper>
