<?xml version="1.0" encoding="UTF-8"?>
<!DOCTYPE mapper   PUBLIC "-//mybatis.org//DTD Mapper 3.0//EN" "http://mybatis.org/dtd/mybatis-3-mapper.dtd">
<mapper namespace="pgmMgtDao">

	<!-- 2025-06-18 Amazon Q Developer : Converted Oracle outer join syntax to explicit LEFT JOIN -->
<select id="pgmMgtDao.retrievePgmMgtList" resultType="ohMap">		
 		<![CDATA[
 		${queryId}
			SELECT a.pgm_id
			      ,a.pgm_nm
			      ,a.biz_sys_cd
			      ,b.com_cd_nm biz_sys_nm
			      ,a.pgm_gbn_cd
			      ,c.com_cd_nm pgm_gbn_nm
			      ,a.pgm_uri
			      ,a.st_menu_pgm_yn
			      ,a.pgm_expln
			      ,a.use_yn
			      ,a.rgter_id
			      ,a.rgt_date
			      ,a.moder_id
			      ,a.mod_date
			 FROM TB_SYS001 a			  
    			 LEFT JOIN TB_COM001 b ON a.biz_sys_cd = b.com_cd AND b.grp_cd = 'SY002'
    			 LEFT JOIN TB_COM001 c ON a.pgm_gbn_cd = c.com_cd AND c.grp_cd = 'SY001'
			WHERE 1= 1
              AND A.USE_YN='Y'
		]]>
		<if test="bizSysCd != null and bizSysCd !=''">
		   AND a.biz_sys_cd = #{bizSysCd}
		</if>
		<if test="pgmGbnCd != null and pgmGbnCd !=''">
		   AND a.pgm_gbn_cd = #{pgmGbnCd}
		</if>
		<if test="pgmNm != null and pgmNm !=''">
		   AND a.pgm_nm like '%' || #{pgmNm} || '%'
		</if>
	</select>

	<!-- 2025-06-18 Amazon Q Developer : Converted TO_CHAR date formatting to PostgreSQL TO_CHAR -->
<select id="pgmMgtDao.retrievePgmMgt" resultType="ohMap">		
 		<![CDATA[
 		${queryId}
			SELECT a.pgm_id
			      ,a.pgm_nm
			      ,a.biz_sys_cd
			      ,a.pgm_gbn_cd
			      ,a.pgm_uri
			      ,a.st_menu_pgm_yn
			      ,a.pgm_expln
			      ,a.use_yn
			      ,a.rgter_id
			      ,TO_CHAR(a.rgt_date,'YYYY.MM.DD HH24:MI:SS') as rgt_date
			      ,a.moder_id
			      ,TO_CHAR(a.mod_date,'YYYY.MM.DD HH24:MI:SS') as mod_date
			 FROM TB_SYS001 a		  
			WHERE a.pgm_id = #{pgmId}
		]]>
	</select>

	<!-- 2025-06-18 Amazon Q Developer : Converted SYSDATE to CURRENT_TIMESTAMP -->
<insert id="pgmMgtDao.insertPgmMgt">   		
        <![CDATA[
        ${queryId}
		  	INSERT INTO TB_SYS001
				  (PGM_ID
				  ,PGM_NM
				  ,BIZ_SYS_CD
				  ,PGM_GBN_CD
				  ,PGM_URI
				  ,ST_MENU_PGM_YN
				  ,PGM_EXPLN
				  ,USE_YN
				  ,RGTER_ID
				  ,RGT_DATE
				  ,MODER_ID
				  ,MOD_DATE)
			VALUES
				  (#{pgmId}
				  ,#{pgmNm}
				  ,#{bizSysCd}
				  ,#{pgmGbnCd}
				  ,#{pgmUri}
				  ,#{stMenuPgmYn}
				  ,#{pgmExpln}
				  ,#{useYn}
				  ,#{usrId}
				  ,CURRENT_TIMESTAMP
				  ,#{usrId}
				  ,CURRENT_TIMESTAMP)
        ]]>
    </insert>

	<!-- 2025-06-18 Amazon Q Developer : Converted SYSDATE to CURRENT_TIMESTAMP -->
<update id="pgmMgtDao.updatePgmMgt">   		
        <![CDATA[
        ${queryId}
			UPDATE TB_SYS001
			   SET PGM_NM         = #{pgmNm}
			      ,BIZ_SYS_CD     = #{bizSysCd}
			      ,PGM_GBN_CD     = #{pgmGbnCd}
			      ,PGM_URI        = #{pgmUri}
			      ,ST_MENU_PGM_YN = #{stMenuPgmYn}
			      ,PGM_EXPLN      = #{pgmExpln}
			      ,USE_YN         = #{useYn}
			      ,MODER_ID       = #{usrId}
			      ,MOD_DATE       = CURRENT_TIMESTAMP
			  WHERE PGM_ID = #{pgmId}  
        ]]>
    </update>

</mapper>
