<?xml version="1.0" encoding="UTF-8"?>
<!DOCTYPE mapper   PUBLIC "-//mybatis.org//DTD Mapper 3.0//EN" "http://mybatis.org/dtd/mybatis-3-mapper.dtd">

<mapper namespace="pgmUseLogInqryDao">
	
	<select id="pgmUseLogInqryDao.retrievePgmUseLogInqryComCd" resultType="ohMap">
		
 		<![CDATA[
 			${queryId}
			SELECT MENU_ID
			     , MENU_NM
			FROM   TB_SYS002
			WHERE  HRNK_MENU_ID IS NULL
			ORDER BY SORT_SEQC
		]]>

	</select>
	
	<select id="pgmUseLogInqryDao.retrievePgmUseLogInqry" resultType="ohMap">
		
 		<![CDATA[
 			${queryId}
			SELECT A.MENU_ID
			     , B.MENU_NM
			     , (SELECT MENU_NM FROM TB_SYS002 WHERE MENU_ID = B.BIZ_SYS_CD) AS BIZ_SYS_NM
			     , COUNT(*) USE_TMNUM
			  FROM TB_USR005 A
			     , (SELECT A.MENU_ID
			             , A.MENU_NM
			             , A.PGM_ID
			             , B.PGM_NM
			             , B.BIZ_SYS_CD
			          FROM TB_SYS002 A
			             , TB_SYS001 B
			         WHERE A.PGM_ID = B.PGM_ID) B
			 WHERE A.MENU_ID = B.MENU_ID


		]]>
		<if test="bizLgcsfCd != null and bizLgcsfCd !=''">
			      AND B.BIZ_SYS_CD = #{bizLgcsfCd}
		</if>
		<if test="usrId != null and usrId !=''">
			   AND A.USR_ID = #{usrId}
		</if>
 		<![CDATA[
			   AND TRUNC(PRCS_DATE) >= TO_DATE(#{agFromDt},'YYYYMMDD')
			   AND TRUNC(PRCS_DATE) <= TO_DATE(#{agToDt},'YYYYMMDD')
			 GROUP BY A.MENU_ID
			       , B.MENU_NM
			       , B.BIZ_SYS_CD
			 ORDER BY A.MENU_ID

		]]>

	</select>

	<select id="pgmUseLogInqryDao.retrieveSysUserLogMgt" resultType="ohMap">
		
 		<![CDATA[
 			${queryId}
 			SELECT A.USR_ID
			     , (SELECT USR_NM FROM TB_USR001 WHERE USR_ID = A.USR_ID) AS USR_NM
			     , COUNT(*) USE_TMNUM
			  FROM TB_USR005 A
			     , (SELECT A.MENU_ID
			             , A.MENU_NM
			             , A.PGM_ID
			             , B.PGM_NM
			             , B.BIZ_SYS_CD
			          FROM TB_SYS002 A
			             , TB_SYS001 B
			         WHERE A.PGM_ID = B.PGM_ID) B
			 WHERE A.MENU_ID = B.MENU_ID
			   AND A.MENU_ID = #{menuId}
			]]>
			<if test="usrId != null and usrId !=''">
			   AND A.USR_ID = #{usrId}
			</if>
 			<![CDATA[
			   AND TRUNC(A.PRCS_DATE) >= TO_DATE(#{agFromDt}, 'YYYYMMDD')
			   AND TRUNC(A.PRCS_DATE) <= TO_DATE(#{agToDt}, 'YYYYMMDD')   
			GROUP BY A.USR_ID
			 ORDER BY A.USR_ID 
		]]>

	</select>
	
	
</mapper>
