<?xml version="1.0" encoding="UTF-8"?>
<!DOCTYPE mapper   PUBLIC "-//mybatis.org//DTD Mapper 3.0//EN" "http://mybatis.org/dtd/mybatis-3-mapper.dtd">
<mapper namespace="divClaRqstRgtDao">

<!-- 2025-06-18 Amazon Q Developer : No conversion needed for empty resultMap -->
<resultMap type="ohMap" id="divClaRqstRgtDaoprocResult">
	</resultMap>

<!-- 2025-06-18 Amazon Q Developer : Converted Oracle functions to PostgreSQL equivalents -->
<select id="divClaRqstRgtDao.retrieveDivClaRqstRgtList" resultType="ohMap">		
 		<![CDATA[
 	${queryId}
 	
 			SELECT OAS_APP.FC_COM_GETCOMNM('CL003', A.CLA_STAT_CD)  CLA_STAT_NM
 			     , BUSIPL_CD
			     , OAS_APP.FC_COM_GET_BUSIPLNM(A.CORP_CD, A.BUSIPL_CD, DATE_TRUNC('day', CURRENT_TIMESTAMP)) BUSIPL_NM			     
			     , 'G' AS GOOD_GBN_CD
			     , A.GOOD_CD
			     , OAS_APP.FC_MGO_GOODINFO(A.CORP_CD, A.GOOD_CD, '1') GOOD_NM                 -- 제상품명 
			     , OAS_APP.FC_MGO_GOODINFO(A.CORP_CD, A.GOOD_CD, '2') GOOD_SZ			     
			     , OAS_APP.FC_CLM_GETCLATYPENM( A.CLA_TYPE_CD, 1) CLA_TYPE_NM	
			     , OAS_APP.FC_COM_GETCOMNM('CL002', A.PRCS_TYPE_CD) || CASE WHEN A.PRCS_TYPE_CD IS NULL THEN '' ELSE CASE WHEN A.RE_DLVR_PRCS_TYPE_CD IS NULL THEN '' ELSE '-' END END
     				|| OAS_APP.FC_COM_GETCOMNM('CL002', A.RE_DLVR_PRCS_TYPE_CD)
			      AS PRCS_TYPE_NM		  		     
			     , TO_CHAR(A.CLA_DT,'YYYYMMDD') CLA_DT
			     , A.CLA_SEQ
			     , COUNT(*) OVER() AS TOTAL_CNT 			     
			  FROM OAS_APP.TB_CLA001         A
			     , SMARTX.VW_FCC101          B
			     , OAS_APP.TB_CLA002         C
			 WHERE A.GOOD_CD   		= B.GOODCD
			   AND A.CLA_DT    		= C.CLA_DT
			   AND A.CLA_SEQ   		= C.CLA_SEQ	   
			   AND B.CONSUM_YN     = 'Y'

		]]>
		<if test='clhaDtGbn == "1"'>
		<if test="clhaDtFr != null and clhaDtFr !='' and clhaDtTo != null and clhaDtTo !='' ">		   
		   	    AND DATE_TRUNC('day', A.IWH_DT) BETWEEN TO_DATE(#{clhaDtFr},'YYYYMMDD') AND TO_DATE(#{clhaDtTo},'YYYYMMDD')
		   	   
		</if>			     			   		   
		</if>
		<if test='clhaDtGbn == "2"'>
		<if test="clhaDtFr != null and clhaDtFr !='' and clhaDtTo != null and clhaDtTo !='' ">		   
		   	   AND DATE_TRUNC('day', A.CLA_DT) BETWEEN TO_DATE(#{clhaDtFr},'YYYYMMDD') AND TO_DATE(#{clhaDtTo},'YYYYMMDD') 		   	   
		</if>	
			   
		</if>
		<if test="busiplCd != null and busiplCd !=''">		   
		   	   AND A.BUSIPL_CD  = #{busiplCd}
		</if>
		<if test="prcsTypeCd != null and prcsTypeCd !=''">		   
		   	   AND A.PRCS_TYPE_CD = #{prcsTypeCd}
		</if>
		<if test="claStatCd != null and claStatCd !=''">	   
		   	    AND A.CLA_STAT_CD = #{claStatCd}
		</if>
		
		<if test="claTypeLgcsfCd != null and claTypeLgcsfCd !=''">	   
		   	    AND A.CUST_RQST_TYPE_CD = #{claTypeLgcsfCd}
		</if>
		<if test="corpCd != null and corpCd !=''">	   
		   	    AND A.CORP_CD = #{corpCd}
		</if>	
		<if test="clhaCtrCd != null and clhaCtrCd !=''">	   
		   	    AND A.CLHA_CTR_CD = #{clhaCtrCd}
		</if>
		
		<if test="rgterId != null and rgterId !=''">	   
		   	    AND A.RGTER_ID = #{rgterId}
		</if>
			
		<![CDATA[ 		
			ORDER BY A.CLA_DT DESC, A.CLA_SEQ DESC	
		]]>
		
	</select>

<!-- 2025-06-18 Amazon Q Developer : Converted Oracle outer joins to LEFT JOIN syntax -->
<select id="divClaRqstRgtDao.retrieveDivClaRqstRgt" resultType="ohMap">		
 		<![CDATA[
 	${queryId}
 			SELECT A.CORP_CD
 			 , A.BUSIPL_CD
		     , OAS_APP.FC_COM_GET_BUSIPLNM(A.CORP_CD, A.BUSIPL_CD, A.IWH_DT) BUSIPL_NM
		     , TO_CHAR(A.IWH_DT, 'YYYYMMDD') CLHA_DT
		     , A.ORIG_ORD_KEY_VAL  ORD_KEY_VAL
		     , A.ORIG_ORD_SEQ      ORD_SEQ
		     , A.RQST_SYS_GBN_CD
		     , TO_CHAR(A.CLA_DT, 'YYYYMMDD') CLA_DT
		     , A.CLA_SEQ
		     , A.CLHA_CTR_CD
		     , OAS_APP.FC_COM_GET_BUSIPLNM(A.CORP_CD, A.CLHA_CTR_CD, A.IWH_DT) AS CLHA_CTR_NM
		     , A.CLA_STAT_CD
		     , A.GOOD_CD
		     , OAS_APP.FC_MGO_GOODINFO(A.CORP_CD,A.GOOD_CD, '1')  GOOD_NM     
		     , OAS_APP.FC_MGO_GOODINFO(A.CORP_CD,A.GOOD_CD, '2')  GOOD_SZ
		     , C.SPLCO_CD                                           BUYCONN_CD
		     , OAS_APP.FC_COM_GET_TXNCONNNM(A.CORP_CD, C.SPLCO_CD, TO_CHAR(A.IWH_DT,'YYYYMMDD'), 'V') BUYCONN_NM
--		     , A.RSPB_MD_CD
--		     , FC_OHR_GETEMPNM(A.RSPB_MD_CD) RSPB_MD_NM        지역엠디추후 추가 
		     , A.ACCT_APRV_STAT_CD 
		     , B.ACTL_IWH_CNFM_QTY                 CLHA_QTY
		     , B.CNFM_CLHA_AMT             COST_AMT
		     , B.SHPRC                     MGT_COST
		     , B.IVTMGT_YN
		     , A.CUST_RQST_TYPE_CD
		     , A.CLA_TYPE_LGCSF_CD
		     , A.CLA_TYPE_MDCSF_CD
		     , A.CLA_TYPE_CD
		     , A.FALT_DEPT_CD
		     , A.PRCS_TYPE_CD
		     , A.RE_DLVR_PRCS_TYPE_CD
		     , A.RE_DLVR_GBN_CD
		     , A.RTNS_RQST_QTY
		     , A.RTNS_RQST_AMT
		     , TO_CHAR(A.RTNS_RQST_DT, 'YYYYMMDD') RTNS_RQST_DT 
		     , TO_CHAR(A.RTRV_RQST_DT, 'YYYYMMDD') RTRV_RQST_DT
		     , TO_CHAR(A.RE_IWH_RQST_DT, 'YYYYMMDD') RE_IWH_RQST_DT
		     , A.CLA_RCP_ITMZ
		     , A.CUST_RQST_ITMZ
		     , A.RCP_YN
		     , A.RCPER_ID
		     , OAS_APP.FC_OHR_GETEMPNM(A.RCPER_ID) RCPER_NM
		     , RCP_DT	
		     , A.NONDL_ED_GBN_CD
		     , A.NONDL_ED_RSN_ITMZ	
		     , D.DEPT_CD
		     , (SELECT T.RVRT_DEPT_NM
                     FROM OAS_APP.TB_SYS203 T
                    WHERE T.CORP_CD = A.CORP_CD --법인코드
                      AND T.RVRT_DEPT_CD = D.DEPT_CD) AS DEPT_NM   			     
		     , D.CST_RVRT_DEPT_CD
		     , (SELECT T.RVRT_DEPT_NM
                     FROM OAS_APP.TB_SYS203 T
                    WHERE T.CORP_CD = A.CORP_CD --법인코드
                      AND T.RVRT_DEPT_CD = D.CST_RVRT_DEPT_CD) AS CST_RVRT_DEPT_NM   
		  FROM OAS_APP.TB_CLA001 A
             LEFT JOIN OAS_APP.TB_ORD001 B ON A.ORIG_ORD_KEY_VAL = B.ORD_KEY_VAL AND A.ORIG_ORD_SEQ = B.ORD_SEQ
             LEFT JOIN OAS_APP.TB_ORS001 C ON A.ORIG_ORD_KEY_VAL = C.ORD_KEY_VAL AND A.ORIG_ORD_SEQ = C.ORD_SEQ
             LEFT JOIN TB_MOR001 D ON A.ORIG_ORD_KEY_VAL = D.EXE_ORDRG_ORD_KEY_VAL 
                                   AND A.ORIG_ORD_SEQ = D.EXE_ORDRG_ORD_SEQ
                                   AND A.BUSIPL_CD = D.DLVR_BUSIPL_CD
                                   AND A.CLHA_CTR_CD = D.HRNK_BIZOFC_CD
                                   AND A.GOOD_CD = D.GOOD_CD
                                   AND A.IWH_DT = D.IWH_PARG_DT
	       WHERE A.CLA_DT =  TO_DATE(#{claDt},'YYYYMMDD')
	         AND A.CLA_SEQ =  #{claSeq}	
		]]>
		
		
	</select>

<!-- 2025-06-18 Amazon Q Developer : No conversion needed for basic TO_DATE function -->
<select id="divClaRqstRgtDao.retrieveDivClaRqstRgtChk" resultType="ohMap">		
 		<![CDATA[
 		${queryId}
 			SELECT A.CORP_CD
 			 	  ,CLA_DT
 			 	  ,CLA_SEQ
			  FROM OAS_APP.TB_CLA001 A
			 WHERE A.CLA_DT =  TO_DATE(#{claDt},'YYYYMMDD')
			   AND A.CLA_SEQ =  #{claSeq}	
		]]>		
	</select>

<!-- 2025-06-18 Amazon Q Developer : Converted Oracle sequence and DUAL to PostgreSQL -->
<select id="divClaRqstRgtDao.retrieveDivClaRqstRgtSeq" resultType="ohMap">		
 		<![CDATA[
 		${queryId}
 			SELECT 'NSS' || LPAD(nextval('oas_app.sq_tb_cla001_seq_val')::text,12,'0') AS SEQ
		]]>		
	</select>

<!-- 2025-06-18 Amazon Q Developer : Converted DECODE to CASE WHEN and SYSDATE to CURRENT_TIMESTAMP -->
<insert id="divClaRqstRgtDao.insertDivClaRqstRgt">   		
        <![CDATA[
      ${queryId}
		 INSERT INTO OAS_APP.TB_CLA001
				(CORP_CD
			    ,CLA_DT
			    ,CLA_SEQ
			    ,BUSIPL_CD
			    ,IWH_DT
			    ,ORIG_ORD_KEY_VAL 
			    ,ORIG_ORD_SEQ
			    ,RQST_SYS_GBN_CD
			    ,CLHA_CTR_CD
			    ,CLA_STAT_CD
			    ,GOOD_CD 
			    ,ACCT_APRV_STAT_CD 
			    ,CUST_RQST_TYPE_CD
			    ,CLA_TYPE_LGCSF_CD 
			    ,CLA_TYPE_MDCSF_CD
			    ,CLA_TYPE_CD 
			    ,FALT_DEPT_CD 
			    ,PRCS_TYPE_CD 
			    ,RE_DLVR_PRCS_TYPE_CD 
			    ,RE_DLVR_GBN_CD
			    ,RTNS_RQST_QTY 
			    ,RTNS_RQST_AMT
			    ,RTNS_RQST_DT
			    ,RTRV_RQST_DT
			    ,RE_IWH_RQST_DT 
			    ,CLA_RCP_ITMZ
			    ,CUST_RQST_ITMZ 
			    ,NONDL_ED_GBN_CD
			    ,NONDL_ED_RSN_ITMZ
			    ,RCP_YN  
			    ,RCPER_ID  
			    ,RCP_DT  
			    ,RGTER_ID 
			    ,RGT_DATE
			    ,MODER_ID 
			    ,MOD_DATE )
			VALUES
			(    #{corpCd}
			    ,TO_DATE(#{claDt},'YYYYMMDD')
			    ,#{claSeq}
			    ,#{busiplCd}
			    ,TO_DATE(#{clhaDt},'YYYYMMDD')
			    ,#{ordKeyVal}
			    ,#{ordSeq}
			    ,'MRO'
			    ,#{clhaCtrCd}
			    ,#{claStatCd}
			    ,#{goodCd }
			    ,#{acctAprvStatCd} 
			    ,#{custRqstTypeCd}
			    ,#{claTypeLgcsfCd} 
			    ,#{claTypeMdcsfCd}
			    ,#{claTypeCd} 
			    ,#{faltDeptCd} 
			    ,#{prcsTypeCd}
			    ,CASE WHEN #{reDlvrPrcsTypeCd} = 'N' THEN '' ELSE #{reDlvrPrcsTypeCd} END 
			    ,#{reDlvrGbnCd} 
			    ,#{rtnsRqstQty} 
			    ,#{rtnsRqstAmt}
			    ,TO_DATE(#{rtnsRqstDt},'YYYYMMDD')
			    ,TO_DATE(#{rtrvRqstDt},'YYYYMMDD')
			    ,TO_DATE(#{reIwhRqstDt},'YYYYMMDD') 
			    ,#{claRcpItmz}
			    ,#{custRqstItmz} 
			    ,#{nondlEdGbnCd}
			    ,#{nondlEdRsnItmz}
			    ,#{rcpYn} 
			    ,CASE WHEN #{rcpYn} = 'Y' THEN #{usrId} WHEN #{rcpYn} = 'N' THEN '' ELSE #{usrId} END   
			    ,CASE WHEN #{rcpYn} = 'Y' THEN CURRENT_TIMESTAMP WHEN #{rcpYn} = 'N' THEN NULL ELSE CURRENT_TIMESTAMP END 
			    ,#{usrId}
			    ,CURRENT_TIMESTAMP
			    ,#{usrId}
			    ,CURRENT_TIMESTAMP )
        ]]>
    </insert>

<!-- 2025-06-18 Amazon Q Developer : Converted DECODE to CASE WHEN and SYSDATE to CURRENT_TIMESTAMP -->
<update id="divClaRqstRgtDao.updateDivClaRqstRgt">   		
        <![CDATA[
       ${queryId}
		UPDATE OAS_APP.TB_CLA001 
      	   SET BUSIPL_CD               = #{busiplCd}
			   ,IWH_DT                = TO_DATE(#{clhaDt},'YYYYMMDD')
			   ,ORIG_ORD_KEY_VAL            = #{ordKeyVal}
			   ,ORIG_ORD_SEQ                = #{ordSeq}
			   ,CLHA_CTR_CD            = #{clhaCtrCd}
			   ,CLA_STAT_CD            = #{claStatCd}
			   ,GOOD_CD                = #{goodCd }
			   ,ACCT_APRV_STAT_CD      = #{acctAprvStatCd} 
			   ,CUST_RQST_TYPE_CD      = #{custRqstTypeCd} 
			   ,CLA_TYPE_LGCSF_CD      = #{claTypeLgcsfCd} 
			   ,CLA_TYPE_MDCSF_CD      = #{claTypeMdcsfCd}
			   ,CLA_TYPE_CD            = #{claTypeCd} 
			   ,FALT_DEPT_CD           = #{faltDeptCd} 
			   ,PRCS_TYPE_CD           = #{prcsTypeCd}
			   ,RE_DLVR_PRCS_TYPE_CD   = CASE WHEN #{reDlvrPrcsTypeCd} = 'N' THEN '' ELSE #{reDlvrPrcsTypeCd} END 
			   ,RE_DLVR_GBN_CD         = #{reDlvrGbnCd} 
			   ,RTNS_RQST_QTY          = #{rtnsRqstQty} 
			   ,RTNS_RQST_AMT          = #{rtnsRqstAmt}
			   ,RTNS_RQST_DT           = TO_DATE(#{rtnsRqstDt},'YYYYMMDD')
			   ,RTRV_RQST_DT           = TO_DATE(#{rtrvRqstDt},'YYYYMMDD')
			   ,RE_IWH_RQST_DT         = TO_DATE(#{reIwhRqstDt},'YYYYMMDD')
			   ,CLA_RCP_ITMZ           = #{claRcpItmz}
			   ,CUST_RQST_ITMZ         = #{custRqstItmz} 
			   ,NONDL_ED_GBN_CD        = #{nondlEdGbnCd}
			   ,NONDL_ED_RSN_ITMZ      = #{nondlEdRsnItmz}
			   ,RCP_YN                 = #{rcpYn}  
			   ,RCPER_ID               = CASE WHEN #{rcpYn} = RCP_YN THEN RCPER_ID WHEN #{rcpYn} = 'Y' THEN #{usrId} WHEN #{rcpYn} = 'N' THEN '' ELSE RCPER_ID END   
			   ,RCP_DT                 = CASE WHEN #{rcpYn} = RCP_YN THEN RCP_DT WHEN #{rcpYn} = 'Y' THEN CURRENT_TIMESTAMP WHEN #{rcpYn} = 'N' THEN NULL ELSE RCP_DT END 
			   ,MODER_ID               = #{usrId}
			   ,MOD_DATE	           = CURRENT_TIMESTAMP
          WHERE CORP_CD = #{corpCd}
		    AND CLA_DT = TO_DATE(#{claDt},'YYYYMMDD')
		    AND CLA_SEQ = #{claSeq}                             
        ]]>
    </update>

<!-- 2025-06-18 Amazon Q Developer : No conversion needed for standard SQL -->
<!-- 클레임 요청 등록 - 클레임 유형 콤보 조회 -->
<select id="divClaRqstRgtDao.retrieveClaTypeMgtLgcsfList" resultType="ohMap">		
 		<![CDATA[
 		${queryId}
			  SELECT DISTINCT A.CLA_TYPE_LGCSF_CD, A.CLA_TYPE_LGCSF_NM
			  FROM   OAS_APP.TB_CLM002 A,  OAS_APP.TB_CLM004 B
			  WHERE  A.CLA_TYPE_LGCSF_CD = B.CLA_TYPE_LGCSF_CD
			  AND    A.USE_YN ='Y' 
			  AND    B.USE_YN='Y' 
			  AND    B.SYS_CD = '02'  --MRO      
			  ORDER BY A.CLA_TYPE_LGCSF_CD
		]]>		
	</select>

<!-- 2025-06-18 Amazon Q Developer : Removed FROM DUAL -->
<!-- 클레임 요청 등록 - 귀책부서 -->
<select id="divClaRqstRgtDao.retrieveClaPrcsByClaTypeFaltDeptList" resultType="ohMap">		
 		<![CDATA[
 	${queryId}
 			SELECT '' AS FALT_DEPT_CD
 			      ,'선택' AS FALT_DEPT_NM
 			UNION ALL
 			SELECT FALT_DEPT_CD
 			      ,FALT_DEPT_NM
 			FROM (SELECT A.FALT_DEPT_CD
				        ,B.COM_CD_NM AS FALT_DEPT_NM
				    FROM OAS_APP.TB_CLM005 A
				        ,OAS_APP.TB_COM001 B			      
				   WHERE A.FALT_DEPT_CD = B.COM_CD
				     AND A.USE_YN='Y'
				     AND B.GRP_CD ='CL001'
				     AND A.CLA_TYPE_LGCSF_CD = #{claTypeLgcsfCd}	
				     AND A.CLA_TYPE_MDCSF_CD = #{claTypeMdcsfCd}
				     AND A.CLA_TYPE_CD = #{claTypeCd}		
	 			  ORDER BY A.FALT_DEPT_CD) sub
		]]>
	
	</select>

<!-- 2025-06-18 Amazon Q Developer : Removed FROM DUAL -->
<!-- 클레임 요청 등록 - 처리유형 -->
<select id="divClaRqstRgtDao.retrieveClaPrcsByClaTypePrcsTypeList" resultType="ohMap">		
 		<![CDATA[
 		${queryId}
 			SELECT '' AS PRCS_TYPE_CD
 			      ,'선택' AS PRCS_TYPE_NM
 			UNION ALL
 			SELECT PRCS_TYPE_CD
 			      ,PRCS_TYPE_NM
 			FROM (SELECT A.PRCS_TYPE_CD
			            ,B.COM_CD_NM AS PRCS_TYPE_NM
			        FROM OAS_APP.TB_CLM006 A			            
			            ,OAS_APP.TB_COM001 B			      
			       WHERE A.PRCS_TYPE_CD = B.COM_CD
			         AND A.USE_YN='Y'
			         AND B.GRP_CD ='CL002'
			         AND A.CLA_TYPE_LGCSF_CD = #{claTypeLgcsfCd}  
		]]>
			<if test="claTypeMdcsfCd != null and claTypeMdcsfCd !=''">	   
		   	    AND A.CLA_TYPE_MDCSF_CD = #{claTypeMdcsfCd}
			</if>	
			<if test="claTypeCd != null and claTypeCd !=''">	   
		   	    AND A.CLA_TYPE_CD = #{claTypeCd}
			</if>	
			<if test='reDlvr == "Y"'>
			   AND B.COM_CD = '11'	   
			</if>
			<if test='reDlvr == "N"'>
		<![CDATA[AND B.COM_CD <> '11'	]]>
			</if>			
		<![CDATA[
					GROUP BY A.PRCS_TYPE_CD,B.COM_CD_NM 
 					ORDER BY A.PRCS_TYPE_CD) sub
		]]>
	</select>

<!-- 2025-06-18 Amazon Q Developer : Converted Oracle stored procedure call to PostgreSQL function call -->
<!-- 클레임 요청 등록 - 처리유형 -->
<select id="divClaRqstRgtDao.retrieveOrdPtclsSrchListProc" statementType="CALLABLE" parameterType="map"  resultType="ohMap">
    	{ call mro_app.sp_mro_ret_claordptclssrchlist(
    				   #{cstDeptCd,mode=IN,jdbcType=VARCHAR} 
                     , #{busiplCd,mode=IN,jdbcType=VARCHAR}  
                     , #{clhaDt,mode=IN,jdbcType=VARCHAR}    
                     , #{claDt,mode=IN,jdbcType=VARCHAR}   
                     , #{claSeq,mode=IN,jdbcType=INTEGER}
                     , #{goodNm,mode=IN,jdbcType=VARCHAR}
                     , #{vCursor,mode=OUT,jdbcType=OTHER, javaType=ResultSet, resultMap=expsubOrdrgMgtDaoprocResult}
                     ) 
 		}
	</select>

<!-- 2025-06-18 Amazon Q Developer : Converted TO_CHAR and SYSDATE to PostgreSQL equivalents -->
<!-- 클레임 요청 등록 - 원주문조회 -->
<select id="divClaRqstRgtDao.retrieveOrdPtclsSrchList" resultType="ohMap">		
 		<![CDATA[
 		${queryId}
 		    SELECT B.ORD_KEY_VAL
		         , B.ORD_SEQ
		         , B.GOOD_CD
		         , G.GOODNM AS GOOD_NM
		         , B.VGT_CUTT_CD CUT_CD      
		          
		         , CASE WHEN ( ACTL_IWH_CNFM_QTY +
           				     IWH_CHKQTY_QTY+
           				     DLVRCONN_DRECT_DLVR_QTY +
           				     TO_CTR_DRECT_DLVR_QTY ) = 0 THEN B.ORD_RQST_QTY
           			  ELSE B.ACTL_IWH_CNFM_QTY END AS ACTL_IWH_CNFM_QTY
           			                                     
		         , OAS_APP.FC_CLA_RTNQTY( B.ORD_KEY_VAL, B.ORD_SEQ,TO_DATE(COALESCE( #{claDt}, TO_CHAR(CURRENT_TIMESTAMP, 'YYYYMMDD')), 'YYYYMMDD'),COALESCE(#{claSeq},NULL))                       RTN_QTY
		        
		         , ( CASE WHEN ( ACTL_IWH_CNFM_QTY +
           				     IWH_CHKQTY_QTY+
           				     DLVRCONN_DRECT_DLVR_QTY +
           				     TO_CTR_DRECT_DLVR_QTY ) = 0 THEN B.ORD_RQST_QTY
           			  ELSE B.ACTL_IWH_CNFM_QTY END )+
           			  
		         OAS_APP.FC_CLA_RTNQTY( B.ORD_KEY_VAL, B.ORD_SEQ,TO_DATE(COALESCE( #{claDt}, TO_CHAR(CURRENT_TIMESTAMP, 'YYYYMMDD')), 'YYYYMMDD'),COALESCE(#{claSeq},NULL)) CLHA_QTY
		         , A.SPLCO_CD                                                    
		         , OAS_APP.FC_COM_GET_TXNCONNNM(A.CORP_CD, A.SPLCO_CD, TO_CHAR(B.ACTL_IWH_DT,'YYYYMMDD'),'V')     SPLCO_NM 
		         , A.SHPRC                                                      
		         , (
		                ( CASE WHEN ( ACTL_IWH_CNFM_QTY +
	           				     IWH_CHKQTY_QTY+
	           				     DLVRCONN_DRECT_DLVR_QTY +
	           				     TO_CTR_DRECT_DLVR_QTY ) = 0 THEN B.ORD_RQST_QTY
           			           ELSE B.ACTL_IWH_CNFM_QTY END )+
		            OAS_APP.FC_CLA_RTNQTY( B.ORD_KEY_VAL, B.ORD_SEQ,TO_DATE(COALESCE( #{claDt}, TO_CHAR(CURRENT_TIMESTAMP, 'YYYYMMDD')), 'YYYYMMDD'),COALESCE(#{claSeq},NULL))) * B.SHPRC COST_AMT 
		         , B.IVTMGT_YN
		         , G.GOODSZ GOOD_SZ
		         , OAS_APP.FC_MGO_GOODINFO(A.CORP_CD, A.GOOD_CD, '5') FALT_YN 	
		         , A.LMTD_FOODM_GBN_CD 
                 , A.GOOD_APLY_SN
		      FROM OAS_APP.TB_ORS001 A
             , OAS_APP.TB_ORD001 B
		     , SMARTX.VW_FCC101 G
		 WHERE B.ORD_KEY_VAL        = A.ORD_KEY_VAL
		   AND B.ORD_SEQ            = A.ORD_SEQ           
		   AND B.GOOD_CD            = G.GOODCD
		   AND A.ORD_TYPE_SMCSF_CD 	Like 'OR1%'
		   AND A.BUSIPL_CD          = #{busiplCd} 
		   AND G.CONSUM_YN          = 'Y'
		   AND A.IWH_DT             = TO_DATE(#{clhaDt},'YYYYMMDD')
           
           AND ( CASE WHEN ( ACTL_IWH_CNFM_QTY +
           				     IWH_CHKQTY_QTY+
           				     DLVRCONN_DRECT_DLVR_QTY +
           				     TO_CTR_DRECT_DLVR_QTY ) = 0 THEN B.ORD_RQST_QTY
           			  ELSE B.ACTL_IWH_CNFM_QTY END)   > 0

		   AND A.ORD_STAT_CD NOT IN ('OPN','APP')
		   AND B.ORD_GBN_CD  NOT IN ('OM307')  
           AND B.CST_DEPT_CD        = #{cstDeptCd} 
		   
		]]>
		
		<if test="goodNm != null and goodNm !=''">
		   AND (B.GOOD_CD like '%'|| #{goodNm} || '%' OR g.GOODNM like '%'|| #{goodNm} || '%')
		</if>
		<![CDATA[ 		
			ORDER BY G.GOODNM
		]]>
		
	</select>

<!-- 2025-06-18 Amazon Q Developer : Removed FROM DUAL -->
<!-- 클레임 요청 등록 - 원주문조회 -->
<select id="divClaRqstRgtDao.retrieveCloseGbn" resultType="ohMap">		
 		<![CDATA[
 		${queryId}
 			SELECT OAS_APP.FC_STM_DD_SUBL_CLOSE_STAT ( #{corpCd}, #{busiplCd}, 'E0', #{iwhRqstDt}, 'BIZ01') CLOSE_GBN    			
		]]>
	</select>

</mapper>
