<?xml version="1.0" encoding="UTF-8"?>
<!DOCTYPE mapper   PUBLIC "-//mybatis.org//DTD Mapper 3.0//EN" "http://mybatis.org/dtd/mybatis-3-mapper.dtd">

<mapper namespace="posPpOrdrgMgtDao">
	
	<resultMap type="ohMap" id="posPpOrdrgMgtDaoprocResult">
	</resultMap>

	<select id="posPpOrdrgMgtDao.retrievePosPpOrdrgListProc" statementType="CALLABLE" parameterType="map"  resultType="ohMap">
    	{ call MRO_APP.SP_SL_PO_10_SELECT(
    				   #{dtYm,mode=IN,jdbcType=VARCHAR} 
                     , #{busiplCd,mode=IN,jdbcType=VARCHAR}                        
                     , #{vCursor,mode=OUT,jdbcType=CURSOR, javaType=ResultSet, resultMap=posPpOrdrgMgtDaoprocResult}
                     ) 
 		}
	</select>
	
	<select id="posPpOrdrgMgtDao.retrievePosPpOrdrgDtlListProc" statementType="CALLABLE" parameterType="map"  resultType="ohMap">
    	{ call MRO_APP.SP_SL_PO_10_SELECT2(
    				   #{dtYm,mode=IN,jdbcType=VARCHAR} 
                     , #{busiplCd,mode=IN,jdbcType=VARCHAR}                        
                     , #{vCursor,mode=OUT,jdbcType=CURSOR, javaType=ResultSet, resultMap=posPpOrdrgMgtDaoprocResult}
                     ) 
 		}
	</select>	
	
	<select id="posPpOrdrgMgtDao.retrievePosPpOrdrgMagamProc" statementType="CALLABLE" parameterType="map"  resultType="string">
		 { #{magamYn, mode=OUT,jdbcType=VARCHAR} = call LGMJFTT.FN_GET_POS_PAPER_MAGAM_YN@LN_OURHOME30(
		 	#{dtYm , mode=IN,jdbcType=VARCHAR }, 
            #{gubun , mode=IN,jdbcType=VARCHAR}
            )}	
	</select>
	
	<select id="posPpOrdrgMgtDao.retrievePosPpOrdrgMagam"  resultType="ohMap">
		 <![CDATA[
 			${queryId}
			    SELECT CASE WHEN COUNT(*) = 1 THEN 'Y' ELSE 'N' END MAGAM_YN	     
			     FROM TB_POS_PAPER_MAGAM A
			    WHERE A.YYYYMM   = #{dtYm}
			      AND A.GBN      = #{gubun}
			      AND A.MAGAM_YN = 'Y'
		]]>
	</select>
	
	<select id="posPpOrdrgMgtDao.savePosPpOrdrgInfo" statementType="CALLABLE" parameterType="map"  resultType="ohMap">
    	{ call MRO_APP.SP_SL_PO_10_INSERT(
    				   #{cldrDt,mode=IN,jdbcType=VARCHAR} 
                     , #{busiplCd,mode=IN,jdbcType=VARCHAR}
                     , #{busiplAddr,mode=IN,jdbcType=VARCHAR}
                     , #{addrContact,mode=IN,jdbcType=VARCHAR}
                     , #{ordrgBox,mode=IN,jdbcType=DECIMAL}
                     , #{usrId,mode=IN,jdbcType=VARCHAR}                                                                                                            
                     , #{V_RETURN,mode=OUT,jdbcType=VARCHAR}
                     , #{V_ERRMSG,mode=OUT,jdbcType=VARCHAR}
                     ) 
 		}
	</select>		
</mapper>
