<?xml version="1.0" encoding="UTF-8"?>
<!DOCTYPE mapper   PUBLIC "-//mybatis.org//DTD Mapper 3.0//EN" "http://mybatis.org/dtd/mybatis-3-mapper.dtd">

<mapper namespace="posPpTrfctrRqstMgtDao">

	<resultMap type="ohMap" id="posPpTrfctrRqstMgtDaoprocResult">
	</resultMap>
	
	<select id="posPpTrfctrRqstMgtDao.retrievePosPpTrfctrRqstList" statementType="CALLABLE" parameterType="map"  resultType="ohMap">
    	{ call MRO_APP.SP_SL_PO_20_SELECT(
    				   #{dtYm,mode=IN,jdbcType=VARCHAR} 
                     , #{busiplCd,mode=IN,jdbcType=VARCHAR}                        
                     , #{vCursor,mode=OUT,jdbcType=CURSOR, javaType=ResultSet, resultMap=posPpTrfctrRqstMgtDaoprocResult}
                     ) 
 		}
	</select>
	
	<select id="posPpTrfctrRqstMgtDao.retrievePosPpTrfctrRqstDetailList" statementType="CALLABLE" parameterType="map"  resultType="ohMap">
    	{ call MRO_APP.SP_SL_PO_20_SELECT_D(
    				   #{dtYm,mode=IN,jdbcType=VARCHAR} 
                     , #{busiplCd,mode=IN,jdbcType=VARCHAR}                        
                     , #{vCursor,mode=OUT,jdbcType=CURSOR, javaType=ResultSet, resultMap=posPpTrfctrRqstMgtDaoprocResult}
                     ) 
 		}
	</select>
	
	<select id="posPpTrfctrRqstMgtDao.savePosPpTrfctrRqstInfo" statementType="CALLABLE" parameterType="map"  resultType="ohMap">
    	{ call MRO_APP.SP_SL_PO_20_INSERT(
    				   #{ym,mode=IN,jdbcType=VARCHAR} 
                     , #{busiplCd,mode=IN,jdbcType=VARCHAR}
                     , #{seq,mode=IN,jdbcType=DECIMAL}
                     , #{trfctrRqstBox,mode=IN,jdbcType=DECIMAL}
                     , #{busiplCdIn,mode=IN,jdbcType=VARCHAR}
                     , #{flag,mode=IN,jdbcType=VARCHAR}                     
                     , #{usrId,mode=IN,jdbcType=VARCHAR}                                                                                                            
                     , #{V_RETURN,mode=OUT,jdbcType=VARCHAR}
                     , #{V_ERRMSG,mode=OUT,jdbcType=VARCHAR}
                     ) 
 		}
	</select>
</mapper>
