<?xml version="1.0" encoding="UTF-8"?>
<!DOCTYPE mapper   PUBLIC "-//mybatis.org//DTD Mapper 3.0//EN" "http://mybatis.org/dtd/mybatis-3-mapper.dtd">
<mapper namespace="posPpOrdrgMgtDao">

<!-- 2025-06-18 Amazon Q Developer : Converted Oracle resultMap to PostgreSQL compatible -->
<resultMap type="ohMap" id="posPpOrdrgMgtDaoprocResult">
	</resultMap>

<!-- 2025-06-18 Amazon Q Developer : Converted Oracle stored procedure call to PostgreSQL function call -->
<select id="posPpOrdrgMgtDao.retrievePosPpOrdrgListProc" statementType="CALLABLE" parameterType="map"  resultType="ohMap">
    	{ call sp_sl_po_10_select(
    				   #{dtYm,mode=IN,jdbcType=VARCHAR} 
                     , #{busiplCd,mode=IN,jdbcType=VARCHAR}                        
                     , #{vCursor,mode=OUT,jdbcType=REFCURSOR, javaType=ResultSet, resultMap=posPpOrdrgMgtDaoprocResult}
                     ) 
 		}
	</select>

<!-- 2025-06-18 Amazon Q Developer : Converted Oracle stored procedure call to PostgreSQL function call -->
<select id="posPpOrdrgMgtDao.retrievePosPpOrdrgDtlListProc" statementType="CALLABLE" parameterType="map"  resultType="ohMap">
    	{ call sp_sl_po_10_select2(
    				   #{dtYm,mode=IN,jdbcType=VARCHAR} 
                     , #{busiplCd,mode=IN,jdbcType=VARCHAR}                        
                     , #{vCursor,mode=OUT,jdbcType=REFCURSOR, javaType=ResultSet, resultMap=posPpOrdrgMgtDaoprocResult}
                     ) 
 		}
	</select>

<!-- 2025-06-18 Amazon Q Developer : Converted Oracle function call to PostgreSQL function call -->
<select id="posPpOrdrgMgtDao.retrievePosPpOrdrgMagamProc" statementType="CALLABLE" parameterType="map"  resultType="string">
		 { #{magamYn, mode=OUT,jdbcType=VARCHAR} = call fn_get_pos_paper_magam_yn(
		 	#{dtYm , mode=IN,jdbcType=VARCHAR }, 
            #{gubun , mode=IN,jdbcType=VARCHAR}
            )}	
	</select>

<!-- 2025-06-18 Amazon Q Developer : Standard SQL compatible with PostgreSQL -->
<select id="posPpOrdrgMgtDao.retrievePosPpOrdrgMagam"  resultType="ohMap">
		 <![CDATA[
 			${queryId}
			    SELECT CASE WHEN COUNT(*) = 1 THEN 'Y' ELSE 'N' END MAGAM_YN	     
			     FROM TB_POS_PAPER_MAGAM A
			    WHERE A.YYYYMM   = #{dtYm}
			      AND A.GBN      = #{gubun}
			      AND A.MAGAM_YN = 'Y'
		]]>
	</select>

<!-- 2025-06-18 Amazon Q Developer : Converted Oracle stored procedure call to PostgreSQL function call -->
<select id="posPpOrdrgMgtDao.savePosPpOrdrgInfo" statementType="CALLABLE" parameterType="map"  resultType="ohMap">
    	{ call sp_sl_po_10_insert(
    				   #{cldrDt,mode=IN,jdbcType=VARCHAR} 
                     , #{busiplCd,mode=IN,jdbcType=VARCHAR}
                     , #{busiplAddr,mode=IN,jdbcType=VARCHAR}
                     , #{addrContact,mode=IN,jdbcType=VARCHAR}
                     , #{ordrgBox,mode=IN,jdbcType=DECIMAL}
                     , #{usrId,mode=IN,jdbcType=VARCHAR}                                                                                                            
                     , #{V_RETURN,mode=OUT,jdbcType=VARCHAR}
                     , #{V_ERRMSG,mode=OUT,jdbcType=VARCHAR}
                     ) 
 		}
	</select>

</mapper>
