<?xml version="1.0" encoding="UTF-8"?>
<!DOCTYPE mapper   PUBLIC "-//mybatis.org//DTD Mapper 3.0//EN" "http://mybatis.org/dtd/mybatis-3-mapper.dtd">
<mapper namespace="posPpTrfctrRqstMgtDao">

<!-- 2025-06-18 Amazon Q Developer : No conversion needed for empty resultMap -->
<resultMap type="ohMap" id="posPpTrfctrRqstMgtDaoprocResult">
	</resultMap>

<!-- 2025-06-18 Amazon Q Developer : Converted Oracle stored procedure call to PostgreSQL function call -->
<select id="posPpTrfctrRqstMgtDao.retrievePosPpTrfctrRqstList" statementType="CALLABLE" parameterType="map"  resultType="ohMap">
    	{ call mro_app.sp_sl_po_20_select(
    				   #{dtYm,mode=IN,jdbcType=VARCHAR} 
                     , #{busiplCd,mode=IN,jdbcType=VARCHAR}                        
                     , #{vCursor,mode=OUT,jdbcType=OTHER, javaType=ResultSet, resultMap=posPpTrfctrRqstMgtDaoprocResult}
                     ) 
 		}
	</select>

<!-- 2025-06-18 Amazon Q Developer : Converted Oracle stored procedure call to PostgreSQL function call -->
<select id="posPpTrfctrRqstMgtDao.retrievePosPpTrfctrRqstDetailList" statementType="CALLABLE" parameterType="map"  resultType="ohMap">
    	{ call mro_app.sp_sl_po_20_select_d(
    				   #{dtYm,mode=IN,jdbcType=VARCHAR} 
                     , #{busiplCd,mode=IN,jdbcType=VARCHAR}                        
                     , #{vCursor,mode=OUT,jdbcType=OTHER, javaType=ResultSet, resultMap=posPpTrfctrRqstMgtDaoprocResult}
                     ) 
 		}
	</select>

<!-- 2025-06-18 Amazon Q Developer : Converted Oracle stored procedure call to PostgreSQL function call -->
<select id="posPpTrfctrRqstMgtDao.savePosPpTrfctrRqstInfo" statementType="CALLABLE" parameterType="map"  resultType="ohMap">
    	{ call mro_app.sp_sl_po_20_insert(
    				   #{ym,mode=IN,jdbcType=VARCHAR} 
                     , #{busiplCd,mode=IN,jdbcType=VARCHAR}
                     , #{seq,mode=IN,jdbcType=DECIMAL}
                     , #{trfctrRqstBox,mode=IN,jdbcType=DECIMAL}
                     , #{busiplCdIn,mode=IN,jdbcType=VARCHAR}
                     , #{flag,mode=IN,jdbcType=VARCHAR}                     
                     , #{usrId,mode=IN,jdbcType=VARCHAR}                                                                                                            
                     , #{V_RETURN,mode=OUT,jdbcType=VARCHAR}
                     , #{V_ERRMSG,mode=OUT,jdbcType=VARCHAR}
                     ) 
 		}
	</select>

</mapper>
