<?xml version="1.0" encoding="UTF-8"?>
<!DOCTYPE mapper   PUBLIC "-//mybatis.org//DTD Mapper 3.0//EN" "http://mybatis.org/dtd/mybatis-3-mapper.dtd">
<mapper namespace="pcmComDao">

<!-- 2025-06-18 Amazon Q Developer : Converted SYSDATE to CURRENT_TIMESTAMP and ROWNUM to LIMIT -->
<!--
		작성일: 2019.09.04
		작성자: 김신성
		설  명: 조직코드로 부서 조회
	-->
<select id="pcmComDao.retrievePcmDeptByOrgn" resultType="ohMap">
 	<![CDATA[
 		${queryId} /* 조직코드로 부서 조회 */ 		
		SELECT CORP_CD          AS CORP_CD  
		      ,RVRT_DEPT_CD     AS DEPT_CD
		      ,RVRT_DEPT_NM     AS DEPT_NM
		FROM (
		        SELECT A.CORP_CD
		              ,A.RVRT_DEPT_CD
		              ,B.RVRT_DEPT_NM
		        FROM   OAS_APP.TB_OHR005 A  	/* [HRS] 조직별CCTR정보 I/F */
		             , OAS_APP.TB_SYS203 B  	/* 코스트센터마스터 (SOA I/F) */
		        WHERE  TO_CHAR(CURRENT_TIMESTAMP,'YYYYMMDD') BETWEEN A.EFTV_ST_DT AND A.EFTV_ED_DT 
		        AND    A.CORP_CD 		= #{corpCd}
		        AND    A.ORGN_CD 		= #{orgnCd}
		        AND    A.CORP_CD 		= B.CORP_CD
		        AND    A.RVRT_DEPT_CD 	= B.RVRT_DEPT_CD
		        ORDER BY RPST_RVRT_DEPT_YN, SEQ DESC
		)
		LIMIT 1
	]]>
	</select>

<!-- 2025-06-18 Amazon Q Developer : Converted NVL to COALESCE and || concatenation to CONCAT -->
<!--
		작성일: 2019.09.04
		작성자: 김신성
		설  명: 상품 목록 조회
	-->
<select id="pcmComDao.retrievePcmGoodList" resultType="ohMap">
 	<![CDATA[
 		${queryId} /* 상품 목록 조회 */
		SELECT '0'                                                                                  AS CHK
		      ,A.GOOD_NO                                                                            AS GOOD_NO          /* 상품번호 */
		      ,A.GOOD_CLSF                                                                          AS GOOD_CLSF        /* 상품분류 */
		      ,A.GOOD_CD                                                                            AS GOOD_CD          /* 상품코드 */
		      ,A.GOOD_NM                                                                            AS GOOD_NM          /* 상품명 */
		      ,A.GOOD_PRC                                                                           AS GOOD_PRC         /* 상품가격(VAT별도) */
		      ,A.GOOD_SZ                                                                            AS GOOD_SZ          /* 상품규격 */
		      ,TO_CHAR(A.USE_ST_DATE,'YYYYMMDD')                                                    AS USE_ST_DATE      /* 사용시작일시 */
		      ,TO_CHAR(A.USE_ED_DATE,'YYYYMMDD')                                                    AS USE_ED_DATE      /* 사용종료일시 */
		      ,COALESCE(A.STR_EXCL_YN,'N')                                                          AS STR_EXCL_YN      /* 점포제외여부 */
		      ,A.GOOD_INFO                                                                          AS GOOD_INFO        /* 상품정보 */
		      ,A.ATCH_FILE_ID                                                                       AS ATCH_FILE_ID     /* 첨부파일ID */
		      ,A.RGTER_ID                                                                           AS RGTER_ID         /* 등록자ID */
		      ,TO_CHAR(A.RGT_DATE, 'YYYY-MM-DD HH24:MI:SS')                                         AS RGT_DATE         /* 등록일시 */
		      ,A.MODER_ID                                                                           AS MODER_ID         /* 수정자ID */
		      ,TO_CHAR(A.MOD_DATE, 'YYYY-MM-DD HH24:MI:SS')                                         AS MOD_DATE         /* 수정일시 */
		      ,(SELECT COM_CD_NM FROM TB_COM001 WHERE GRP_CD = 'PC_TYPE' AND COM_CD = A.GOOD_CLSF)  AS GOOD_CLSF_NM     /* 상품분류명 */
        FROM   TB_PCA001 A 		/* 상품마스터 TABLE */
		WHERE  1=1
	]]>
	<if test="goodNo != null and goodNo !=''">
	    AND A.GOOD_NO   LIKE CONCAT('%', #{goodNo}, '%')			/* 상품번호 */
	</if>	
	<if test="goodCd != null and goodCd !=''">
	    AND A.GOOD_CD   LIKE CONCAT('%', #{goodCd}, '%')			/* 상품코드 */
	</if>	
	<if test="goodNm != null and goodNm !=''">
	    AND A.GOOD_NM   LIKE CONCAT('%', #{goodNm}, '%')			/* 상품명 */
	</if>	
	<![CDATA[
		ORDER BY GOOD_CD, GOOD_NM 
	]]>
	</select>

<!-- 2025-06-18 Amazon Q Developer : Converted || concatenation to CONCAT -->
<!--
		작성일: 2019.09.04
		작성자: 김신성
		설  명: 자산 목록 조회
	-->
<select id="pcmComDao.retrievePcmAsstList" resultType="ohMap">
 	<![CDATA[
 		${queryId} /* 상품 목록 조회 */
		SELECT A.QR_CD                                             AS QR_CD                         /* QR코드 */
		      ,A.CORP_CD                                           AS CORP_CD                       /* 법인코드 */
		      ,A.EMPNO                                             AS EMPNO                         /* 사번 */
		      ,A.ORG_CD                                            AS ORG_CD                        /* 조직코드 */
		      ,A.ASST_NO                                           AS ASST_NO                       /* 자산번호 */
		      ,A.ASST_CLSF_CD                                      AS ASST_CLSF_CD                  /* 자산분류 */
		      ,A.ASST_USE_CD                                       AS ASST_USE_CD                   /* 자산용도 */
		      ,A.REMARK                                            AS REMARK                        /* 비고 */
		      ,A.CFM_USER                                          AS CFM_USER                      /* 승인자 */
		      ,A.CFM_DT                                            AS CFM_DT                        /* 승인일 */
		      ,A.CFM_YN                                            AS CFM_YN                        /* 승인여부 */
		      ,A.ASST_NM                                           AS ASST_NM                       /* 자산명 */
		      ,A.PC_UUID                                           AS PC_UUID                       /* PC고유ID */
	    FROM   TB_ASSET_LIST A                              /* 자산관리테이블 TABLE */
	          ,TB_PCB007     B                              /* 자산정보연계 TABLE */
	    WHERE  A.CORP_CD       = #{corpCd}
	    AND    A.ORG_CD        = #{deptCd}                  /* A.ORG_CD:부서코드가 있음 */
	    AND    A.ASST_CLSF_CD  IN ('1503','1504','1505')    /* 자산분류 */
	    AND    A.ASST_NO       IS NOT NULL                  /* 자산번호가 등록된것만 조회 */
	    AND    A.CORP_CD       = B.BUKRS
	    AND    A.ORG_CD        = B.KOSTL
	    AND    A.ASST_NO       = B.ANLN1
	    AND    B.BVALUE        != '0'
	    AND    B.CNTD_CRT_KEY  = #{cntdCrtKey}              /* 연계생성키(작업용 램덤 연계생성키) */		
	]]>
	<if test="asstNm != null and asstNm !=''">
	    AND A.ASST_NM   LIKE CONCAT('%', #{asstNm}, '%')			/* 상품명 */
	</if>	
	<![CDATA[
		ORDER BY QR_CD, ASST_NO, ASST_NM
	]]>
	</select>

<!-- 2025-06-18 Amazon Q Developer : Converted Oracle stored procedure call to PostgreSQL function call -->
<!--
		작성일: 2019.09.04
		작성자: 김신성
		설  명: 매일발송
	-->
<select id="pcmComDao.saveMailSend" statementType="CALLABLE" parameterType="map"  resultType="ohMap">
	 	${queryId}	/* 매일발송 */
    	{ 
            call ITSM_APP.SP_SEND_MAIL(
                 #{mailHeader       ,mode=IN,jdbcType=VARCHAR}      /* 제목(메일 Header) */
                ,#{mailContent      ,mode=IN,jdbcType=VARCHAR}      /* 메일 Content */
                ,#{sendNm           ,mode=IN,jdbcType=VARCHAR}      /* 메일 발송자 이름 */
                ,#{sendEmail        ,mode=IN,jdbcType=VARCHAR}      /* 메일 발송자 E-Mail */
                ,#{recvNm           ,mode=IN,jdbcType=NUMERIC}      /* 메일 수신자 이름 */
                ,#{recvEmail        ,mode=IN,jdbcType=VARCHAR}      /* 메일 수신자 E-Mail */
                ,#{V_RETURN         ,mode=OUT,jdbcType=VARCHAR}     /* 작업결과 CODE */
                ,#{V_ERRMSG         ,mode=OUT,jdbcType=VARCHAR}     /* 작업결과 메세지 */
              )
 		}
	</select>

<!-- 2025-06-18 Amazon Q Developer : Converted SUBSTR to SUBSTRING and SYSDATE to CURRENT_TIMESTAMP -->
<!--
        작성일: 2019.10.02
        작성자: 김신성
        설  명: 자산정보연계 등록
    -->
<insert id="pcmComDao.insertAsstInfoCntd">
    <![CDATA[
		${queryId}    /* 자산정보연계 등록 */		
		INSERT INTO TB_PCB007              /* 자산정보연계 TABLE */
		(
		     CNTD_CRT_KEY                  /* 연계생성키 */
		    ,BUKRS                         /* 회사코드 */
		    ,YYYYMM                        /* 조회기준월 */
		    ,KOSTL                         /* 부서 */
		    ,ANLKL                         /* 자산클래스 */
		    ,ANLKL_TXT                     /* 자산클래스명 */
		    ,ANLN1                         /* 자산번호 */
		    ,ANLN2                         /* 하위자산번호 */
		    ,ANLN1_TXT                     /* 자산명 */
		    ,TXA50                         /* 비고 */
		    ,KTEXT                         /* 부서명 */
		    ,AKTIV                         /* 취득일자 */
		    ,MENGE                         /* 수량 */
		    ,NDJAR                         /* 내용연수 */
		    ,DEPRATE                       /* 상각률 */
		    ,KANSW                         /* 자산가액 */
		    ,KNAFA                         /* 기초충당금액 */
		    ,NAFAV                         /* 기말충당금액 */
		    ,BVALUE                        /* 장부가액 */
		    ,ORD41                         /* 평가그룹 1 */
		    ,ORDTX                         /* 평가그룹: 간결내역 */
		    ,DEAKT                         /* 비활성화일 */
            ,CALL_GBN                      /* 호출구분(0:화면,1:배치) */		    
		    ,RGTER_ID                      /* 등록자ID */
		    ,RGT_DATE                      /* 등록일시 */		    
		)
		VALUES
		(
		     #{cntdCrtKey}                 /* 연계생성키 */
		    ,#{bukrs}                      /* 회사코드 */
		    ,SUBSTRING(#{yyyymm},1,6)      /* 조회기준월 */
		    ,#{kostl}                      /* 부서 */
		    ,#{anlkl}                      /* 자산클래스 */
		    ,#{anlklTxt}                   /* 자산클래스명 */
		    ,#{anln1}                      /* 자산번호 */
		    ,#{anln2}                      /* 하위자산번호 */
		    ,#{anln1Txt}                   /* 자산명 */
		    ,#{txa50}                      /* 비고 */
		    ,#{ktext}                      /* 부서명 */
		    ,#{aktiv}                      /* 취득일자 */
		    ,#{menge}                      /* 수량 */
		    ,#{ndjar}                      /* 내용연수 */
		    ,#{deprate}                    /* 상각률 */
		    ,#{kansw}                      /* 자산가액 */
		    ,#{knafa}                      /* 기초충당금액 */
		    ,#{nafav}                      /* 기말충당금액 */
		    ,#{bvalue}                     /* 장부가액 */
		    ,#{ord41}                      /* 평가그룹 1 */
		    ,#{ordtx}                      /* 평가그룹: 간결내역 */
		    ,#{deakt}                      /* 비활성화일 */
		    ,'0'                           /* 호출구분(0:화면,1:배치) */
		    ,#{usrId}                      /* 등록자ID */
		    ,CURRENT_TIMESTAMP             /* 등록일시 */		    
		)
    ]]>
    </insert>

<!-- 2025-06-18 Amazon Q Developer : No conversion needed - standard DELETE statement -->
<!--
        작성일: 2019.10.02
        작성자: 김신성
        설  명: 자산정보연계 삭제
    -->
<delete id="pcmComDao.deleteAsstInfoCntd">
    <![CDATA[
        ${queryId} /* 자산정보연계 삭제 */
		DELETE FROM TB_PCB007                            /* 자산정보연계 TABLE */
		WHERE  CNTD_CRT_KEY        = #{cntdCrtKey}            /* 연계생성키 */
    ]]>
    </delete>

<!-- 2025-06-18 Amazon Q Developer : Converted SYSDATE to CURRENT_TIMESTAMP and TO_DATE to TO_TIMESTAMP -->
<!--
		작성일: 2019.09.04
		작성자: 김신성
		설  명: 사용자 부서(겸직) 목록 조회
	-->
<select id="pcmComDao.retrievePcmDeptByEmpList" resultType="ohMap">
 	<![CDATA[
 		${queryId} /* 사용자 부서(겸직) 목록 조회 */
		SELECT A.ORGN_CD               AS ORGN_CD       
		     , A.RVRT_DEPT_CD          AS DEPT_CD
		     , C.RVRT_DEPT_NM          AS DEPT_NM
		FROM   OAS_APP.TB_OHR005 A    /* [HRS] 조직별CCTR정보 I/F */
		     , OAS_APP.VW_OHR002 B 
		     , OAS_APP.TB_SYS203 C    /* 코스트센터마스터 (SOA I/F) */
		WHERE  TO_CHAR(CURRENT_TIMESTAMP,'YYYYMMDD') BETWEEN A.EFTV_ST_DT AND A.EFTV_ED_DT 
		AND    A.CORP_CD       = B.CORP_CD
		AND    A.ORGN_CD       = B.ORGN_CD                   
		AND    B.CORP_CD       = #{corpCd}
		AND    B.EMPNO         = #{empno}            
		AND    TO_TIMESTAMP(TO_CHAR(CURRENT_TIMESTAMP, 'YYYYMMDD'), 'YYYYMMDD') BETWEEN B.EFTV_ST_DT AND B.EFTV_ED_DT     
		AND    A.CORP_CD        = C.CORP_CD
		AND    A.RVRT_DEPT_CD   = C.RVRT_DEPT_CD
		ORDER BY A.RVRT_DEPT_CD      
	]]>
	</select>

<!-- 2025-06-18 Amazon Q Developer : Converted SYSDATE to CURRENT_TIMESTAMP and || concatenation to CONCAT -->
<!--
		작성일: 2019.09.04
		작성자: 김신성
		설  명: 사용자 부서(겸직) 목록 조회
	-->
<select id="pcmComDao.retrievePcmDeptByEmpListA" resultType="ohMap">
 	<![CDATA[
 		${queryId} /* 사용자 부서(겸직) 목록 조회 */
        SELECT A.CORP_CD               AS CORP_CD
              ,A.ORGN_CD               AS ORGN_CD       
              ,A.RVRT_DEPT_CD          AS DEPT_CD
              ,C.RVRT_DEPT_NM          AS DEPT_NM
          FROM OAS_APP.TB_OHR005 A    /* [HRS] 조직별CCTR정보 I/F */
              ,OAS_APP.TB_SYS203 C    /* 코스트센터마스터 (SOA I/F) */
         WHERE TO_CHAR(CURRENT_TIMESTAMP,'YYYYMMDD') BETWEEN A.EFTV_ST_DT AND A.EFTV_ED_DT 
           AND A.CORP_CD = C.CORP_CD
           AND A.RVRT_DEPT_CD   = C.RVRT_DEPT_CD
    ]]>         
        <if test="deptNm != null and deptNm != ''">
           AND (A.RVRT_DEPT_CD LIKE CONCAT('%', #{deptNm}, '%') OR C.RVRT_DEPT_NM LIKE CONCAT('%', #{deptNm}, '%'))
        </if>       
 	<![CDATA[
 	       ORDER BY C.RVRT_DEPT_NM
	]]>
	</select>

</mapper>
