<?xml version="1.0" encoding="UTF-8"?>
<!DOCTYPE mapper   PUBLIC "-//mybatis.org//DTD Mapper 3.0//EN" "http://mybatis.org/dtd/mybatis-3-mapper.dtd">
<mapper namespace="pcmDelvrEntprzMstrDao">

<!-- 2025-06-18 Amazon Q Developer : Converted Oracle SQL to PostgreSQL -->
<!--
        작성일: 2019.10.28
        작성자: 김신성
        설  명: 납품업체마스터 목록 조회
    -->
<select id="pcmDelvrEntprzMstrDao.retrievePcmDelvrEntprzMstrList" resultType="ohMap">
    <![CDATA[
        ${queryId} /* 납품업체마스터 목록 조회 */
		SELECT COM_CD      AS DELVR_ENTPRZ_CD     /* 납품업체코드 */
		      ,COM_CD_NM   AS DELVR_ENTPRZ_NM     /* 납품업체명 */
		FROM   TB_COM001 
		WHERE  GRP_CD = 'SUPPLY_CD'  /* 공통코드:PC_공급사코드 */
		AND    USE_YN = 'Y'
    ]]>

    <![CDATA[
        ORDER BY SORT_SEQC
    ]]>
    </select>

<!-- 2025-06-18 Amazon Q Developer : Converted Oracle SQL to PostgreSQL -->
<!--
        작성일: 2019.10.28
        작성자: 김신성
        설  명: 납품업체마스터 사용자 목록 조회
    -->
<select id="pcmDelvrEntprzMstrDao.retrievePcmDelvrEntprzMstrUsrList" resultType="ohMap">
    <![CDATA[
        ${queryId} /* 납품업체마스터 사용자 목록 조회 */
		SELECT A.DELVR_ENTPRZ_SEQ                                  AS DELVR_ENTPRZ_SEQ              /* 납품업체순번 */
		      ,A.DELVR_ENTPRZ_CD                                   AS DELVR_ENTPRZ_CD               /* 납품업체코드 */
		      ,A.DELVR_ENTPRZ_USR_ID                               AS DELVR_ENTPRZ_USR_ID           /* 납품업체사용자ID */
		      ,A.USE_YN                                            AS USE_YN                        /* 사용여부 */
		      ,A.RGTER_ID                                          AS RGTER_ID                      /* 등록자ID */
		      ,A.RGT_DATE                                          AS RGT_DATE                      /* 등록일시 */
		      ,A.MODER_ID                                          AS MODER_ID                      /* 수정자ID */
		      ,A.MOD_DATE                                          AS MOD_DATE                      /* 수정일시 */
		      
		      ,B.USR_NM                                            AS USR_NM                        /* 사용자명 */
		      ,B.ORGN_CD                                           AS ORGN_CD                       /* 조직코드 */
		      ,B.ORGN_NM                                           AS ORGN_NM                       /* 조직명 */ 
		FROM   TB_PCA003 A                    /* 납품업체마스터 TABLE */
		      ,TB_USR001 B		                                    
		WHERE  A.DELVR_ENTPRZ_CD    = #{delvrEntprzCd}   /* 납품업체순번 */
		AND    A.DELVR_ENTPRZ_USR_ID = B.USR_ID     
    ]]>
    <![CDATA[
        ORDER BY A.DELVR_ENTPRZ_CD, B.USR_NM, A.DELVR_ENTPRZ_USR_ID
    ]]>
    </select>

<!-- 2025-06-18 Amazon Q Developer : Converted Oracle SQL to PostgreSQL -->
<!--
        작성일: 2019.10.28
        작성자: 김신성
        설  명: 납품업체마스터 사용자 조회
    -->
<select id="pcmDelvrEntprzMstrDao.retrievePcmDelvrEntprzMstrUsr" resultType="ohMap">
    <![CDATA[
        ${queryId} /* 납품업체마스터 사용자 목록 조회 */
		SELECT A.DELVR_ENTPRZ_CD                                   AS DELVR_ENTPRZ_CD               /* 납품업체코드 */
		      ,A.DELVR_ENTPRZ_USR_ID                               AS DELVR_ENTPRZ_USR_ID           /* 납품업체사용자ID */
		FROM   TB_PCA003 A                    /* 납품업체마스터 TABLE */
		WHERE  A.DELVR_ENTPRZ_USR_ID    = #{delvrEntprzUsrId}   /* 납품업체사용자ID */
		AND    A.USE_YN = 'Y'
    ]]>
    </select>

<!-- 2025-06-18 Amazon Q Developer : Converted Oracle SQL to PostgreSQL - NVL to COALESCE, SYSDATE to CURRENT_TIMESTAMP -->
<!--
        작성일: 2019.10.28
        작성자: 김신성
        설  명: 납품업체마스터 등록
    -->
<insert id="pcmDelvrEntprzMstrDao.insertPcmDelvrEntprzMstrUsr">
    <selectKey resultType="string" keyProperty="delvrEntprzSeq" order="BEFORE">
        SELECT COALESCE(MAX(DELVR_ENTPRZ_SEQ),0) +1 AS DELVR_ENTPRZ_SEQ
        FROM   TB_PCA003    /* 납품업체마스터TABLE */
    </selectKey>
    <![CDATA[
        ${queryId}    /* 납품업체마스터 등록 */
		INSERT INTO TB_PCA003              /* 납품업체마스터 TABLE */
		(
		     DELVR_ENTPRZ_SEQ              /* 납품업체순번 */
		    ,DELVR_ENTPRZ_CD               /* 납품업체코드 */
		    ,DELVR_ENTPRZ_USR_ID           /* 납품업체사용자ID */
		    ,USE_YN                        /* 사용여부 */
		    ,RGTER_ID                      /* 등록자ID */
		    ,RGT_DATE                      /* 등록일시 */
		    ,MODER_ID                      /* 수정자ID */
		    ,MOD_DATE                      /* 수정일시 */
		)
		VALUES
		(
		     #{delvrEntprzSeq}             /* 납품업체순번 */
		    ,#{delvrEntprzCd}              /* 납품업체코드 */
		    ,#{delvrEntprzUsrId}           /* 납품업체사용자ID */
		    ,COALESCE(#{useYn},'Y')        /* 사용여부 */
		    ,#{usrId}                      /* 등록자ID */
		    ,CURRENT_TIMESTAMP             /* 등록일시 */
		    ,#{usrId}                      /* 수정자ID */
		    ,CURRENT_TIMESTAMP             /* 수정일시 */
		)
    ]]>
    </insert>

<!-- 2025-06-18 Amazon Q Developer : Converted Oracle SQL to PostgreSQL - SYSDATE to CURRENT_TIMESTAMP -->
<!--
        작성일: 2019.10.28
        작성자: 김신성
        설  명: 납품업체마스터 수정
    -->
<update id="pcmDelvrEntprzMstrDao.updatePcmDelvrEntprzMstrUsr">
    <![CDATA[
        ${queryId}    /* 납품업체마스터 수정 */
		UPDATE TB_PCA003 SET                                            /* 납품업체마스터 TABLE */
		       DELVR_ENTPRZ_USR_ID           = #{delvrEntprzUsrId}      /* 납품업체사용자ID */
		      ,USE_YN                        = #{useYn}                 /* 사용여부 */
		      ,MODER_ID                      = #{usrId}                 /* 수정자ID */
		      ,MOD_DATE                      = CURRENT_TIMESTAMP        /* 수정일시 */
		WHERE  DELVR_ENTPRZ_SEQ    = #{delvrEntprzSeq}   /* 납품업체순번 */
    ]]>
    </update>

<!-- 2025-06-18 Amazon Q Developer : Converted Oracle SQL to PostgreSQL -->
<!--
        작성일: 2019.10.28
        작성자: 김신성
        설  명: 납품업체마스터 삭제
    -->
<delete id="pcmDelvrEntprzMstrDao.deletePcmDelvrEntprzMstrUsr">
    <![CDATA[
        ${queryId} /* 납품업체마스터 삭제 */
		DELETE FROM TB_PCA003                            /* 납품업체마스터 TABLE */
		WHERE  DELVR_ENTPRZ_SEQ    = #{delvrEntprzSeq}   /* 납품업체순번 */        
    ]]>
    </delete>

</mapper>
