<?xml version="1.0" encoding="UTF-8"?>
<!DOCTYPE mapper   PUBLIC "-//mybatis.org//DTD Mapper 3.0//EN" "http://mybatis.org/dtd/mybatis-3-mapper.dtd">

<!--
화  면: PC자산관리 > 상품마스터
설  명: 상품마스터를 등록한다.

수정일      수정자  수정내용
==========  ======  ============
2019.09.04  김신성  최초 생성
-->

<mapper namespace="pcmGoodMstrDao">

    <!--
        작성일: 2019.09.04
        작성자: 김신성
        설  명: 상품마스터 목록 조회
    -->
    <select id="pcmGoodMstrDao.retrievePcmGoodMstrList" resultType="ohMap">
    <![CDATA[
		${queryId} /* 상품마스터 목록 조회 */
        SELECT '0'                                               AS CHK
              ,A.GOOD_NO                                         AS GOOD_NO                       /* 상품번호 */
              ,A.GOOD_CLSF                                       AS GOOD_CLSF                     /* 상품분류 */
              ,A.GOOD_CD                                         AS GOOD_CD                       /* 상품코드 */
              ,A.GOOD_NM                                         AS GOOD_NM                       /* 상품명 */
              ,A.GOOD_PRC                                        AS GOOD_PRC                      /* 상품가격(VAT별도) */
              ,A.GOOD_SZ                                         AS GOOD_SZ                       /* 상품규격 */
              ,TO_CHAR(A.USE_ST_DATE,'YYYYMMDD')                 AS USE_ST_DATE                   /* 사용시작일시 */
              ,TO_CHAR(A.USE_ED_DATE,'YYYYMMDD')                 AS USE_ED_DATE                   /* 사용종료일시 */
              ,NVL(A.STR_EXCL_YN,'N')                            AS STR_EXCL_YN                   /* 점포제외여부 */
              ,A.SPLCO_CD                                        AS SPLCO_CD                      /* 공급사코드 */
              ,A.GOOD_INFO                                       AS GOOD_INFO                     /* 상품정보 */
              ,A.ATCH_FILE_ID                                    AS ATCH_FILE_ID                  /* 첨부파일ID */
              ,A.RGTER_ID                                        AS RGTER_ID                      /* 등록자ID */
              ,TO_CHAR(A.RGT_DATE, 'YYYY-MM-DD HH24:MI:SS')      AS RGT_DATE                      /* 등록일시 */
              ,A.MODER_ID                                        AS MODER_ID                      /* 수정자ID */
              ,TO_CHAR(A.MOD_DATE, 'YYYY-MM-DD HH24:MI:SS')      AS MOD_DATE                      /* 수정일시 */
              ,A.ATCH_ESTM_ID								     AS ATCH_ESTM_ID				  /* 견적서ID */
              ,A.DLVR_CST_YN									 AS DLVR_CST_YN					  /* 배송비*/
        FROM   TB_PCA001 A         /* 상품마스터 TABLE */
    ]]>
    <![CDATA[
        ORDER BY GOOD_CLSF,GOOD_CD
    ]]>
    </select>

    <!--
        작성일: 2019.09.04
        작성자: 김신성
        설  명: 상품마스터 삭제 체크 조회
    -->
    <select id="pcmGoodMstrDao.retrievePcmGoodDelCheck" resultType="ohMap">
     <![CDATA[
         ${queryId} /* 상품마스터 삭제 체크 조회 */
        SELECT (SELECT COUNT(1) FROM TB_PCA002 WHERE GOOD_NO = #{goodNo}) AS USR_CNT      /* 상품사용자 TABLE에 존재여부 검사 */
              ,(SELECT COUNT(1) FROM TB_PCB002 WHERE GOOD_NO = #{goodNo}) AS ORDRG_CNT    /* 상품발주상세 TABLE에 존재여부 검사 */
        FROM DUAL
    ]]>
    </select>

    <!--
        작성일: 2019.09.04
        작성자: 김신성
        설  명: 상품마스터 상품번호 MAX 조회
    -->
    <select id="pcmGoodMstrDao.retrievePcmGoodNo" resultType="ohMap">
         <![CDATA[
         ${queryId} /* 상품마스터 상품번호 MAX 조회 */
        SELECT 'MST'|| TO_CHAR( SYSDATE, 'YYYYMMDD') || LPAD(SQ_TB_PCA001_GOOD_NO.NEXTVAL, 7 , '0') AS GOOD_NO FROM DUAL
        ]]>
    </select>

    <!--
        작성일: 2019.09.04
        작성자: 김신성
        설  명: 상품마스터 상세 등록
    -->
    <insert id="pcmGoodMstrDao.insertPcmGoodMstr">
     <![CDATA[
		${queryId}    /* 상품마스터 등록 */
        INSERT INTO TB_PCA001              /* 상품마스터 TABLE */
        (
             GOOD_NO                       /* 상품번호 */
            ,GOOD_CLSF                     /* 상품분류 */
            ,GOOD_CD                       /* 상품코드 */
            ,GOOD_NM                       /* 상품명 */
            ,GOOD_PRC                      /* 상품가격(VAT별도) */
            ,GOOD_SZ                       /* 상품규격 */
            ,USE_ST_DATE                   /* 사용시작일시 */
            ,USE_ED_DATE                   /* 사용종료일시 */
            ,STR_EXCL_YN                   /* 점포제외여부 */
            ,SPLCO_CD                      /* 공급사코드 */
            ,GOOD_INFO                     /* 상품정보 */
            ,ATCH_FILE_ID                  /* 첨부파일ID */
            ,RGTER_ID                      /* 등록자ID */
            ,RGT_DATE                      /* 등록일시 */
            ,MODER_ID                      /* 수정자ID */
            ,MOD_DATE                      /* 수정일시 */
            ,ATCH_ESTM_ID				   /* 견적서ID */
            ,DLVR_CST_YN				   /* 배송비 */
        )
        VALUES
        (
             #{goodNo}                     /* 상품번호 */
            ,#{goodClsf}                   /* 상품분류 */
            ,#{goodCd}                     /* 상품코드 */
            ,#{goodNm}                     /* 상품명 */
            ,#{goodPrc}                    /* 상품가격(VAT별도) */
            ,#{goodSz}                     /* 상품규격 */
            ,#{useStDate}                  /* 사용시작일시 */
            ,#{useEdDate}                  /* 사용종료일시 */
            ,#{strExclYn}                  /* 점포제외여부 */
            ,#{splcoCd}                    /* 공급사코드 */
            ,#{goodInfo}                   /* 상품정보 */
            ,#{atchFileId}                 /* 첨부파일ID */
            ,#{usrId}                      /* 등록자ID */
            ,SYSDATE                       /* 등록일시 */
            ,#{usrId}                      /* 수정자ID */
            ,SYSDATE                       /* 수정일시 */
            ,#{atchEstmId}				   /* 견적서ID */
            ,#{dlvrCstYn}				   /* 배송비 */
        )
    ]]>
    </insert>

    <!--
        작성일: 2019.09.04
        작성자: 김신성
        설  명: 상품마스터 상세 수정
    -->
    <update id="pcmGoodMstrDao.updatePcmGoodMstr">
     <![CDATA[
		${queryId}    /* 상품마스터 수정 */
        UPDATE TB_PCA001 SET                                            /* 상품마스터 TABLE */
               GOOD_CLSF                     = #{goodClsf}              /* 상품분류 */
              ,GOOD_CD                       = #{goodCd}                /* 상품코드 */
              ,GOOD_NM                       = #{goodNm}                /* 상품명 */
              ,GOOD_PRC                      = #{goodPrc}               /* 상품가격(VAT별도) */
              ,GOOD_SZ                       = #{goodSz}                /* 상품규격 */
              ,USE_ST_DATE                   = #{useStDate}             /* 사용시작일시 */
              ,USE_ED_DATE                   = #{useEdDate}             /* 사용종료일시 */
              ,STR_EXCL_YN                   = #{strExclYn}             /* 점포제외여부 */
              ,SPLCO_CD                      = #{splcoCd}               /* 공급사코드 */
              ,GOOD_INFO                     = #{goodInfo}              /* 상품정보 */
              ,ATCH_FILE_ID                  = #{atchFileId}            /* 첨부파일ID */
              ,MODER_ID                      = #{usrId}                 /* 수정자ID */
              ,MOD_DATE                      = SYSDATE                  /* 수정일시 */
              ,ATCH_ESTM_ID					 = #{atchEstmId}			/* 견적서ID */
              ,DLVR_CST_YN					 = #{dlvrCstYn}			    /* 배송비 */
        WHERE  GOOD_NO             = #{goodNo}           /* 상품번호 */
    ]]>
    </update>

    <!--
        작성일: 2019.09.04
        작성자: 김신성
        설  명: 상품마스터 상세 삭제
    -->
    <delete id="pcmGoodMstrDao.deletePcmGoodMstr">
    <![CDATA[
		${queryId} /* 상품마스터 삭제 */
        DELETE FROM TB_PCA001  A                         /* 상품마스터 TABLE */
        WHERE  GOOD_NO             = #{goodNo}           /* 상품번호 */
        AND    NOT EXISTS (                              /* 상품사용자 TABLE에 존재여부 검사 */
                              SELECT 1
                              FROM   TB_PCA002 B         /* 상품사용자 TABLE */
                              WHERE  B.GOOD_NO  = A.GOOD_NO
                          )
        AND    NOT EXISTS (                              /* 상품발주상세 TABLE에 존재여부 */
                              SELECT 1
                              FROM   TB_PCB002 B         /* 상품발주상세 TABLE */
                              WHERE  B.GOOD_NO  = A.GOOD_NO
                          )
    ]]>
    </delete>

    <!--
        작성일: 2019.09.04
        작성자: 김신성
        설  명: 상품사용자 목록 조회
    -->
    <select id="pcmGoodMstrDao.retrievePcmGoodUsrList" resultType="ohMap">
	<![CDATA[
        ${queryId}    /*  상품사용자 목록 조회 */
        SELECT A.GOOD_NO                                                                                                                 AS GOOD_NO            /* 상품번호 */
              ,A.SEQ                                                                                                                     AS SEQ                /* 순번 */
              ,A.GOOD_USR_CORP_CD                                                                                                        AS GOOD_USR_CORP_CD   /* 사용자법인코드 */
              ,A.GOOD_USR_DEPT_CD                                                                                                        AS GOOD_USR_DEPT_CD   /* 사용자부서코드 */
              ,A.GOOD_USR_ID                                                                                                             AS GOOD_USR_ID        /* 사용자ID */
              ,TO_CHAR(A.USE_ST_DATE,'YYYYMMDD')                                                                                         AS USE_ST_DATE        /* 사용시작일시 */
              ,TO_CHAR(A.USE_ED_DATE,'YYYYMMDD')                                                                                         AS USE_ED_DATE        /* 사용종료일시 */
              ,A.RGTER_ID                                                                                                                AS RGTER_ID           /* 등록자ID */
              ,TO_CHAR(A.RGT_DATE, 'YYYY-MM-DD HH24:MI:SS')                                                                              AS RGT_DATE           /* 등록일시 */
              ,A.MODER_ID                                                                                                                AS MODER_ID           /* 수정자ID */
              ,TO_CHAR(A.MOD_DATE, 'YYYY-MM-DD HH24:MI:SS')                                                                              AS MOD_DATE           /* 수정일시 */
              ,(SELECT USR_NM  FROM TB_USR001 T1  WHERE T1.EMPNO = A.GOOD_USR_ID AND ROWNUM = 1)                                         AS GOOD_USR_NM        /* 사용자명 */
              ,(SELECT RVRT_DEPT_NM  FROM OAS_APP.TB_SYS203 WHERE CORP_CD = A.GOOD_USR_CORP_CD AND RVRT_DEPT_CD  = A.GOOD_USR_DEPT_CD)   AS GOOD_USR_DEPT_NM   /* 사용자부서명 */

              ,NVL((SELECT USR_NM FROM TB_USR001 T1  WHERE T1.EMPNO = A.RGTER_ID AND ROWNUM = 1),' ')                                    AS RGTER_NM           /* 등록자명 */
        FROM   TB_PCA002 A                               /* 상품사용자지정 TABLE */
        WHERE  GOOD_NO             = #{goodNo}           /* 상품번호 */
        ORDER BY SEQ
    ]]>
    </select>

    <!--
        작성일: 2019.09.04
        작성자: 김신성
        설  명: 상품사용자 등록
    -->
    <insert id="pcmGoodMstrDao.insertPcmGoodUsr">
    <selectKey keyProperty="seq" resultType="String" order="BEFORE">
    <![CDATA[
        SELECT NVL(
                     (
	                      SELECT MAX(SEQ)
	                      FROM   TB_PCA002           /* 상품사용자지정 TABLE */
	                      WHERE  GOOD_NO = #{goodNo}
                     ),0
                ) + 1  AS SEQ
        FROM DUAL
	]]>
    </selectKey>

    <![CDATA[
        ${queryId}    /* 상품사용자 등록 */
        INSERT INTO TB_PCA002              /* 상품사용자지정 TABLE */
        (
             GOOD_NO                       /* 상품번호 */
            ,SEQ                           /* 순번 */
            ,GOOD_USR_CORP_CD              /* 상품사용자법인코드 */
            ,GOOD_USR_DEPT_CD              /* 상품사용자부서코드 */
            ,GOOD_USR_ID                   /* 상품사용자ID */
            ,USE_ST_DATE                   /* 사용시작일시 */
            ,USE_ED_DATE                   /* 사용종료일시 */
            ,RGTER_ID                      /* 등록자ID */
            ,RGT_DATE                      /* 등록일시 */
            ,MODER_ID                      /* 수정자ID */
            ,MOD_DATE                      /* 수정일시 */
        )
        VALUES
        (
             #{goodNo}                     /* 상품번호 */
            ,#{seq}                        /* 순번 */
            ,#{goodUsrCorpCd}              /* 상품사용자법인코드 */
            ,#{goodUsrDeptCd}              /* 상품사용자부서코드 */
            ,#{goodUsrId}                  /* 상품사용자ID */
            ,#{useStDate}                  /* 사용시작일시 */
            ,#{useEdDate}                  /* 사용종료일시 */
            ,#{usrId}                      /* 등록자ID */
            ,SYSDATE                       /* 등록일시 */
            ,#{usrId}                      /* 수정자ID */
            ,SYSDATE                       /* 수정일시 */
        )
    ]]>
    </insert>

    <!--
        작성일: 2019.09.04
        작성자: 김신성
        설  명: 상품사용자 수정
    -->
    <update id="pcmGoodMstrDao.updatePcmGoodUsr">
    <![CDATA[
        ${queryId}    /* 상품사용자 수정 */
        UPDATE TB_PCA002 SET                                            /* 상품사용자지정 TABLE */
               GOOD_USR_CORP_CD              = #{goodUsrCorpCd}         /* 상품사용자법인코드 */
              ,GOOD_USR_DEPT_CD              = #{goodUsrDeptCd}         /* 상품사용자부서코드 */
              ,GOOD_USR_ID                   = #{goodUsrId}             /* 상품사용자ID */
              ,USE_ST_DATE                   = #{useStDate}             /* 사용시작일시 */
              ,USE_ED_DATE                   = #{useEdDate}             /* 사용종료일시 */
              ,MODER_ID                      = #{usrId}                 /* 수정자ID */
              ,MOD_DATE                      = SYSDATE                  /* 수정일시 */
        WHERE  GOOD_NO             = #{goodNo}           /* 상품번호 */
        AND    SEQ                 = #{seq}              /* 순번 */
    ]]>
    </update>

    <!--
        작성일: 2019.09.04
        작성자: 김신성
        설  명: 상품사용자 삭제
    -->
    <delete id="pcmGoodMstrDao.deletePcmGoodUsr">
    <![CDATA[
         ${queryId}    /* 상품사용자 삭제 */
        DELETE FROM TB_PCA002                            /* 상품사용자지정 TABLE */
        WHERE  GOOD_NO             = #{goodNo}           /* 상품번호 */
        AND    SEQ                 = #{seq}              /* 순번 */
    ]]>
    </delete>

</mapper>
