<?xml version="1.0" encoding="UTF-8"?>
<!DOCTYPE mapper   PUBLIC "-//mybatis.org//DTD Mapper 3.0//EN" "http://mybatis.org/dtd/mybatis-3-mapper.dtd">
<mapper namespace="authMenuMgtDao">

	<!-- 2025-06-18 Amazon Q Developer : Converted DECODE to CASE WHEN -->
<select id="authMenuMgtDao.retrieveAuthMenuMgtList" resultType="ohMap">		
 		<![CDATA[
 		${queryId}
			SELECT '0' AS CHK
			      ,AUTH_ID
				  ,AUTH_NM
				  ,AUTH_EXPLN
				  ,CASE WHEN USE_YN='Y' THEN 1 ELSE 0 END AS USE_YN
			  FROM TB_SYS003
			 WHERE 1=1
		]]>
		<if test="authId != null and authId !=''">
		       AND AUTH_ID = #{authId}
		</if>		
		<if test="authNm != null and authNm !=''">
		       AND AUTH_NM like '%'|| #{authNm} || '%'
		</if>
		<![CDATA[
			 ORDER BY AUTH_ID
		]]>
	</select>

	<!-- 2025-06-18 Amazon Q Developer : Converted hierarchical query to WITH RECURSIVE, NVL to COALESCE, DECODE to CASE WHEN -->
<select id="authMenuMgtDao.retrieveAuthMenuMgtListTree" resultType="ohMap">		
 		<![CDATA[
 		${queryId}
		WITH RECURSIVE menu_tree AS (
			-- Base case: root nodes
			SELECT 1 AS LEVEL,
				   a.MENU_ID,
				   a.MENU_NM,
				   a.hrnk_menu_id,
				   a.SORT_SEQC
			FROM TB_SYS002 a 
			WHERE a.hrnk_menu_id IS NULL
			
			UNION ALL
			
			-- Recursive case: child nodes
			SELECT mt.LEVEL + 1,
				   a.MENU_ID,
				   a.MENU_NM,
				   a.hrnk_menu_id,
				   a.SORT_SEQC
			FROM TB_SYS002 a
			INNER JOIN menu_tree mt ON a.hrnk_menu_id = mt.MENU_ID
		)
		SELECT '0' AS CHK
		      ,mt.LEVEL
			  ,mt.MENU_ID
			  ,COALESCE((SELECT AUTH_ID FROM TB_SYS004 b WHERE b.menu_id = mt.menu_id AND b.auth_id = #{authId}),#{authId}) AUTH_ID
			  ,mt.MENU_NM
			  ,CASE WHEN (SELECT use_yn FROM TB_SYS004 b WHERE b.menu_id = mt.menu_id AND b.auth_id = #{authId}) = 'Y' THEN '1' ELSE '0' END use_yn
			  ,CASE WHEN (SELECT anew_btn_auth_yn FROM TB_SYS004 b WHERE b.menu_id = mt.menu_id AND b.auth_id = #{authId}) = 'Y' THEN '1' ELSE '0' END anew_btn_auth_yn
			  ,CASE WHEN (SELECT inqry_btn_auth_yn FROM TB_SYS004 b WHERE b.menu_id = mt.menu_id AND b.auth_id = #{authId}) = 'Y' THEN '1' ELSE '0' END inqry_btn_auth_yn
			  ,CASE WHEN (SELECT stor_btn_auth_yn FROM TB_SYS004 b WHERE b.menu_id = mt.menu_id AND b.auth_id = #{authId}) = 'Y' THEN '1' ELSE '0' END stor_btn_auth_yn
			  ,CASE WHEN (SELECT del_btn_auth_yn FROM TB_SYS004 b WHERE b.menu_id = mt.menu_id AND b.auth_id = #{authId}) = 'Y' THEN '1' ELSE '0' END del_btn_auth_yn
			  ,CASE WHEN (SELECT outpt_btn_auth_yn FROM TB_SYS004 b WHERE b.menu_id = mt.menu_id AND b.auth_id = #{authId}) = 'Y' THEN '1' ELSE '0' END outpt_btn_auth_yn
			  ,CASE WHEN (SELECT xls_btn_auth_yn FROM TB_SYS004 b WHERE b.menu_id = mt.menu_id AND b.auth_id = #{authId}) = 'Y' THEN '1' ELSE '0' END xls_btn_auth_yn  
		  	  ,CASE WHEN (SELECT max(btn_id) FROM TB_SYS006 c WHERE c.MENU_ID = mt.menu_id) IS NULL THEN '0' ELSE '1' END sprtly_btn_auth_yn
		  FROM menu_tree mt
		 WHERE 1=1 -- a.USE_YN = 'Y'
		 ORDER BY mt.LEVEL, mt.SORT_SEQC
		]]>
	</select>

	<!-- 2025-06-18 Amazon Q Developer : No conversion needed - standard SQL -->
<select id="authMenuMgtDao.retrieveAuthMenuMgt" resultType="ohMap">		
 		<![CDATA[	
 			${queryId}
			SELECT AUTH_ID
				  ,MENU_ID
				  ,MENU_ACCS_AUTH_YN
				  ,ANEW_BTN_AUTH_YN
				  ,INQRY_BTN_AUTH_YN
				  ,STOR_BTN_AUTH_YN
				  ,DEL_BTN_AUTH_YN
				  ,OUTPT_BTN_AUTH_YN
				  ,XLS_BTN_AUTH_YN
				  ,USE_YN
			 FROM TB_SYS004
			WHERE AUTH_ID = #{authId}
			  AND MENU_ID = #{menuId}
		]]>
	</select>

	<!-- 2025-06-18 Amazon Q Developer : Converted DECODE to CASE WHEN, SYSDATE to CURRENT_TIMESTAMP -->
<insert id="authMenuMgtDao.insertAuthMgt">   		
        <![CDATA[
   ${queryId}
		  	INSERT INTO TB_SYS003
				  (AUTH_ID
				  ,AUTH_NM
				  ,AUTH_EXPLN
				  ,USE_YN
				  ,RGTER_ID
				  ,RGT_DATE
				  ,MODER_ID
				  ,MOD_DATE)
				values
				  (#{authId}
				  ,#{authNm}
				  ,#{authExpln}
				  ,CASE WHEN #{useYn}=1 THEN 'Y' ELSE 'N' END
				  ,#{usrId}
				  ,CURRENT_TIMESTAMP
				  ,#{usrId}
				  ,CURRENT_TIMESTAMP)
        ]]>
    </insert>

	<!-- 2025-06-18 Amazon Q Developer : Converted DECODE to CASE WHEN, SYSDATE to CURRENT_TIMESTAMP -->
<update id="authMenuMgtDao.updateAuthMgt">   		
        <![CDATA[
       ${queryId}
			UPDATE TB_SYS003
			   SET AUTH_NM	  	= #{authNm}
				  ,AUTH_EXPLN	= #{authExpln}
				  ,USE_YN	  	= CASE WHEN #{useYn}=1 THEN 'Y' ELSE 'N' END
		          ,MODER_ID	    = #{usrId}
		          ,MOD_DATE	    = CURRENT_TIMESTAMP
			 WHERE AUTH_ID = #{authId}
        ]]>
    </update>

	<!-- 2025-06-18 Amazon Q Developer : Converted multiple DECODE to CASE WHEN, SYSDATE to CURRENT_TIMESTAMP -->
<insert id="authMenuMgtDao.insertAuthMenuMgt">   		
        <![CDATA[
       ${queryId}
		  	INSERT into TB_SYS004
				  (AUTH_ID
				  ,MENU_ID
				  ,MENU_ACCS_AUTH_YN
				  ,ANEW_BTN_AUTH_YN
				  ,INQRY_BTN_AUTH_YN
				  ,STOR_BTN_AUTH_YN
				  ,DEL_BTN_AUTH_YN
				  ,OUTPT_BTN_AUTH_YN
				  ,XLS_BTN_AUTH_YN
				  ,USE_YN
				  ,RGTER_ID
				  ,RGT_DATE
				  ,MODER_ID
				  ,MOD_DATE)
			VALUES
			      (#{authId}
			      ,#{menuId}
			      ,CASE WHEN #{useYn}=1 THEN 'Y' ELSE 'N' END
			      ,CASE WHEN #{anewBtnAuthYn}=1 THEN 'Y' ELSE 'N' END
			      ,CASE WHEN #{inqryBtnAuthYn}=1 THEN 'Y' ELSE 'N' END
			      ,CASE WHEN #{storBtnAuthYn}=1 THEN 'Y' ELSE 'N' END
			      ,CASE WHEN #{delBtnAuthYn}=1 THEN 'Y' ELSE 'N' END
			      ,CASE WHEN #{outptBtnAuthYn}=1 THEN 'Y' ELSE 'N' END
			      ,CASE WHEN #{xlsBtnAuthYn}=1 THEN 'Y' ELSE 'N' END
			      ,CASE WHEN #{useYn}=1 THEN 'Y' ELSE 'N' END
			      ,#{usrId}
			      ,CURRENT_TIMESTAMP
			      ,#{usrId}
			      ,CURRENT_TIMESTAMP)
        ]]>
    </insert>

	<!-- 2025-06-18 Amazon Q Developer : Converted multiple DECODE to CASE WHEN, SYSDATE to CURRENT_TIMESTAMP -->
<update id="authMenuMgtDao.updateAuthMenuMgt">   		
        <![CDATA[
      ${queryId}
			UPDATE TB_SYS004
			   SET MENU_ACCS_AUTH_YN        = CASE WHEN #{useYn}=1 THEN 'Y' ELSE 'N' END
			      ,ANEW_BTN_AUTH_YN	 		= CASE WHEN #{anewBtnAuthYn}=1 THEN 'Y' ELSE 'N' END
			      ,INQRY_BTN_AUTH_YN	  	= CASE WHEN #{inqryBtnAuthYn}=1 THEN 'Y' ELSE 'N' END
			      ,STOR_BTN_AUTH_YN	  		= CASE WHEN #{storBtnAuthYn}=1 THEN 'Y' ELSE 'N' END
			      ,DEL_BTN_AUTH_YN	 		= CASE WHEN #{delBtnAuthYn}=1 THEN 'Y' ELSE 'N' END
			      ,OUTPT_BTN_AUTH_YN	  	= CASE WHEN #{outptBtnAuthYn}=1 THEN 'Y' ELSE 'N' END
			      ,XLS_BTN_AUTH_YN	 		= CASE WHEN #{xlsBtnAuthYn}=1 THEN 'Y' ELSE 'N' END
			      ,USE_YN	  				= CASE WHEN #{useYn}=1 THEN 'Y' ELSE 'N' END
		          ,MODER_ID	  				= #{usrId}
		          ,MOD_DATE	 				= CURRENT_TIMESTAMP
			 WHERE AUTH_ID = #{authId}
			   AND MENU_ID = #{menuId}
        ]]>
    </update>

</mapper>
