<?xml version="1.0" encoding="UTF-8"?>
<!DOCTYPE mapper   PUBLIC "-//mybatis.org//DTD Mapper 3.0//EN" "http://mybatis.org/dtd/mybatis-3-mapper.dtd">

<mapper namespace="authMenuMgtDao">

	<select id="authMenuMgtDao.retrieveAuthMenuMgtList" resultType="ohMap">		
 		<![CDATA[
 		${queryId}
			SELECT '0' AS CHK
			      ,AUTH_ID
				  ,AUTH_NM
				  ,AUTH_EXPLN
				  ,DECODE(USE_YN,'Y',1,0) AS USE_YN
			  FROM TB_SYS003
			 WHERE 1=1
		]]>
		<if test="authId != null and authId !=''">
		       AND AUTH_ID = #{authId}
		</if>		
		<if test="authNm != null and authNm !=''">
		       AND AUTH_NM like '%'|| #{authNm} || '%'
		</if>
		<![CDATA[
			 ORDER BY AUTH_ID
		]]>
	</select>
	
	<select id="authMenuMgtDao.retrieveAuthMenuMgtListTree" resultType="ohMap">		
 		<![CDATA[
 		${queryId}
			SELECT '0' AS CHK
			      ,LEVEL
				  ,a.MENU_ID
				  ,NVL((SELECT AUTH_ID FROM TB_SYS004 b WHERE b.menu_id = a.menu_id AND b.auth_id = #{authId}),#{authId}) AUTH_ID
				  ,a.MENU_NM
				  ,DECODE((SELECT use_yn FROM TB_SYS004 b WHERE b.menu_id = a.menu_id AND b.auth_id = #{authId}), 'Y', '1','0') use_yn
				  ,DECODE((SELECT anew_btn_auth_yn FROM TB_SYS004 b WHERE b.menu_id = a.menu_id AND b.auth_id = #{authId}), 'Y', '1','0') anew_btn_auth_yn
				  ,DECODE((SELECT inqry_btn_auth_yn FROM TB_SYS004 b WHERE b.menu_id = a.menu_id AND b.auth_id = #{authId}), 'Y', '1','0') inqry_btn_auth_yn
				  ,DECODE((SELECT stor_btn_auth_yn FROM TB_SYS004 b WHERE b.menu_id = a.menu_id AND b.auth_id = #{authId}), 'Y', '1','0') stor_btn_auth_yn
				  ,DECODE((SELECT del_btn_auth_yn FROM TB_SYS004 b WHERE b.menu_id = a.menu_id AND b.auth_id = #{authId}), 'Y', '1','0') del_btn_auth_yn
				  ,DECODE((SELECT outpt_btn_auth_yn FROM TB_SYS004 b WHERE b.menu_id = a.menu_id AND b.auth_id = #{authId}), 'Y', '1','0') outpt_btn_auth_yn
				  ,DECODE((SELECT xls_btn_auth_yn FROM TB_SYS004 b WHERE b.menu_id = a.menu_id AND b.auth_id = #{authId}), 'Y', '1','0') xls_btn_auth_yn  
			  	  ,DECODE((SELECT max(btn_id) FROM TB_SYS006 c WHERE c.MENU_ID = a.menu_id),NULL,'0','1') sprtly_btn_auth_yn
			  FROM TB_SYS002 a 
			 WHERE 1=1 -- a.USE_YN = 'Y'
		    START WITH a.hrnk_menu_id IS NULL
			connect by prior a.menu_id = a.hrnk_menu_id
			order siblings by a.SORT_SEQC
		]]>
	</select>
	
	<select id="authMenuMgtDao.retrieveAuthMenuMgt" resultType="ohMap">		
 		<![CDATA[	
 			${queryId}
			SELECT AUTH_ID
				  ,MENU_ID
				  ,MENU_ACCS_AUTH_YN
				  ,ANEW_BTN_AUTH_YN
				  ,INQRY_BTN_AUTH_YN
				  ,STOR_BTN_AUTH_YN
				  ,DEL_BTN_AUTH_YN
				  ,OUTPT_BTN_AUTH_YN
				  ,XLS_BTN_AUTH_YN
				  ,USE_YN
			 FROM TB_SYS004
			WHERE AUTH_ID = #{authId}
			  AND MENU_ID = #{menuId}
		]]>
	</select>
	
	<insert id="authMenuMgtDao.insertAuthMgt">   		
        <![CDATA[
   ${queryId}
		  	INSERT INTO TB_SYS003
				  (AUTH_ID
				  ,AUTH_NM
				  ,AUTH_EXPLN
				  ,USE_YN
				  ,RGTER_ID
				  ,RGT_DATE
				  ,MODER_ID
				  ,MOD_DATE)
				values
				  (#{authId}
				  ,#{authNm}
				  ,#{authExpln}
				  ,DECODE(#{useYn},1,'Y','N')
				  ,#{usrId}
				  ,sysdate
				  ,#{usrId}
				  ,sysdate)
        ]]>
    </insert>    
    
    <update id="authMenuMgtDao.updateAuthMgt">   		
        <![CDATA[
       ${queryId}
			UPDATE TB_SYS003
			   SET AUTH_NM	  	= #{authNm}
				  ,AUTH_EXPLN	= #{authExpln}
				  ,USE_YN	  	= DECODE(#{useYn},1,'Y','N')
		          ,MODER_ID	    = #{usrId}
		          ,MOD_DATE	    = sysdate
			 WHERE AUTH_ID = #{authId}
        ]]>
    </update> 
    
	
	<insert id="authMenuMgtDao.insertAuthMenuMgt">   		
        <![CDATA[
       ${queryId}
		  	INSERT into TB_SYS004
				  (AUTH_ID
				  ,MENU_ID
				  ,MENU_ACCS_AUTH_YN
				  ,ANEW_BTN_AUTH_YN
				  ,INQRY_BTN_AUTH_YN
				  ,STOR_BTN_AUTH_YN
				  ,DEL_BTN_AUTH_YN
				  ,OUTPT_BTN_AUTH_YN
				  ,XLS_BTN_AUTH_YN
				  ,USE_YN
				  ,RGTER_ID
				  ,RGT_DATE
				  ,MODER_ID
				  ,MOD_DATE)
			VALUES
			      (#{authId}
			      ,#{menuId}
			      ,DECODE(#{useYn},1,'Y','N')
			      ,DECODE(#{anewBtnAuthYn},1,'Y','N')
			      ,DECODE(#{inqryBtnAuthYn},1,'Y','N')
			      ,DECODE(#{storBtnAuthYn},1,'Y','N')
			      ,DECODE(#{delBtnAuthYn},1,'Y','N')
			      ,DECODE(#{outptBtnAuthYn},1,'Y','N')
			      ,DECODE(#{xlsBtnAuthYn},1,'Y','N')
			      ,DECODE(#{useYn},1,'Y','N')
			      ,#{usrId}
			      ,sysdate
			      ,#{usrId}
			      ,sysdate)
        ]]>
    </insert>    
    
    <update id="authMenuMgtDao.updateAuthMenuMgt">   		
        <![CDATA[
      ${queryId}
			UPDATE TB_SYS004
			   SET MENU_ACCS_AUTH_YN        = DECODE(#{useYn},1,'Y','N')
			      ,ANEW_BTN_AUTH_YN	 		= DECODE(#{anewBtnAuthYn},1,'Y','N')
			      ,INQRY_BTN_AUTH_YN	  	= DECODE(#{inqryBtnAuthYn},1,'Y','N')
			      ,STOR_BTN_AUTH_YN	  		= DECODE(#{storBtnAuthYn},1,'Y','N')
			      ,DEL_BTN_AUTH_YN	 		= DECODE(#{delBtnAuthYn},1,'Y','N')
			      ,OUTPT_BTN_AUTH_YN	  	= DECODE(#{outptBtnAuthYn},1,'Y','N')
			      ,XLS_BTN_AUTH_YN	 		= DECODE(#{xlsBtnAuthYn},1,'Y','N')
			      ,USE_YN	  				= DECODE(#{useYn},1,'Y','N')
		          ,MODER_ID	  				= #{usrId}
		          ,MOD_DATE	 				= sysdate
			 WHERE AUTH_ID = #{authId}
			   AND MENU_ID = #{menuId}
        ]]>
    </update> 

</mapper>
