<?xml version="1.0" encoding="UTF-8"?>
<!DOCTYPE mapper   PUBLIC "-//mybatis.org//DTD Mapper 3.0//EN" "http://mybatis.org/dtd/mybatis-3-mapper.dtd">
<mapper namespace="closeAccDrdlvrGoodMgtDao">

	<!-- 2025-06-18 Amazon Q Developer : No Oracle-specific features found, preserved original query -->
	<select id="closeAccDrdlvrGoodMgtDao.retrieveList" resultType="ohMap">		
 		<![CDATA[ 	
 		${queryId}
			SELECT '0' AS CHK
				, A.CORP_CD
				, A.GOOD_CD
				, A.GOOD_CD AS GOOD_NM
				, A.CATE_CD
				, A.CATE_CD AS CATE_NM
				, A.ACC_GRP_CD
				, A.ACC_GRP_CD AS ACC_GRP_NM
				
				, 'Y' AS APLY_YN
				, '' AS APLY_DT
				
				, A.RGTER_ID
				, A.RGT_DATE
				, A.MODER_ID
				, A.MOD_DATE
			FROM TB_MMS003 A
			ORDER BY A.CORP_CD, A.GOOD_CD, A.CATE_CD, A.ACC_GRP_CD
		]]>	
	</select>

	<!-- 2025-06-18 Amazon Q Developer : Converted SYSDATE to CURRENT_TIMESTAMP for PostgreSQL compatibility -->
	<insert id="closeAccDrdlvrGoodMgtDao.insertCloseAccDrdlvrGoodMgt">
 		<![CDATA[ 	
 		${queryId}
		INSERT INTO TB_MMS003   
		 (
			CORP_CD
			, GOOD_CD
			, CATE_CD
			, ACC_GRP_CD
			, RGTER_ID
			, RGT_DATE
			, MODER_ID
			, MOD_DATE
		  )
		VALUES 
		 (
			#{corpCd}
			, #{goodCd}
			, #{cateCd}
			, #{accGrpCd}
			, #{usrId}
			, CURRENT_TIMESTAMP
			, #{usrId}
			, CURRENT_TIMESTAMP
		 )
	]]>
	</insert>

	<!-- 2025-06-18 Amazon Q Developer : Converted SYSDATE to CURRENT_TIMESTAMP for PostgreSQL compatibility -->
	<update id="closeAccDrdlvrGoodMgtDao.updateCloseAccDrdlvrGoodMgt">
 		<![CDATA[ 	
 		${queryId}
			UPDATE TB_MMS003 A
			SET 	CATE_CD 	= #{cateCd}
		    	  , ACC_GRP_CD 	= #{accGrpCd}
			      
			      , MODER_ID 	= #{usrId}
			      , MOD_DATE 	= CURRENT_TIMESTAMP
			WHERE CORP_CD		= #{corpCd}
			  AND GOOD_CD		= #{goodCd}
        ]]>
	</update>

	<!-- 2025-06-18 Amazon Q Developer : No Oracle-specific features found, preserved original query -->
	<delete id="closeAccDrdlvrGoodMgtDao.deleteCloseAccDrdlvrGoodMgt">
 		<![CDATA[ 	
 		${queryId}
			DELETE TB_MMS003 A
			WHERE CORP_CD		= #{corpCd}
			  AND GOOD_CD		= #{goodCd}
        ]]>
	</delete>

</mapper>
