<?xml version="1.0" encoding="UTF-8"?>
<!DOCTYPE mapper   PUBLIC "-//mybatis.org//DTD Mapper 3.0//EN" "http://mybatis.org/dtd/mybatis-3-mapper.dtd">

<mapper namespace="sprtlyBtnAuthYnDao">

	<select id="sprtlyBtnAuthYnDao.retrieveSprtlyBtnAuthYnList" resultType="ohMap">		
 		<![CDATA[
 		${queryId}
			SELECT '0' AS CHK
			      ,#{authId} AS AUTH_ID 
				  ,a.MENU_ID
			      ,a.BTN_ID
			      ,(SELECT c.COM_CD_NM 
			          FROM TB_COM001 c 
			         WHERE c.GRP_CD = 'SY003' 
			           AND c.USE_YN = 'Y' 
			           AND COM_CD = a.BTN_ID) AS BTN_NM
			      ,DECODE(b.auth_yn,'Y','1','0') AS auth_yn
			      ,a.USE_YN		
			  FROM TB_SYS006 a,  TB_SYS007 b		
			 WHERE a.use_yn = 'Y'		
			   AND a.MENU_ID = b.MENU_ID(+)		
			   AND a.BTN_ID = b.BTN_ID(+)		
			   AND b.AUTH_ID(+) = #{authId}		
			   AND a.MENU_ID = #{menuId}		

		]]>
	</select>
	
	<select id="sprtlyBtnAuthYnDao.retrieveSprtlyBtnAuthYn" resultType="ohMap">		
 		<![CDATA[
 		${queryId}
			SELECT a.AUTH_ID 
				  ,a.MENU_ID
			      ,a.BTN_ID
			      ,a.auth_yn
			      ,a.USE_YN		
			  FROM  TB_SYS007 a	
			 WHERE a.use_yn = 'Y'	
			   AND a.AUTH_ID(+) = #{authId}		
			   AND a.MENU_ID = #{menuId}	
			   AND a.BTN_ID = #{btnId}	

		]]>
	</select>
	
	
	<insert id="sprtlyBtnAuthYnDao.insertSprtlyBtnAuthYn">   		
        <![CDATA[
       ${queryId}
		 INSERT INTO TB_SYS007
  			   (auth_id
  			   , menu_id
  			   , btn_id
  			   , auth_yn
  			   , use_yn
  			   , rgter_id
  			   , rgt_date
  			   , moder_id
  			   , mod_date)
		 VALUES
  			   (#{authId}
  			   ,#{menuId}
  			   ,#{btnId}
  			   ,DECODE(#{authYn},'1','Y','N')
  			   ,#{useYn}
  			   ,#{usrId}
  			   ,SYSDATE
  			   ,#{usrId}
  			   ,SYSDATE)

        ]]>
    </insert>    
    
    <update id="sprtlyBtnAuthYnDao.updateSprtlyBtnAuthYn">   		
        <![CDATA[
${queryId}
			UPDATE TB_SYS007
			   SET auth_yn= DECODE(#{authYn},'1','Y','N')
				  ,use_yn= #{useYn}
				  ,moder_id= #{usrId}
				  ,mod_date= SYSDATE
			 WHERE auth_id= #{authId}
			   AND menu_id= #{menuId}
			   AND btn_id= #{btnId}
        ]]>
    </update> 
    


</mapper>
