<?xml version="1.0" encoding="UTF-8"?>
<!DOCTYPE mapper   PUBLIC "-//mybatis.org//DTD Mapper 3.0//EN" "http://mybatis.org/dtd/mybatis-3-mapper.dtd">
<mapper namespace="sprtlyBtnAuthYnDao">

	<!-- 2025-06-18 Amazon Q Developer : Converted DECODE to CASE WHEN and Oracle outer join to LEFT JOIN -->
<select id="sprtlyBtnAuthYnDao.retrieveSprtlyBtnAuthYnList" resultType="ohMap">		
 		<![CDATA[
 		${queryId}
			SELECT '0' AS CHK
			      ,#{authId} AS AUTH_ID 
				  ,a.MENU_ID
			      ,a.BTN_ID
			      ,(SELECT c.COM_CD_NM 
			          FROM TB_COM001 c 
			         WHERE c.GRP_CD = 'SY003' 
			           AND c.USE_YN = 'Y' 
			           AND COM_CD = a.BTN_ID) AS BTN_NM
			      ,CASE WHEN b.auth_yn = 'Y' THEN '1' ELSE '0' END AS auth_yn
			      ,a.USE_YN		
			  FROM TB_SYS006 a LEFT JOIN TB_SYS007 b ON (a.MENU_ID = b.MENU_ID AND a.BTN_ID = b.BTN_ID AND b.AUTH_ID = #{authId})
			 WHERE a.use_yn = 'Y'		
			   AND a.MENU_ID = #{menuId}		

		]]>
	</select>

	<!-- 2025-06-18 Amazon Q Developer : Converted Oracle outer join to standard WHERE clause -->
<select id="sprtlyBtnAuthYnDao.retrieveSprtlyBtnAuthYn" resultType="ohMap">		
 		<![CDATA[
 		${queryId}
			SELECT a.AUTH_ID 
				  ,a.MENU_ID
			      ,a.BTN_ID
			      ,a.auth_yn
			      ,a.USE_YN		
			  FROM  TB_SYS007 a	
			 WHERE a.use_yn = 'Y'	
			   AND a.AUTH_ID = #{authId}		
			   AND a.MENU_ID = #{menuId}	
			   AND a.BTN_ID = #{btnId}	

		]]>
	</select>

	<!-- 2025-06-18 Amazon Q Developer : Converted DECODE to CASE WHEN and SYSDATE to CURRENT_TIMESTAMP -->
<insert id="sprtlyBtnAuthYnDao.insertSprtlyBtnAuthYn">   		
        <![CDATA[
       ${queryId}
		 INSERT INTO TB_SYS007
  			   (auth_id
  			   , menu_id
  			   , btn_id
  			   , auth_yn
  			   , use_yn
  			   , rgter_id
  			   , rgt_date
  			   , moder_id
  			   , mod_date)
		 VALUES
  			   (#{authId}
  			   ,#{menuId}
  			   ,#{btnId}
  			   ,CASE WHEN #{authYn} = '1' THEN 'Y' ELSE 'N' END
  			   ,#{useYn}
  			   ,#{usrId}
  			   ,CURRENT_TIMESTAMP
  			   ,#{usrId}
  			   ,CURRENT_TIMESTAMP)

        ]]>
    </insert>

	<!-- 2025-06-18 Amazon Q Developer : Converted DECODE to CASE WHEN and SYSDATE to CURRENT_TIMESTAMP -->
<update id="sprtlyBtnAuthYnDao.updateSprtlyBtnAuthYn">   		
        <![CDATA[
${queryId}
			UPDATE TB_SYS007
			   SET auth_yn= CASE WHEN #{authYn} = '1' THEN 'Y' ELSE 'N' END
				  ,use_yn= #{useYn}
				  ,moder_id= #{usrId}
				  ,mod_date= CURRENT_TIMESTAMP
			 WHERE auth_id= #{authId}
			   AND menu_id= #{menuId}
			   AND btn_id= #{btnId}
        ]]>
    </update>

</mapper>
