<?xml version="1.0" encoding="UTF-8"?>
<!DOCTYPE mapper   PUBLIC "-//mybatis.org//DTD Mapper 3.0//EN" "http://mybatis.org/dtd/mybatis-3-mapper.dtd">
<mapper namespace="usrAuthMgtDao">

<!-- 2025-06-18 Amazon Q Developer : Converted DECODE to CASE WHEN, SYSDATE to CURRENT_TIMESTAMP, || to CONCAT -->
<select id="usrAuthMgtDao.retrieveUsrAuthMgt" resultType="ohMap">
  
 			${queryId}
	    <if test="authId == null or authId == ''">
			SELECT A.USR_ID
			      ,A.CORP_CD
			      ,A.USR_NM
			      ,CASE WHEN A.USE_YN='Y' THEN 1 ELSE 0 END AS USE_YN
			  FROM TB_USR001 A
			 WHERE CURRENT_TIMESTAMP BETWEEN A.USE_ST_DATE AND A.USE_ED_DATE +(INTERVAL '1 day' - INTERVAL '1 second')
			   AND A.USE_YN = 'Y'
		</if>
	    <if test="authId != null and authId != ''"> 
			SELECT A.USR_ID
			      ,A.CORP_CD
			      ,A.USR_NM
			      ,CASE WHEN A.USE_YN='Y' THEN 1 ELSE 0 END AS USE_YN
			  FROM TB_USR001 A 
              ,    TB_USR002 B
			 WHERE CURRENT_TIMESTAMP BETWEEN A.USE_ST_DATE AND A.USE_ED_DATE +(INTERVAL '1 day' - INTERVAL '1 second')
			   AND A.USE_YN = 'Y'
               AND  A.USR_ID = B.USR_ID
               AND  B.AUTH_ID = #{authId}
		</if>
		
			<if test="corpCd != null and corpCd != ''">
			   AND A.CORP_CD =#{corpCd} 
			</if>
			<if test="usrId != null and usrId != ''">
			   AND A.USR_ID LIKE CONCAT('%', #{usrId}, '%')
			</if>
			<if test="usrNm != null and usrNm != ''">
			   AND A.USR_NM LIKE CONCAT('%', #{usrNm}, '%')
			</if>
		<![CDATA[
 			ORDER BY A.USR_NM
		]]>
	</select>

<!-- 2025-06-18 Amazon Q Developer : Converted TO_CHAR to TO_CHAR, DECODE to CASE WHEN, Oracle outer join (+) to LEFT JOIN -->
<select id="usrAuthMgtDao.retrieveUsrAuthMgtAthrt" resultType="ohMap">
		
 		<![CDATA[
 			${queryId}
			SELECT A.AUTH_ID
				  ,B.AUTH_NM
				  ,TO_CHAR(A.USE_ST_DATE, 'YYYYMMDD') USE_ST_DATE
				  ,TO_CHAR(A.USE_ED_DATE, 'YYYYMMDD') USE_ED_DATE
				  ,0 AS CHK
				  ,#{usrId} AS USR_ID
				  ,CASE WHEN A.USE_YN='Y' THEN 1 ELSE 0 END AS USE_YN
			  FROM TB_USR002 A
			  LEFT JOIN TB_SYS003 B ON A.AUTH_ID = B.AUTH_ID
			 WHERE USR_ID = #{usrId}
			ORDER BY B.AUTH_NM

		]]>
	</select>

<!-- 2025-06-18 Amazon Q Developer : Converted TO_DATE to TO_DATE, SUBSTR to SUBSTRING, DECODE to CASE WHEN, SYSDATE to CURRENT_TIMESTAMP -->
<insert id="usrAuthMgtDao.insertUsrAuthMgtUsr02">
   		
        <![CDATA[
        	${queryId}
		  	INSERT INTO TB_USR002
				  (USR_ID
				  ,AUTH_ID
				  ,USE_ST_DATE
				  ,USE_ED_DATE
				  ,RMK
				  ,USE_YN
				  ,RGTER_ID
				  ,RGT_DATE
				  ,MODER_ID
				  ,MOD_DATE
				  ,CSR_NO)
				VALUES
				  (#{usrId}
				  ,#{authId}
				  ,TO_DATE(SUBSTRING(#{useStDate},1, 8),'YYYYMMDD')
				  ,TO_DATE(SUBSTRING(#{useEdDate},1, 8),'YYYYMMDD')
				  ,NULL
				  ,CASE WHEN #{useYn}=1 THEN 'Y' ELSE 'N' END
				  ,#{lgnUsrId}
				  ,CURRENT_TIMESTAMP
				  ,#{lgnUsrId}
				  ,CURRENT_TIMESTAMP
				  ,#{csrNo}
				  )

        ]]>
    </insert>

<!-- 2025-06-18 Amazon Q Developer : Converted NVL to COALESCE, TO_DATE to TO_DATE, SUBSTR to SUBSTRING, DECODE to CASE WHEN, SYSDATE to CURRENT_TIMESTAMP -->
<insert id="usrAuthMgtDao.insertUsrAuthMgtUsr03">
   		
        <![CDATA[
       ${queryId}
		  	INSERT INTO TB_USR003
					(USR_ID
					,AUTH_ID
					,SEQ
					,USE_ST_DATE
					,USE_ED_DATE
					,RMK
					,USE_YN
					,RGTER_ID
					,RGT_DATE
					,MODER_ID
					,MOD_DATE)
				   VALUES
					  (#{usrId}
					  ,#{authId}
					  ,(SELECT COALESCE(MAX(SEQ),0) + 1 FROM TB_USR003 WHERE USR_ID = #{usrId})
					  ,TO_DATE(SUBSTRING(#{useStDate},1, 8),'YYYYMMDD')
				  	  ,TO_DATE(SUBSTRING(#{useEdDate},1, 8),'YYYYMMDD')
					  ,NULL
        			  ,CASE WHEN #{useYn}=1 THEN 'Y' ELSE 'N' END
					  ,#{lgnUsrId}
					  ,CURRENT_TIMESTAMP
					  ,#{lgnUsrId}
					  ,CURRENT_TIMESTAMP
				  )

        ]]>
    </insert>

<!-- 2025-06-18 Amazon Q Developer : Converted TO_DATE to TO_DATE, SUBSTR to SUBSTRING, DECODE to CASE WHEN, SYSDATE to CURRENT_TIMESTAMP -->
<update id="usrAuthMgtDao.updateUsrAuthMgt">
   		
        <![CDATA[
        ${queryId}
			UPDATE TB_USR002
			   SET USE_ST_DATE = TO_DATE(SUBSTRING(#{useStDate},1, 8),'YYYYMMDD')
			  	  ,USE_ED_DATE = TO_DATE(SUBSTRING(#{useEdDate},1, 8),'YYYYMMDD')
			  	  ,USE_YN 	   = CASE WHEN #{useYn}=1 THEN 'Y' ELSE 'N' END
			  	  ,MODER_ID	   = #{lgnUsrId}
			  	  ,MOD_DATE	   = CURRENT_TIMESTAMP 
			  	  ,CSR_NO	   = #{csrNo}
			 WHERE USR_ID = #{usrId}
			   AND AUTH_id = #{authId}



        ]]>
    </update>

<!-- 2025-06-18 Amazon Q Developer : No Oracle-specific features found, kept as is -->
<select id="usrAuthMgtDao.retrieveUsrAuthMgtAthrtChk" resultType="ohMap">
		
 		<![CDATA[
 			${queryId}
			SELECT AUTH_ID 
			  FROM TB_USR002				
			 WHERE USR_ID = #{usrId}
			   AND AUTH_ID = #{authId}


		]]>
	</select>

<!-- 2025-06-18 Amazon Q Developer : Converted Oracle stored procedure call to PostgreSQL function call, SUBSTR to SUBSTRING -->
<select id="usrAuthMgtDao.addUsrAuthLog" statementType="CALLABLE" parameterType="ohMap">
    	{ call itsm_app.pr_sys_usr_auth_log( 'S00005'
    	             , #{usrId,mode=IN,jdbcType=VARCHAR}
                     , #{corpCd,mode=IN,jdbcType=VARCHAR}
                     , #{authId,mode=IN,jdbcType=VARCHAR}
                     , #{logRsnCd,mode=IN,jdbcType=VARCHAR}
                     , #{csrNo,mode=IN,jdbcType=VARCHAR}                     
                     , SUBSTRING(#{useStDate,mode=IN,jdbcType=DATE},1,8)
                     , SUBSTRING(#{useEdDate,mode=IN,jdbcType=DATE},1,8)
                     , #{rmk,mode=IN,jdbcType=VARCHAR}
                     , #{useYn, mode=IN,jdbcType=VARCHAR}
                     , #{lgnUsrId,mode=IN,jdbcType=VARCHAR}
    				 , #{resultStatus,mode=OUT,jdbcType=VARCHAR} 
    				 , #{resultMessage,mode=OUT,jdbcType=VARCHAR} 
                     ) 
 		}	
 	</select>

</mapper>
