<?xml version="1.0" encoding="UTF-8"?>
<!DOCTYPE mapper   PUBLIC "-//mybatis.org//DTD Mapper 3.0//EN" "http://mybatis.org/dtd/mybatis-3-mapper.dtd">
<mapper namespace="usrAuthGrntHistInqryDao">

	<!-- 2025-06-18 Amazon Q Developer : Converted SYSDATE to CURRENT_TIMESTAMP and || to CONCAT -->
<select id="usrAuthGrntHistInqryDao.retrieveUsrAuthGrntHistInqryUsr" resultType="ohMap">
		
 		<![CDATA[
 		${queryId}
			SELECT A.USR_ID
			      ,A.CORP_CD
			      ,A.USR_NM
			  FROM TB_USR001 A
			 WHERE CURRENT_TIMESTAMP BETWEEN A.USE_ST_DATE AND A.USE_ED_DATE +(1-1/(24*60*60))
			   AND A.USE_YN = 'Y'
		]]>
			<if test="usrId != null and usrId != ''">
			   AND USR_ID LIKE CONCAT('%', #{usrId}, '%')
			</if>
			<if test="usrNm != null and usrNm != ''">
			   AND USR_NM LIKE CONCAT('%', #{usrNm}, '%')
			</if>
			<if test="corpCd != null and corpCd != ''">
			   AND A.CORP_CD =#{corpCd} 
			</if>
		<![CDATA[
 			ORDER BY A.USR_NM
		]]>
	</select>

	<!-- 2025-06-18 Amazon Q Developer : No Oracle-specific features found, preserved as-is -->
<select id="usrAuthGrntHistInqryDao.retrieveUsrAuthGrntHistInqryAthrt" resultType="ohMap">
		
 		<![CDATA[
 			${queryId}
			SELECT A.AUTH_ID
			      ,B.AUTH_NM
			      ,A. USE_ST_DATE
			      ,A. USE_ED_DATE
			      ,A.RGT_DATE
			  FROM TB_SYS003 B, TB_USR002 A
			 WHERE 1=1
			   AND A.AUTH_ID = B.AUTH_ID
			   AND A.USR_ID = #{usrId}
			ORDER BY B.AUTH_NM

		]]>
	</select>

	<!-- 2025-06-18 Amazon Q Developer : No Oracle-specific features found, preserved as-is -->
<select id="usrAuthGrntHistInqryDao.retrieveUsrAuthGrntHistInqryAthrtHist" resultType="ohMap">
		
 		<![CDATA[
 			${queryId}
			SELECT A.SEQ
			      ,A.AUTH_ID
			      ,B.AUTH_NM
			      ,A. USE_ST_DATE
			      ,A. USE_ED_DATE
			      ,A.RGT_DATE
			  FROM TB_SYS003 B
			      ,TB_USR003 A
			 WHERE 1=1
			   AND A.AUTH_ID = B.AUTH_ID
			   AND A.USR_ID = #{usrId}
			  ORDER BY B.AUTH_NM, A.SEQ 

		]]>
	</select>

</mapper>
