<?xml version="1.0" encoding="UTF-8"?>
<!DOCTYPE mapper   PUBLIC "-//mybatis.org//DTD Mapper 3.0//EN" "http://mybatis.org/dtd/mybatis-3-mapper.dtd">

<mapper namespace="usrAuthMgtDao">

	<select id="usrAuthMgtDao.retrieveUsrAuthMgt" resultType="ohMap">
  
 			${queryId}
	    <if test="authId == null or authId == ''">
			SELECT A.USR_ID
			      ,A.CORP_CD
			      ,A.USR_NM
			      ,DECODE(A.USE_YN,'Y',1,0) AS USE_YN
			  FROM TB_USR001 A
			 WHERE SYSDATE BETWEEN A.USE_ST_DATE AND A.USE_ED_DATE +(1-1/(24*60*60))
			   AND A.USE_YN = 'Y'
		</if>
	    <if test="authId != null and authId != ''"> 
			SELECT A.USR_ID
			      ,A.CORP_CD
			      ,A.USR_NM
			      ,DECODE(A.USE_YN,'Y',1,0) AS USE_YN
			  FROM TB_USR001 A 
              ,    TB_USR002 B
			 WHERE SYSDATE BETWEEN A.USE_ST_DATE AND A.USE_ED_DATE +(1-1/(24*60*60))
			   AND A.USE_YN = 'Y'
               AND  A.USR_ID = B.USR_ID
               AND  B.AUTH_ID = #{authId}
		</if>
		
			<if test="corpCd != null and corpCd != ''">
			   AND A.CORP_CD =#{corpCd} 
			</if>
			<if test="usrId != null and usrId != ''">
			   AND A.USR_ID LIKE '%'|| #{usrId} || '%'
			</if>
			<if test="usrNm != null and usrNm != ''">
			   AND A.USR_NM LIKE '%'|| #{usrNm} || '%'
			</if>
		<![CDATA[
 			ORDER BY A.USR_NM
		]]>
	</select>
	 
	<select id="usrAuthMgtDao.retrieveUsrAuthMgtAthrt" resultType="ohMap">
		
 		<![CDATA[
 			${queryId}
			SELECT A.AUTH_ID
				  ,B.AUTH_NM
				  ,TO_CHAR(A.USE_ST_DATE, 'YYYYMMDD') USE_ST_DATE
				  ,TO_CHAR(A.USE_ED_DATE, 'YYYYMMDD') USE_ED_DATE
				  ,0 AS CHK
				  ,#{usrId} AS USR_ID
				  ,DECODE(A.USE_YN,'Y',1,0) AS USE_YN
			  FROM TB_USR002 A
			      ,TB_SYS003 B
			 WHERE A.AUTH_ID = B.AUTH_ID(+) 
			   AND USR_ID = #{usrId}
			ORDER BY B.AUTH_NM

		]]>
	</select>	

	<insert id="usrAuthMgtDao.insertUsrAuthMgtUsr02">
   		
        <![CDATA[
        	${queryId}
		  	INSERT INTO TB_USR002
				  (USR_ID
				  ,AUTH_ID
				  ,USE_ST_DATE
				  ,USE_ED_DATE
				  ,RMK
				  ,USE_YN
				  ,RGTER_ID
				  ,RGT_DATE
				  ,MODER_ID
				  ,MOD_DATE
				  ,CSR_NO)
				VALUES
				  (#{usrId}
				  ,#{authId}
				  ,TO_DATE(SUBSTR(#{useStDate},0, 8),'YYYYMMDD')
				  ,TO_DATE(SUBSTR(#{useEdDate},0, 8),'YYYYMMDD')
				  ,NULL
				  ,DECODE(#{useYn},1,'Y','N')
				  ,#{lgnUsrId}
				  ,SYSDATE
				  ,#{lgnUsrId}
				  ,SYSDATE
				  ,#{csrNo}
				  )

        ]]>
    </insert>          
    
    <insert id="usrAuthMgtDao.insertUsrAuthMgtUsr03">
   		
        <![CDATA[
       ${queryId}
		  	INSERT INTO TB_USR003
					(USR_ID
					,AUTH_ID
					,SEQ
					,USE_ST_DATE
					,USE_ED_DATE
					,RMK
					,USE_YN
					,RGTER_ID
					,RGT_DATE
					,MODER_ID
					,MOD_DATE)
				   VALUES
					  (#{usrId}
					  ,#{authId}
					  ,(SELECT NVL(MAX(SEQ),0) + 1 FROM TB_USR003 WHERE USR_ID = #{usrId})
					  ,TO_DATE(SUBSTR(#{useStDate},0, 8),'YYYYMMDD')
				  	  ,TO_DATE(SUBSTR(#{useEdDate},0, 8),'YYYYMMDD')
					  ,NULL
        			  ,DECODE(#{useYn},1,'Y','N')
					  ,#{lgnUsrId}
					  ,SYSDATE
					  ,#{lgnUsrId}
					  ,SYSDATE
				  )

        ]]>
    </insert>  
      

    <update id="usrAuthMgtDao.updateUsrAuthMgt">
   		
        <![CDATA[
        ${queryId}
			UPDATE TB_USR002
			   SET USE_ST_DATE = TO_DATE(SUBSTR(#{useStDate},0, 8),'YYYYMMDD')
			  	  ,USE_ED_DATE = TO_DATE(SUBSTR(#{useEdDate},0, 8),'YYYYMMDD')
			  	  ,USE_YN 	   = DECODE(#{useYn},1,'Y','N')
			  	  ,MODER_ID	   = #{lgnUsrId}
			  	  ,MOD_DATE	   = SYSDATE 
			  	  ,CSR_NO	   = #{csrNo}
			 WHERE USR_ID = #{usrId}
			   AND AUTH_id = #{authId}



        ]]>
    </update> 
    
    <select id="usrAuthMgtDao.retrieveUsrAuthMgtAthrtChk" resultType="ohMap">
		
 		<![CDATA[
 			${queryId}
			SELECT AUTH_ID 
			  FROM TB_USR002				
			 WHERE USR_ID = #{usrId}
			   AND AUTH_ID = #{authId}


		]]>
	</select>

	<select id="usrAuthMgtDao.addUsrAuthLog" statementType="CALLABLE" parameterType="ohMap">
    	{ call ITSM_APP.PR_SYS_USR_AUTH_LOG( 'S00005'
    	             , #{usrId,mode=IN,jdbcType=VARCHAR}
                     , #{corpCd,mode=IN,jdbcType=VARCHAR}
                     , #{authId,mode=IN,jdbcType=VARCHAR}
                     , #{logRsnCd,mode=IN,jdbcType=VARCHAR}
                     , #{csrNo,mode=IN,jdbcType=VARCHAR}                     
                     , SUBSTR(#{useStDate,mode=IN,jdbcType=DATE},0,8)
                     , SUBSTR(#{useEdDate,mode=IN,jdbcType=DATE},0,8)
                     , #{rmk,mode=IN,jdbcType=VARCHAR}
                     , #{useYn, mode=IN,jdbcType=VARCHAR}
                     , #{lgnUsrId,mode=IN,jdbcType=VARCHAR}
    				 , #{resultStatus,mode=OUT,jdbcType=VARCHAR} 
    				 , #{resultMessage,mode=OUT,jdbcType=VARCHAR} 
                     ) 
 		}	
 	</select>
 	
</mapper>
