<?xml version="1.0" encoding="UTF-8"?>
<!DOCTYPE mapper   PUBLIC "-//mybatis.org//DTD Mapper 3.0//EN" "http://mybatis.org/dtd/mybatis-3-mapper.dtd">
<mapper namespace="usrBldgAuthMgtDao">

<!-- 2025-06-18 Amazon Q Developer : No Oracle-specific features found, file copied as-is -->
<!-- 건물 담당자 관리 사용자 조회 -->
<select id="usrBldgAuthMgtDao.retrieveUsrBldgAuthMgtList" resultType="ohMap">
 		<![CDATA[
		${queryId}
		SELECT MAX(A.CORP_CD) CORP_CD												
		     , A.USR_ID												
		     , MAX(A.USR_NM) USR_NM												
		  FROM TB_USR001 A												
		     , TB_USR100 B												
		 WHERE A.USR_ID  = B.USR_ID
		   AND AUTH_GBN_CD = '1'												
		]]>
			<if test="corpCd != null and corpCd != ''">
			   AND B.CORP_CD =#{corpCd} 
			</if>
			<if test="usrId != null and usrId != ''">
			   AND A.USR_ID = #{usrId}
			</if>

		<![CDATA[
 			GROUP BY A.USR_ID
 			ORDER BY A.USR_ID
		]]>
	</select>

<!-- 2025-06-18 Amazon Q Developer : No Oracle-specific features found, file copied as-is -->
<!-- 건물 담당자 관리 사용자 조회(갯수) -->
<select id="usrBldgAuthMgtDao.retrieveUsrBldgAuthMgtListCnt" resultType="ohMap">
 		<![CDATA[
		${queryId}
		SELECT COUNT(*) AS CNT
		  FROM (SELECT A.USR_ID												
			      FROM TB_USR001 A												
			         , TB_USR100 B												
			     WHERE A.USR_ID  = B.USR_ID
			       AND AUTH_GBN_CD = '1'												
			]]>
				<if test="corpCd != null and corpCd != ''">
				   AND B.CORP_CD =#{corpCd} 
				</if>
				<if test="usrId != null and usrId != ''">
				   AND A.USR_ID = #{usrId}
				</if>
	
			<![CDATA[
	 			GROUP BY A.USR_ID)
			]]>
	</select>

<!-- 2025-06-18 Amazon Q Developer : Converted DECODE to CASE WHEN, NVL to COALESCE, Oracle outer join to LEFT JOIN -->
<!-- 건물 담당자 관리 빌딩상세 조회 -->
<select id="usrBldgAuthMgtDao.retrieveUsrBldgAuthMgtClhaCtr" resultType="ohMap">		
 		<![CDATA[
 			${queryId}
			SELECT '0' AS CHK
			     , A.CORP_CD
			     , A.BLDG_CD
			     , A.BLDG_NM
			     , CASE WHEN B.USR_ID IS NULL THEN '0'
			            ELSE '1'
			        END AUTH_YN
			     , CASE WHEN COALESCE(B.RPST_BLDG_YN, 'N') = 'Y' THEN '1' ELSE '0' END RPST_BLDG_YN
			     , B.USR_ID
			  FROM TB_MMS007 A
			  LEFT JOIN (SELECT CORP_CD, USR_ID, BLDG_CD, RPST_BLDG_YN
			          FROM TB_USR100
			         WHERE AUTH_GBN_CD = '1'
			           AND CORP_CD = #{corpCd}
			           AND USR_ID = #{usrId}
			       ) B ON A.CORP_CD = B.CORP_CD
			           AND A.BLDG_CD = B.BLDG_CD
			 WHERE A.CORP_CD = #{corpCd}
			   AND A.DEL_YN  = 'N'
			 ORDER BY A.BLDG_CD
			   
		]]>
	</select>

<!-- 2025-06-18 Amazon Q Developer : Converted SYSDATE to CURRENT_TIMESTAMP -->
<!-- 건물 담당자 관리 빌딩저장 -->
<insert id="usrBldgAuthMgtDao.insertBldgMgt">
        <![CDATA[
        ${queryId}
		INSERT INTO TB_MMS007 (													
		    CORP_CD													
		  , BLDG_CD													
		  , BLDG_NM													
		  , DEL_YN													
		  , RGTER_ID													
		  , RGT_DATE													
		  , MODER_ID													
		  , MOD_DATE													
		) VALUES (													
		    #{corpCd}												
		  , #{bldgCd}												
		  , #{bldgNm}													
		  , 'N'												
		  , #{usrId}													
		  , CURRENT_TIMESTAMP													
		  , #{usrId}										
		  , CURRENT_TIMESTAMP													
		)
        ]]>
    </insert>

<!-- 2025-06-18 Amazon Q Developer : No Oracle-specific features found, file copied as-is -->
<!-- 건물 담당자 관리 빌딩저장(수정) -->
<insert id="usrBldgAuthMgtDao.updateBldgMgt">
        <![CDATA[
        ${queryId}
		UPDATE TB_MMS007 A		
		   SET A.BLDG_NM = #{bldgNm}	
		 WHERE A.CORP_CD = #{corpCd}		
		   AND A.BLDG_CD = #{bldgCd}	
        ]]>
    </insert>

<!-- 2025-06-18 Amazon Q Developer : Converted DECODE to CASE WHEN, SYSDATE to CURRENT_TIMESTAMP -->
<!-- 건물 담당자 관리 저장 -->
<insert id="usrBldgAuthMgtDao.insertUsrBldgMgt">
        <![CDATA[
        ${queryId}
		INSERT INTO TB_USR100 (			
		    CORP_CD			
		  , USR_ID			
		  , BLDG_CD			
		  , RPST_BLDG_YN			
		  , AUTH_GBN_CD			
		  , RGTER_ID			
		  , RGT_DATE			
		  , MODER_ID			
		  , MOD_DATE			
		) VALUES (			
		    #{corpCd}			
		  , #{usrId}		
		  , #{bldgCd}			
		  , CASE WHEN #{rpstBldgYn} = '1' THEN 'Y' ELSE 'N' END		
		  , '1' /*권한구분코드*/			
		  , #{usrId}		
		  , CURRENT_TIMESTAMP			
		  , #{usrId}		
		  , CURRENT_TIMESTAMP			
		)			

        ]]>
    </insert>

<!-- 2025-06-18 Amazon Q Developer : No Oracle-specific features found, file copied as-is -->
<!-- 건물 담당자 관리 저장(삭제) -->
<delete id="usrBldgAuthMgtDao.deleteUsrBldgMgt">
   		
        <![CDATA[
       ${queryId}
			DELETE
			  FROM TB_USR100
			 WHERE CORP_CD = #{corpCd}
			   AND USR_ID = #{usrId}
			   AND AUTH_GBN_CD = '1'
        ]]>
    </delete>

</mapper>
