<?xml version="1.0" encoding="UTF-8"?>
<!DOCTYPE mapper   PUBLIC "-//mybatis.org//DTD Mapper 3.0//EN" "http://mybatis.org/dtd/mybatis-3-mapper.dtd">

<mapper namespace="usrCorpAuthMgtDao">

	<!-- 사용자 법인권한 목록 조회 -->
	<select id="usrCorpAuthMgtDao.retrieveUsrCorpAuthMgtList" resultType="ohMap">
 		<![CDATA[
		${queryId}
		SELECT MAX(A.CORP_CD) CORP_CD												
		     , A.USR_ID												
		     , MAX(A.USR_NM) USR_NM												
		  FROM TB_USR001 A												
		     , TB_USR100 B												
		 WHERE A.USR_ID  = B.USR_ID
		   AND B.AUTH_GBN_CD = '2'												
		]]>
			<if test="corpCd != null and corpCd != ''">
			   AND B.CORP_CD =#{corpCd} 
			</if>
			<if test="usrId != null and usrId != ''">
			   AND A.USR_ID = #{usrId}
			</if>

		<![CDATA[
 			GROUP BY A.USR_ID
		]]>
	</select>
	
	<!-- 사용자 법인권한 목록 조회(갯수) -->
	<select id="usrCorpAuthMgtDao.retrieveUsrCorpAuthMgtListCnt" resultType="ohMap">
 		<![CDATA[
		${queryId}
		SELECT COUNT(*) AS CNT
		  FROM (SELECT A.USR_ID											
			      FROM TB_USR001 A												
			         , TB_USR100 B												
			     WHERE A.USR_ID  = B.USR_ID
			       AND B.AUTH_GBN_CD = '2'												
			]]>
				<if test="corpCd != null and corpCd != ''">
				   AND B.CORP_CD =#{corpCd} 
				</if>
				<if test="usrId != null and usrId != ''">
				   AND A.USR_ID = #{usrId}
				</if>
	
			<![CDATA[
	 			GROUP BY A.USR_ID)
			]]>
	</select>
	
	<!-- 담당자별 법인 조회 -->
	<select id="usrCorpAuthMgtDao.retrieveUsrCorpAuthMgtClhaCtr" resultType="ohMap">		
 		<![CDATA[
 			${queryId}
			SELECT '0' AS CHK
			     , #{corpCd} AS CORP_CD
			     , A.COM_CD BLDG_CD
			     , A.COM_CD_NM BLDG_NM
			     , CASE WHEN B.USR_ID IS NULL THEN '0'
			            ELSE '1'
			        END AUTH_YN
			     , DECODE(NVL(B.RPST_BLDG_YN, 'N'), 'Y', '1', '0') RPST_BLDG_YN
			     , B.USR_ID
			  FROM TB_COM001 A
			     , (SELECT CORP_CD, USR_ID, BLDG_CD, RPST_BLDG_YN
			          FROM TB_USR100
			         WHERE AUTH_GBN_CD = '2'
			           AND USR_ID = #{usrId}
			       ) B
			 WHERE A.GRP_CD = 'CO001'
			   AND A.COM_CD = B.BLDG_CD(+)
			   AND A.COM_CD <> '4000'
			   AND A.USE_YN = 'Y'
			 ORDER BY A.SORT_SEQC
			   
		]]>
	</select>
	
	<!-- 건물 담당자 관리 빌딩저장 -->
	<insert id="usrCorpAuthMgtDao.insertCorpMgt">
        <![CDATA[
        ${queryId}
		INSERT INTO TB_MMS007 (													
		    CORP_CD													
		  , BLDG_CD													
		  , BLDG_NM													
		  , DEL_YN													
		  , RGTER_ID													
		  , RGT_DATE													
		  , MODER_ID													
		  , MOD_DATE													
		) VALUES (													
		    #{corpCd}												
		  , #{bldgCd}												
		  , #{bldgNm}													
		  , 'N'												
		  , #{usrId}													
		  , SYSDATE													
		  , #{usrId}										
		  , SYSDATE													
		)
        ]]>
    </insert> 
    
    <!-- 건물 담당자 관리 빌딩저장(수정) -->
	<insert id="usrCorpAuthMgtDao.updateCorpMgt">
        <![CDATA[
        ${queryId}
		UPDATE TB_MMS007 A		
		   SET A.BLDG_NM = #{bldgNm}	
		 WHERE A.CORP_CD = #{corpCd}		
		   AND A.BLDG_CD = #{bldgCd}	
        ]]>
    </insert>
    
    <!-- 사용자 법인권한관리 저장 -->
	<insert id="usrCorpAuthMgtDao.insertUsrBldgMgt">
   		
        <![CDATA[
        ${queryId}
		INSERT INTO TB_USR100 (			
		    CORP_CD			
		  , USR_ID			
		  , BLDG_CD			
		  , RPST_BLDG_YN			
		  , AUTH_GBN_CD			
		  , RGTER_ID			
		  , RGT_DATE			
		  , MODER_ID			
		  , MOD_DATE			
		) VALUES (			
		    #{bldgCd}			
		  , #{usrId}		
		  , #{bldgCd}			
		  , DECODE(#{rpstBldgYn}, '1', 'Y', 'N')		
		  , '2' /*권한구분코드*/			
		  , #{usrId}		
		  , SYSDATE			
		  , #{usrId}		
		  , SYSDATE			
		)			

        ]]>
    </insert> 

	<!-- 사용자 법인권한관리 저장(삭제) -->
    <delete id="usrCorpAuthMgtDao.deleteUsrBldgMgt">
        <![CDATA[
       ${queryId}
			DELETE
			  FROM TB_USR100
			 WHERE USR_ID = #{usrId}
			   AND AUTH_GBN_CD = '2'
        ]]>
    </delete>
    
</mapper>
