<?xml version="1.0" encoding="UTF-8"?>
<!DOCTYPE mapper   PUBLIC "-//mybatis.org//DTD Mapper 3.0//EN" "http://mybatis.org/dtd/mybatis-3-mapper.dtd">
<mapper namespace="usrMgtDao">

<!-- 2025-06-18 Amazon Q Developer : Converted DECODE function to CASE WHEN and || concatenation to CONCAT -->
<select id="usrMgtDao.retrieveUsrMgt" resultType="ohMap">
		
 		<![CDATA[
 			${queryId}
			SELECT USR_ID
				  ,CORP_CD
				  ,USR_NM
				  ,EMPNO
				  ,USE_ST_DATE
				  ,USE_ED_DATE
				  ,SYS_USE_STP_PARG_DATE
				  ,FNL_LOGIN_DATE
				  ,LOGIN_IP
				  ,CASE WHEN USE_YN='Y' THEN '1' ELSE '0' END AS USE_YN
				  ,RGT_DATE
				  ,MOD_DATE
				  ,0 AS CHK
			  FROM TB_USR001 A
			 WHERE 1=1
		]]>
			<if test="corpCd != null and corpCd != ''">
			   AND A.CORP_CD =#{corpCd} 
			</if>
			<if test="usrId != null and usrId != ''">
			   AND A.USR_ID LIKE CONCAT('%', #{usrId}, '%')
			</if>
			<if test="usrNm != null and usrNm != ''">
			   AND A.USR_NM LIKE CONCAT('%', #{usrNm}, '%')
			</if>
		<![CDATA[
 			ORDER BY A.USR_NM
		]]>
	</select>

<!-- 2025-06-18 Amazon Q Developer : TO_CHAR functions are compatible with PostgreSQL, no conversion needed -->
<select id="usrMgtDao.retrieveUsrMgtDtl" resultType="ohMap">
		
 		<![CDATA[
 		${queryId}
			SELECT USR_ID
				  ,CORP_CD
				  ,USR_NM
				  ,EMPNO
				  ,TO_CHAR(USE_ST_DATE, 'YYYYMMDD') USE_ST_DATE
				  ,TO_CHAR(USE_ED_DATE, 'YYYYMMDD') USE_ED_DATE
				  ,TO_CHAR(SYS_USE_STP_PARG_DATE, 'YYYYMMDD') SYS_USE_STP_PARG_DATE
				  ,TO_CHAR(FNL_LOGIN_DATE,'YYYY-MM-DD HH24:MI:SS') FNL_LOGIN_DATE
				  ,LOGIN_IP
				  ,USE_YN
				  ,TO_CHAR(RGT_DATE,'YYYY-MM-DD HH24:MI:SS') RGT_DATE
				  ,TO_CHAR(MOD_DATE,'YYYY-MM-DD HH24:MI:SS') MOD_DATE
			  FROM TB_USR001 A
			 WHERE A.USR_ID = #{usrId}
		]]>
	</select>

<!-- 2025-06-18 Amazon Q Developer : Converted NVL to COALESCE, SYSDATE to CURRENT_TIMESTAMP -->
<insert id="usrMgtDao.insertUsrMgt">
   		
        <![CDATA[
     ${queryId}
		  	INSERT INTO TB_USR001  
					  (USR_ID
					  ,USR_NM
					  ,USR_PWD
					  ,USE_ST_DATE
					  ,USE_ED_DATE
					  ,SYS_USE_STP_PARG_DATE
					  ,EMPNO
					  ,USE_YN
					  ,RGTER_ID
					  ,RGT_DATE
					  ,MODER_ID
					  ,MOD_DATE
					  ,CORP_CD
					  ,CSR_NO )
					VALUES
					  (#{usrId}	
					  ,#{usrNm}
					  ,COALESCE((SELECT USR_PWD FROM TB_MHR002 WHERE  hldofc_stat_gbn_cd = 'C' AND empno=#{empno}), fc_encrypt(#{usrId}||#{usrId}))
					  ,TO_DATE(#{useStDate},'YYYYMMDD')
					  ,TO_DATE(#{useEdDate},'YYYYMMDD')
					  ,TO_DATE(#{sysUseStpPargDate},'YYYYMMDD')
					  ,#{empno}
					  ,#{useYn}
					  ,#{lgnUsrId}
					  ,CURRENT_TIMESTAMP
					  ,#{lgnUsrId}
					  ,CURRENT_TIMESTAMP
					  ,#{corpCd}
					  ,#{csrNo}
					  )


        ]]>
    </insert>

<!-- 2025-06-18 Amazon Q Developer : Converted NVL to COALESCE, SYSDATE to CURRENT_TIMESTAMP -->
<update id="usrMgtDao.updateUsrMgt">
   		
        <![CDATA[
        ${queryId}
			UPDATE TB_USR001										
				SET	USR_NM  							=	#{usrNm}
					,USR_PWD  							=	COALESCE((SELECT USR_PWD FROM OAS_APP.TB_OHR003 WHERE  hldofc_stat_gbn_cd = 'C' AND empno=#{empno}), fc_encrypt(#{usrId}||#{usrId}))
					,USE_ST_DATE  						=	TO_DATE(#{useStDate},'YYYYMMDD')
					,USE_ED_DATE  						=	TO_DATE(#{useEdDate},'YYYYMMDD')
					,SYS_USE_STP_PARG_DATE				=   TO_DATE(#{sysUseStpPargDate},'YYYYMMDD')					
					,EMPNO  							=	#{empno}					
					,USE_YN  							=	#{useYn}
					,MODER_ID  							=	#{lgnUsrId}
					,MOD_DATE 							=	CURRENT_TIMESTAMP
					,CORP_CD  							=	#{corpCd}
					,CSR_NO								=   #{csrNo}
			  WHERE USR_ID = #{usrId}


        ]]>
    </update>

<!-- 2025-06-18 Amazon Q Developer : Converted SUBSTR to SUBSTRING, SYSDATE to CURRENT_TIMESTAMP -->
<update id="usrMgtDao.updateResetCount">
   		
        <![CDATA[
        ${queryId}
        
			UPDATE TB_USR001
			   SET USE_YN = 'Y'
			     , USE_ST_DATE = TO_DATE(SUBSTRING(#{useStDate},1, 8),'YYYYMMDD')
			     , USE_ED_DATE = TO_DATE(SUBSTRING(#{useEdDate},1, 8),'YYYYMMDD')
			     , MODER_ID = #{lgnUsrId}
			     , MOD_DATE = CURRENT_TIMESTAMP
			     , LOGIN_FAILR_TMNUM = 0
			     , CSR_NO = #{csrNo}
			 WHERE 1=1
			   AND USR_ID = #{usrId}
			   
        ]]>
    </update>

</mapper>
