<?xml version="1.0" encoding="UTF-8"?>
<!DOCTYPE mapper   PUBLIC "-//mybatis.org//DTD Mapper 3.0//EN" "http://mybatis.org/dtd/mybatis-3-mapper.dtd">

<mapper namespace="usrSprtlyMenuMgtDao">

	<select id="usrSprtlyMenuMgtDao.retrieveUsrSprtlyMenuMgt" resultType="ohMap">
		
 		<![CDATA[
 			${queryId}
			SELECT A.USR_ID
				  ,A.CORP_CD 
				  ,a.USR_NM
				  ,0 AS CHK
			  FROM TB_USR001 A		
			 WHERE A.SPRTLY_MENU_USE_YN = 'Y'
			   
		]]>
			<if test="corpCd != null and corpCd != ''">
			   AND A.CORP_CD =#{corpCd} 
			</if>
			<if test="usrId != null and usrId != ''">
			   AND A.USR_ID LIKE '%'|| #{usrId} || '%'
			</if>
			<if test="usrNm != null and usrNm != ''">
			   AND A.USR_NM LIKE '%'|| #{usrNm} || '%'
			</if>
		<![CDATA[
 			ORDER BY a.USR_NM
			   
		]]>
	</select>

	<select id="usrSprtlyMenuMgtDao.retrieveUsrSprtlyMenuMgtAthr" resultType="ohMap">
		
 		<![CDATA[
 			${queryId}
			SELECT LEVEL
				  ,A.MENU_ID
				  ,A.MENU_NM
				  ,DECODE((SELECT USE_YN FROM TB_USR004 B WHERE B.MENU_ID = A.MENU_ID AND B.USR_ID = #{usrId} ), 'Y', '1','0') USE_YN
				  ,DECODE((SELECT ANEW_BTN_AUTH_YN FROM TB_USR004 B WHERE B.MENU_ID = A.MENU_ID AND B.USR_ID = #{usrId} ), 'Y', '1','0') ANEW_BTN_AUTH_YN
				  ,DECODE((SELECT INQRY_BTN_AUTH_YN FROM TB_USR004 B WHERE B.MENU_ID = A.MENU_ID AND B.USR_ID = #{usrId} ), 'Y', '1','0') INQRY_BTN_AUTH_YN
				  ,DECODE((SELECT STOR_BTN_AUTH_YN FROM TB_USR004 B WHERE B.MENU_ID = A.MENU_ID AND B.USR_ID = #{usrId} ), 'Y', '1','0') STOR_BTN_AUTH_YN
				  ,DECODE((SELECT DEL_BTN_AUTH_YN FROM TB_USR004 B WHERE B.MENU_ID = A.MENU_ID AND B.USR_ID = #{usrId} ), 'Y', '1','0') DEL_BTN_AUTH_YN
				  ,DECODE((SELECT OUTPT_BTN_AUTH_YN FROM TB_USR004 B WHERE B.MENU_ID = A.MENU_ID AND B.USR_ID = #{usrId} ), 'Y', '1','0') OUTPT_BTN_AUTH_YN
				  ,DECODE((SELECT XLS_BTN_AUTH_YN FROM TB_USR004 B WHERE B.MENU_ID = A.MENU_ID AND B.USR_ID = #{usrId} ), 'Y', '1','0') XLS_BTN_AUTH_YN
				  ,0 AS CHK
				  ,NVL((SELECT USR_ID FROM TB_USR004 B WHERE B.MENU_ID = A.MENU_ID AND B.USR_ID = #{usrId}),#{usrId}) USR_ID
				  ,DECODE((SELECT max(btn_id) FROM TB_SYS006 c WHERE c.MENU_ID = a.menu_id),NULL,'0','1') sprtly_btn_auth_yn
			  FROM TB_SYS002 A 
			 WHERE A.USE_YN = 'Y'
			 START WITH A.HRNK_MENU_ID IS NULL
			    CONNECT BY PRIOR A.MENU_ID = A.HRNK_MENU_ID
				  ORDER SIBLINGS BY A.SORT_SEQC
		]]>
	</select>	
	
	<select id="usrSprtlyMenuMgtDao.retrieveUsrSprtlyMenuMgtUsrChk" resultType="ohMap">		
 		<![CDATA[	
 				${queryId}
			SELECT USR_ID		
			  FROM TB_USR001 A		
			 WHERE A.SPRTLY_MENU_USE_YN = 'Y'
			   AND USR_ID = #{usrId}
		]]>
	</select>

	<select id="usrSprtlyMenuMgtDao.retrieveUsrSprtlyMenuMgtChk" resultType="ohMap">		
 		<![CDATA[	
 			${queryId}	
			SELECT USR_ID
				  ,MENU_ID
				  ,ANEW_BTN_AUTH_YN
				  ,INQRY_BTN_AUTH_YN
				  ,STOR_BTN_AUTH_YN
				  ,DEL_BTN_AUTH_YN
				  ,OUTPT_BTN_AUTH_YN
				  ,XLS_BTN_AUTH_YN
				  ,USE_YN
			 FROM TB_USR004
			WHERE 1=1
			  AND USR_ID = #{usrId}
			  AND MENU_ID = #{menuId}
		]]>
	</select>
	
	<update id="usrSprtlyMenuMgtDao.updateUsrSprtlyMenuUseYn">
   		
        <![CDATA[
        	${queryId}
			UPDATE TB_USR001
			   SET SPRTLY_MENU_USE_YN = #{sprtlyMenuUseYn}
				  ,MODER_ID	  		  = #{lgnUsrId}
				  ,MOD_DATE 		  = SYSDATE
			 WHERE USR_ID = #{usrId}
        ]]>
    </update> 
    
	<insert id="usrSprtlyMenuMgtDao.insertUsrSprtlyMenuMgt">
   		
        <![CDATA[
        	${queryId}
		  	INSERT INTO TB_USR004
				  (USR_ID
				  ,MENU_ID
				  ,ANEW_BTN_AUTH_YN
				  ,INQRY_BTN_AUTH_YN
				  ,STOR_BTN_AUTH_YN
				  ,DEL_BTN_AUTH_YN
				  ,OUTPT_BTN_AUTH_YN
				  ,XLS_BTN_AUTH_YN
				  ,USE_YN
				  ,RGTER_ID
				  ,RGT_DATE
				  ,MODER_ID
				  ,MOD_DATE)
				VALUES
				  (#{usrId}
				  ,#{menuId}
				  ,DECODE(#{anewBtnAuthYn},1,'Y','N')
			      ,DECODE(#{inqryBtnAuthYn},1,'Y','N')
			      ,DECODE(#{storBtnAuthYn},1,'Y','N')
			      ,DECODE(#{delBtnAuthYn},1,'Y','N')
			      ,DECODE(#{outptBtnAuthYn},1,'Y','N')
			      ,DECODE(#{xlsBtnAuthYn},1,'Y','N')
			      ,DECODE(#{useYn},1,'Y','N')
				  ,#{lgnUsrId}
				  ,SYSDATE
				  ,#{lgnUsrId}
				  ,SYSDATE
				  )

        ]]>
    </insert>          
      

    <update id="usrSprtlyMenuMgtDao.updateUsrSprtlyMenuMgt">
   		
        <![CDATA[
        	${queryId}
			UPDATE TB_USR004
			   SET ANEW_BTN_AUTH_YN	  = DECODE(#{anewBtnAuthYn},1,'Y','N')
			      ,INQRY_BTN_AUTH_YN  = DECODE(#{inqryBtnAuthYn},1,'Y','N')
			      ,STOR_BTN_AUTH_YN	  = DECODE(#{storBtnAuthYn},1,'Y','N')
			      ,DEL_BTN_AUTH_YN	  = DECODE(#{delBtnAuthYn},1,'Y','N')
			      ,OUTPT_BTN_AUTH_YN  = DECODE(#{outptBtnAuthYn},1,'Y','N')
			      ,XLS_BTN_AUTH_YN	  = DECODE(#{xlsBtnAuthYn},1,'Y','N')
			      ,USE_YN	  		  = DECODE(#{useYn},1,'Y','N')
				  ,MODER_ID	  		  = #{lgnUsrId}
				  ,MOD_DATE 		  = SYSDATE
			 WHERE USR_ID = #{usrId}
			  AND MENU_ID = #{menuId}


        ]]>
    </update> 
    
</mapper>
