<?xml version="1.0" encoding="UTF-8"?>
<!DOCTYPE mapper   PUBLIC "-//mybatis.org//DTD Mapper 3.0//EN" "http://mybatis.org/dtd/mybatis-3-mapper.dtd">
<mapper namespace="usrSprtlyMenuMgtDao">

	<!-- 2025-06-18 Amazon Q Developer : Converted Oracle string concatenation to PostgreSQL -->
<select id="usrSprtlyMenuMgtDao.retrieveUsrSprtlyMenuMgt" resultType="ohMap">
		
 		<![CDATA[
 			${queryId}
			SELECT A.USR_ID
				  ,A.CORP_CD 
				  ,a.USR_NM
				  ,0 AS CHK
			  FROM TB_USR001 A		
			 WHERE A.SPRTLY_MENU_USE_YN = 'Y'
			   
		]]>
			<if test="corpCd != null and corpCd != ''">
			   AND A.CORP_CD =#{corpCd} 
			</if>
			<if test="usrId != null and usrId != ''">
			   AND A.USR_ID LIKE '%' || #{usrId} || '%'
			</if>
			<if test="usrNm != null and usrNm != ''">
			   AND A.USR_NM LIKE '%' || #{usrNm} || '%'
			</if>
		<![CDATA[
 			ORDER BY a.USR_NM
			   
		]]>
	</select>

	<!-- 2025-06-18 Amazon Q Developer : Converted Oracle hierarchical query to PostgreSQL WITH RECURSIVE, DECODE to CASE WHEN, NVL to COALESCE -->
<select id="usrSprtlyMenuMgtDao.retrieveUsrSprtlyMenuMgtAthr" resultType="ohMap">
		
 		<![CDATA[
 			${queryId}
			WITH RECURSIVE menu_hierarchy AS (
				-- Anchor member: root nodes
				SELECT 
					1 as level,
					A.MENU_ID,
					A.MENU_NM,
					A.HRNK_MENU_ID,
					A.SORT_SEQC
				FROM TB_SYS002 A 
				WHERE A.USE_YN = 'Y'
				  AND A.HRNK_MENU_ID IS NULL
				
				UNION ALL
				
				-- Recursive member: child nodes
				SELECT 
					mh.level + 1,
					A.MENU_ID,
					A.MENU_NM,
					A.HRNK_MENU_ID,
					A.SORT_SEQC
				FROM TB_SYS002 A
				INNER JOIN menu_hierarchy mh ON A.HRNK_MENU_ID = mh.MENU_ID
				WHERE A.USE_YN = 'Y'
			)
			SELECT mh.level
				  ,mh.MENU_ID
				  ,mh.MENU_NM
				  ,CASE WHEN (SELECT USE_YN FROM TB_USR004 B WHERE B.MENU_ID = mh.MENU_ID AND B.USR_ID = #{usrId}) = 'Y' THEN '1' ELSE '0' END USE_YN
				  ,CASE WHEN (SELECT ANEW_BTN_AUTH_YN FROM TB_USR004 B WHERE B.MENU_ID = mh.MENU_ID AND B.USR_ID = #{usrId}) = 'Y' THEN '1' ELSE '0' END ANEW_BTN_AUTH_YN
				  ,CASE WHEN (SELECT INQRY_BTN_AUTH_YN FROM TB_USR004 B WHERE B.MENU_ID = mh.MENU_ID AND B.USR_ID = #{usrId}) = 'Y' THEN '1' ELSE '0' END INQRY_BTN_AUTH_YN
				  ,CASE WHEN (SELECT STOR_BTN_AUTH_YN FROM TB_USR004 B WHERE B.MENU_ID = mh.MENU_ID AND B.USR_ID = #{usrId}) = 'Y' THEN '1' ELSE '0' END STOR_BTN_AUTH_YN
				  ,CASE WHEN (SELECT DEL_BTN_AUTH_YN FROM TB_USR004 B WHERE B.MENU_ID = mh.MENU_ID AND B.USR_ID = #{usrId}) = 'Y' THEN '1' ELSE '0' END DEL_BTN_AUTH_YN
				  ,CASE WHEN (SELECT OUTPT_BTN_AUTH_YN FROM TB_USR004 B WHERE B.MENU_ID = mh.MENU_ID AND B.USR_ID = #{usrId}) = 'Y' THEN '1' ELSE '0' END OUTPT_BTN_AUTH_YN
				  ,CASE WHEN (SELECT XLS_BTN_AUTH_YN FROM TB_USR004 B WHERE B.MENU_ID = mh.MENU_ID AND B.USR_ID = #{usrId}) = 'Y' THEN '1' ELSE '0' END XLS_BTN_AUTH_YN
				  ,0 AS CHK
				  ,COALESCE((SELECT USR_ID FROM TB_USR004 B WHERE B.MENU_ID = mh.MENU_ID AND B.USR_ID = #{usrId}),#{usrId}) USR_ID
				  ,CASE WHEN (SELECT max(btn_id) FROM TB_SYS006 c WHERE c.MENU_ID = mh.menu_id) IS NULL THEN '0' ELSE '1' END sprtly_btn_auth_yn
			  FROM menu_hierarchy mh
			  ORDER BY mh.level, mh.SORT_SEQC
		]]>
	</select>


<select id="usrSprtlyMenuMgtDao.retrieveUsrSprtlyMenuMgtUsrChk" resultType="ohMap">		
 		<![CDATA[	
 				${queryId}
			SELECT USR_ID		
			  FROM TB_USR001 A		
			 WHERE A.SPRTLY_MENU_USE_YN = 'Y'
			   AND USR_ID = #{usrId}
		]]>
	</select>


<select id="usrSprtlyMenuMgtDao.retrieveUsrSprtlyMenuMgtChk" resultType="ohMap">		
 		<![CDATA[	
 			${queryId}	
			SELECT USR_ID
				  ,MENU_ID
				  ,ANEW_BTN_AUTH_YN
				  ,INQRY_BTN_AUTH_YN
				  ,STOR_BTN_AUTH_YN
				  ,DEL_BTN_AUTH_YN
				  ,OUTPT_BTN_AUTH_YN
				  ,XLS_BTN_AUTH_YN
				  ,USE_YN
			 FROM TB_USR004
			WHERE 1=1
			  AND USR_ID = #{usrId}
			  AND MENU_ID = #{menuId}
		]]>
	</select>

	<!-- 2025-06-18 Amazon Q Developer : Converted SYSDATE to CURRENT_TIMESTAMP -->
<update id="usrSprtlyMenuMgtDao.updateUsrSprtlyMenuUseYn">
   		
        <![CDATA[
        	${queryId}
			UPDATE TB_USR001
			   SET SPRTLY_MENU_USE_YN = #{sprtlyMenuUseYn}
				  ,MODER_ID	  		  = #{lgnUsrId}
				  ,MOD_DATE 		  = CURRENT_TIMESTAMP
			 WHERE USR_ID = #{usrId}
        ]]>
    </update>

	<!-- 2025-06-18 Amazon Q Developer : Converted DECODE to CASE WHEN and SYSDATE to CURRENT_TIMESTAMP -->
<insert id="usrSprtlyMenuMgtDao.insertUsrSprtlyMenuMgt">
   		
        <![CDATA[
        	${queryId}
		  	INSERT INTO TB_USR004
				  (USR_ID
				  ,MENU_ID
				  ,ANEW_BTN_AUTH_YN
				  ,INQRY_BTN_AUTH_YN
				  ,STOR_BTN_AUTH_YN
				  ,DEL_BTN_AUTH_YN
				  ,OUTPT_BTN_AUTH_YN
				  ,XLS_BTN_AUTH_YN
				  ,USE_YN
				  ,RGTER_ID
				  ,RGT_DATE
				  ,MODER_ID
				  ,MOD_DATE)
				VALUES
				  (#{usrId}
				  ,#{menuId}
				  ,CASE WHEN #{anewBtnAuthYn} = 1 THEN 'Y' ELSE 'N' END
			      ,CASE WHEN #{inqryBtnAuthYn} = 1 THEN 'Y' ELSE 'N' END
			      ,CASE WHEN #{storBtnAuthYn} = 1 THEN 'Y' ELSE 'N' END
			      ,CASE WHEN #{delBtnAuthYn} = 1 THEN 'Y' ELSE 'N' END
			      ,CASE WHEN #{outptBtnAuthYn} = 1 THEN 'Y' ELSE 'N' END
			      ,CASE WHEN #{xlsBtnAuthYn} = 1 THEN 'Y' ELSE 'N' END
			      ,CASE WHEN #{useYn} = 1 THEN 'Y' ELSE 'N' END
				  ,#{lgnUsrId}
				  ,CURRENT_TIMESTAMP
				  ,#{lgnUsrId}
				  ,CURRENT_TIMESTAMP
				  )

        ]]>
    </insert>

	<!-- 2025-06-18 Amazon Q Developer : Converted DECODE to CASE WHEN and SYSDATE to CURRENT_TIMESTAMP -->
<update id="usrSprtlyMenuMgtDao.updateUsrSprtlyMenuMgt">
   		
        <![CDATA[
        	${queryId}
			UPDATE TB_USR004
			   SET ANEW_BTN_AUTH_YN	  = CASE WHEN #{anewBtnAuthYn} = 1 THEN 'Y' ELSE 'N' END
			      ,INQRY_BTN_AUTH_YN  = CASE WHEN #{inqryBtnAuthYn} = 1 THEN 'Y' ELSE 'N' END
			      ,STOR_BTN_AUTH_YN	  = CASE WHEN #{storBtnAuthYn} = 1 THEN 'Y' ELSE 'N' END
			      ,DEL_BTN_AUTH_YN	  = CASE WHEN #{delBtnAuthYn} = 1 THEN 'Y' ELSE 'N' END
			      ,OUTPT_BTN_AUTH_YN  = CASE WHEN #{outptBtnAuthYn} = 1 THEN 'Y' ELSE 'N' END
			      ,XLS_BTN_AUTH_YN	  = CASE WHEN #{xlsBtnAuthYn} = 1 THEN 'Y' ELSE 'N' END
			      ,USE_YN	  		  = CASE WHEN #{useYn} = 1 THEN 'Y' ELSE 'N' END
				  ,MODER_ID	  		  = #{lgnUsrId}
				  ,MOD_DATE 		  = CURRENT_TIMESTAMP
			 WHERE USR_ID = #{usrId}
			  AND MENU_ID = #{menuId}


        ]]>
    </update>

</mapper>
