<?xml version="1.0" encoding="UTF-8"?>
<!DOCTYPE mapper   PUBLIC "-//mybatis.org//DTD Mapper 3.0//EN" "http://mybatis.org/dtd/mybatis-3-mapper.dtd">

<mapper namespace="usrSprtlyBtnAuthYnDao">

	<select id="usrSprtlyBtnAuthYnDao.retrieveUsrSprtlyBtnAuthYnList" resultType="ohMap">		
 		<![CDATA[
 		${queryId}
			SELECT '0' AS CHK
			      ,#{usrId} AS usr_id 
				  ,a.MENU_ID
			      ,a.BTN_ID
			      ,(SELECT c.COM_CD_NM 
			          FROM TB_COM001 c 
			         WHERE c.GRP_CD = 'SY003' 
			           AND c.USE_YN = 'Y' 
			           AND COM_CD = a.BTN_ID) AS BTN_NM
			      ,DECODE(b.auth_yn,'Y','1','0') AS auth_yn
			      ,a.USE_YN		
			  FROM TB_SYS006 a,  TB_USR008 b		
			 WHERE a.use_yn = 'Y'		
			   AND a.MENU_ID = b.MENU_ID(+)		
			   AND a.BTN_ID = b.BTN_ID(+)		
			   AND b.usr_id(+) = #{usrId}		
			   AND a.MENU_ID = #{menuId}		

		]]>
	</select>
	
	<select id="usrSprtlyBtnAuthYnDao.retrieveUsrSprtlyBtnAuthYn" resultType="ohMap">		
 		<![CDATA[
 		${queryId}
			SELECT a.usr_id 
				  ,a.MENU_ID
			      ,a.BTN_ID
			      ,a.auth_yn
			      ,a.USE_YN		
			  FROM  TB_USR008 a	
			 WHERE a.use_yn = 'Y'	
			   AND a.usr_id(+) = #{usrId}		
			   AND a.MENU_ID = #{menuId}	
			   AND a.BTN_ID = #{btnId}	

		]]>
	</select>
	
	
	<insert id="usrSprtlyBtnAuthYnDao.insertUsrSprtlyBtnAuthYn">   		
        <![CDATA[
        ${queryId}
		 INSERT INTO TB_USR008
  			   (usr_id
  			   , menu_id
  			   , btn_id
  			   , auth_yn
  			   , use_yn
  			   , rgter_id
  			   , rgt_date
  			   , moder_id
  			   , mod_date)
		 VALUES
  			   (#{usrId}
  			   ,#{menuId}
  			   ,#{btnId}
  			   ,DECODE(#{authYn},'1','Y','N')
  			   ,#{useYn}
  			   ,#{loginUsrId}
  			   ,SYSDATE
  			   ,#{loginUsrId}
  			   ,SYSDATE)

        ]]>
    </insert>    
    
    <update id="usrSprtlyBtnAuthYnDao.updateUsrSprtlyBtnAuthYn">   		
        <![CDATA[
        ${queryId}
			UPDATE TB_USR008
			   SET auth_yn= DECODE(#{authYn},'1','Y','N')
				  ,use_yn= #{useYn}
				  ,moder_id= #{loginUsrId}
				  ,mod_date= SYSDATE
			 WHERE usr_id= #{usrId}
			   AND menu_id= #{menuId}
			   AND btn_id= #{btnId}
        ]]>
    </update> 
    


</mapper>
