<?xml version="1.0" encoding="UTF-8"?>
<!DOCTYPE mapper   PUBLIC "-//mybatis.org//DTD Mapper 3.0//EN" "http://mybatis.org/dtd/mybatis-3-mapper.dtd">
<mapper namespace="usrSprtlyBtnAuthYnDao">

	<!-- 2025-06-18 Amazon Q Developer : Converted DECODE to CASE WHEN and Oracle outer join to LEFT JOIN -->
	<select id="usrSprtlyBtnAuthYnDao.retrieveUsrSprtlyBtnAuthYnList" resultType="ohMap">		
 		<![CDATA[
 		${queryId}
			SELECT '0' AS CHK
			      ,#{usrId} AS usr_id 
				  ,a.MENU_ID
			      ,a.BTN_ID
			      ,(SELECT c.COM_CD_NM 
			          FROM TB_COM001 c 
			         WHERE c.GRP_CD = 'SY003' 
			           AND c.USE_YN = 'Y' 
			           AND COM_CD = a.BTN_ID) AS BTN_NM
			      ,CASE WHEN b.auth_yn = 'Y' THEN '1' ELSE '0' END AS auth_yn
			      ,a.USE_YN		
			  FROM TB_SYS006 a
			  LEFT JOIN TB_USR008 b ON (a.MENU_ID = b.MENU_ID AND a.BTN_ID = b.BTN_ID AND b.usr_id = #{usrId})
			 WHERE a.use_yn = 'Y'		
			   AND a.MENU_ID = #{menuId}		

		]]>
	</select>

	<!-- 2025-06-18 Amazon Q Developer : Converted Oracle outer join to standard WHERE clause -->
	<select id="usrSprtlyBtnAuthYnDao.retrieveUsrSprtlyBtnAuthYn" resultType="ohMap">		
 		<![CDATA[
 		${queryId}
			SELECT a.usr_id 
				  ,a.MENU_ID
			      ,a.BTN_ID
			      ,a.auth_yn
			      ,a.USE_YN		
			  FROM  TB_USR008 a	
			 WHERE a.use_yn = 'Y'	
			   AND a.usr_id = #{usrId}		
			   AND a.MENU_ID = #{menuId}	
			   AND a.BTN_ID = #{btnId}	

		]]>
	</select>

	<!-- 2025-06-18 Amazon Q Developer : Converted DECODE to CASE WHEN and SYSDATE to CURRENT_TIMESTAMP -->
	<insert id="usrSprtlyBtnAuthYnDao.insertUsrSprtlyBtnAuthYn">   		
        <![CDATA[
        ${queryId}
		 INSERT INTO TB_USR008
  			   (usr_id
  			   , menu_id
  			   , btn_id
  			   , auth_yn
  			   , use_yn
  			   , rgter_id
  			   , rgt_date
  			   , moder_id
  			   , mod_date)
		 VALUES
  			   (#{usrId}
  			   ,#{menuId}
  			   ,#{btnId}
  			   ,CASE WHEN #{authYn} = '1' THEN 'Y' ELSE 'N' END
  			   ,#{useYn}
  			   ,#{loginUsrId}
  			   ,CURRENT_TIMESTAMP
  			   ,#{loginUsrId}
  			   ,CURRENT_TIMESTAMP)

        ]]>
    </insert>

	<!-- 2025-06-18 Amazon Q Developer : Converted DECODE to CASE WHEN and SYSDATE to CURRENT_TIMESTAMP -->
	<update id="usrSprtlyBtnAuthYnDao.updateUsrSprtlyBtnAuthYn">   		
        <![CDATA[
        ${queryId}
			UPDATE TB_USR008
			   SET auth_yn= CASE WHEN #{authYn} = '1' THEN 'Y' ELSE 'N' END
				  ,use_yn= #{useYn}
				  ,moder_id= #{loginUsrId}
				  ,mod_date= CURRENT_TIMESTAMP
			 WHERE usr_id= #{usrId}
			   AND menu_id= #{menuId}
			   AND btn_id= #{btnId}
        ]]>
    </update>

</mapper>
