<?xml version="1.0" encoding="UTF-8"?>
<!DOCTYPE mapper   PUBLIC "-//mybatis.org//DTD Mapper 3.0//EN" "http://mybatis.org/dtd/mybatis-3-mapper.dtd">

<mapper namespace="codeDao">


	<select id="codeDao.retrieveCode" resultType="ohMap">
 		<![CDATA[
			${queryId}
			SELECT GRP_CD 	
			      ,COM_CD
			      ,COM_CD_NM
			      ,USE_YN
			      ,RGTER_ID
			      ,RGT_DATE 
			      ,MODER_ID
			      ,MOD_DATE
			  FROM TB_COM001
		]]>
		<if test="comCdNm != null and comCdNm !=''">
			 WHERE COM_CD_NM LIKE '%'||#{comCdNm}||'%'
		</if>
			 
			 


	</select>

	<select id="codeDao.retrieveCodeGroup" resultType="ohMap">
 		<![CDATA[
			${queryId}
			SELECT GRP_CD 	
			      ,COM_CD
			      ,COM_CD_NM
			      ,USE_YN
			      ,RGTER_ID
			      ,RGT_DATE 
			      ,MODER_ID
			      ,MOD_DATE
			  FROM TB_COM001
		]]>
		<if test="comCdNm != null and comCdNm !=''">
			 WHERE COM_CD_NM LIKE '%'||#{comCdNm}||'%'
		</if>
	</select>


	 <insert id="codeDao.insertCode">
        <![CDATA[
			${queryId}
		  INSERT INTO TB_COM001
		  (   GRP_CD
			  ,COM_CD       
			  ,COM_CD_NM      
			  ,SORT_SEQC     
			  ,USE_YN         
			  ,RGTER_ID     
			  ,RGT_DATE      
			  ,MODER_ID     
			  ,MOD_DATE  )
		 VALUES 
		   (#{cmnCdGroupNm}
		      ,#{cmnCd}      
		      ,#{cmnCdNm}    
		      ,#{inqrySeqc}     
		      ,#{useYn}         
		      ,#{usrId}     
		      ,sysdate    
		      ,#{usrId}     
		      ,sysdate)
        ]]>
    </insert>       
    
        
    <delete id="codeDao.deleteCode">
        <![CDATA[
   		   	${queryId}
			DELETE TB_COM001 A
			WHERE GRP_CD   = #{cmnCdGroupId}
			  AND COM_CD   = #{cmnCd}

        ]]>
    </delete>   

    <update id="codeDao.updateCode">
        <![CDATA[
			${queryId}
			UPDATE TB_COM001 A
			SET GRP_CD   =  #{cmnCdGroupNm},
			    COM_CD_NM         = #{cmnCdNm},
			    SORT_SEQC        = #{inqrySeqc},
			    USE_YN            = #{useYn},
			    MODER_ID        = #{usrId},
			    MOD_DATE         = sysdate
			WHERE GRP_CD   = #{cmnCdGroupId}
			  AND COM_CD            = #{cmnCd}     
        ]]>
    </update> 

      
</mapper>
