<?xml version="1.0" encoding="UTF-8"?>
<!DOCTYPE mapper   PUBLIC "-//mybatis.org//DTD Mapper 3.0//EN" "http://mybatis.org/dtd/mybatis-3-mapper.dtd">
<mapper namespace="popCloseMgtDao">

<!-- 2025-06-18 Amazon Q Developer : Converted Oracle SQL to PostgreSQL - NVL to COALESCE, Oracle outer join to LEFT JOIN, TO_CHAR date formatting, SUBSTR to SUBSTRING -->
<!-- POP 마감 조회 -->
<select id="popCloseMgtDao.retrievePopCloseList" resultType="ohMap">
 		<![CDATA[
 			${queryId}
			SELECT '0' AS CHK
			     , A.CORP_CD																									
			     , TO_CHAR(A.ORDRG_DT, 'YYYYMMDD') AS ORDRG_DT																									
			     , A.POP_CD																									
			     , MAX(B.POP_NM) POP_NM			
			     , COALESCE(C.CLOSE_YN,'N')  CLOSE_YN
			     , A.DOC_RCVSND_RQST_YN
                 , C.CLOSE_DT
                 , SUM(A.ORDRG_QTY) AS ORDRG_QTY
			  FROM TB_MPP002 A
			     , TB_MPP003 B
			     LEFT JOIN TB_MPP004 C ON (A.CORP_CD = C.CORP_CD AND A.POP_CD = C.POP_CD AND A.ORDRG_DT = C.ORDRG_DT)
			 WHERE A.CORP_CD = B.CORP_CD
			   AND A.POP_CD  = B.POP_CD
			   AND A.CORP_CD = #{corpCd}
		]]>   
		<if test="lgcsfCd != null and lgcsfCd !=''">
			AND B.DRNG_CD = #{lgcsfCd}
		</if>
		<if test="smcsfCd != null and smcsfCd !=''">
			AND B.SM_CD   = SUBSTRING(#{smcsfCd}, 6, 2)
		</if>
		<if test="popNm != null and popNm !=''">
			AND B.POP_NM LIKE '%'|| #{popNm} || '%'
		</if>
 		<![CDATA[	   
			   AND A.ORDRG_DT BETWEEN TO_DATE(#{ordrgFrDt}, 'YYYYMMDD') AND TO_DATE(#{ordrgToDt}, 'YYYYMMDD')																									
			 GROUP BY A.CORP_CD, A.ORDRG_DT, A.POP_CD, C.CLOSE_YN, A.DOC_RCVSND_RQST_YN, C.CLOSE_DT
			 ORDER BY A.POP_CD, A.ORDRG_DT
		]]>
	</select>

<!-- 2025-06-18 Amazon Q Developer : Converted Oracle SQL to PostgreSQL - Oracle outer join to LEFT JOIN, SUBSTR to SUBSTRING -->
<!-- POP 마감 조회(갯수) -->
<select id="popCloseMgtDao.retrievePopCloseListCnt" resultType="ohMap">		
 		<![CDATA[
 			${queryId}
			SELECT COUNT(*) AS CNT
			  FROM (
					SELECT A.CORP_CD																								
					  FROM TB_MPP002 A
					     , TB_MPP003 B
					     LEFT JOIN TB_MPP004 C ON (A.CORP_CD = C.CORP_CD AND A.POP_CD = C.POP_CD AND A.ORDRG_DT = C.ORDRG_DT)
					 WHERE A.CORP_CD = B.CORP_CD
					   AND A.POP_CD  = B.POP_CD
					   AND A.CORP_CD = #{corpCd}
		]]>   
		<if test="lgcsfCd != null and lgcsfCd !=''">
			AND B.DRNG_CD = #{lgcsfCd}
		</if>
		<if test="smcsfCd != null and smcsfCd !=''">
			AND B.SM_CD   = SUBSTRING(#{smcsfCd}, 6, 2)
		</if>
		<if test="popNm != null and popNm !=''">
			AND B.POP_NM LIKE '%'|| #{popNm} || '%'
		</if>
 		<![CDATA[	   
			   AND A.ORDRG_DT BETWEEN TO_DATE(#{ordrgFrDt}, 'YYYYMMDD') AND TO_DATE(#{ordrgToDt}, 'YYYYMMDD')																									
			 GROUP BY A.CORP_CD, A.ORDRG_DT, A.POP_CD, A.CLOSE_YN, A.DOC_RCVSND_RQST_YN, C.CLOSE_DT
			)
		]]>
	</select>

<!-- 2025-06-18 Amazon Q Developer : Converted Oracle SQL to PostgreSQL - SYSDATE to CURRENT_TIMESTAMP -->
<!-- POP 마감 조회(갯수) -->
<insert id="popCloseMgtDao.insertPopCloseMgt">
 		<![CDATA[ 	
 		${queryId}
		INSERT INTO TB_MPP004   
		 (
		    CORP_CD
		    , POP_CD
		    , ORDRG_DT
		    , CLOSE_DT
		    , CLOSE_YN
		    , RGTER_ID
		    , RGT_DATE
		    , MODER_ID
		    , MOD_DATE
		  )
		VALUES 
		 (
			#{corpCd}
			, #{popCd}
			, #{ordrgDt}
			, CURRENT_TIMESTAMP
			, 'Y'
			, #{usrId}
			, CURRENT_TIMESTAMP
			, #{usrId}
			, CURRENT_TIMESTAMP
		 )
	]]>
	</insert>

<!-- 2025-06-18 Amazon Q Developer : Converted Oracle SQL to PostgreSQL - NVL to COALESCE -->
<!-- POP 마감 조회(갯수) -->
<update id="popCloseMgtDao.updatePopCloseMgt">
 		<![CDATA[ 	
 		${queryId}
			UPDATE TB_MPP002 A
			   SET CLOSE_YN = 'Y'
			 WHERE CORP_CD		= #{corpCd}
			   AND ORDRG_DT		= TO_DATE(#{ordrgDt},'YYYYMMDD')
			   AND POP_CD       = #{popCd}
			   AND COALESCE(CLOSE_YN, 'N') = 'N'
        ]]>
	</update>

<!-- 2025-06-18 Amazon Q Developer : Converted Oracle SQL to PostgreSQL - TRUNC(SYSDATE) to CURRENT_DATE, Oracle outer join to LEFT JOIN, SUBSTR to SUBSTRING, SYSDATE to CURRENT_TIMESTAMP -->
<!-- POP 마감 조회(갯수) -->
<select id="popCloseMgtDao.retrievePopCloseExcelList" resultType="ohMap">
 		<![CDATA[
 			${queryId}
			SELECT A.ORDRG_DT
		         , A.DEPT_CD
		         , D.CLHA_CTR_CD AS CHLA_CENTER
		         , OAS_APP.FC_COM_GET_BUSIPLNM(D.CORP_CD, D.CLHA_CTR_CD, CURRENT_DATE) CHLA_NM
		         , A.BUSIPL_CD
		         , OAS_APP.FC_COM_GET_BUSIPLNM(A.CORP_CD, A.BUSIPL_CD, CURRENT_DATE) BUSIPL_NM
		         , C.USR_NM
		         , E.RCPTER_ZIPCD
		         , E.DRDLVR_GOOD_ADDR
		         , E.TELNO_1
		         , E.TELNO_2
		         , A.POP_CD
		         , B.POP_NM
		         , A.CNTS
		         , A.ORDRG_QTY
		         , D.DLVR_GR_CD DLVR_CD
		         , A.DEL_YN
			  FROM TB_MPP002 A
			     , TB_MPP003 B
			     , TB_USR001 C
			     , OAS_APP.TB_MBU005 D
			     LEFT JOIN (

					    --최근 등록한 직송 주소 / 전화번호를 가져온다.
				        SELECT
						      A1.CORP_CD     		as CORP_CD
						     ,A1.STR_CD   			as BUSIPL_CD
						     ,A1.DEPT_CD  			as DEPT_CD
						     ,A1.RCPTER_ZIPCD       as RCPTER_ZIPCD --우편번호
						     ,A1.DRDLVR_GOOD_ADDR   as DRDLVR_GOOD_ADDR --주소
						     ,A1.TELNO_1            as TELNO_1      	--전화1
						     ,A1.TELNO_2            as TELNO_2    		--전화2
						  FROM TB_MOR005 A1
						     ,(
						        --최근 등록한 정보를 가져와서 조인 작업을 진행한다.
						        SELECT CORP_CD
						             , STR_CD
						             , DEPT_CD
						             , MAX(IWH_DT) IWH_DT --최근 등록한 일자.
								  FROM TB_MOR005
								 WHERE IWH_DT <= CURRENT_TIMESTAMP  --오늘 이전에 등록한 최근 일자
								 GROUP
								    BY CORP_CD
						             , STR_CD
						             , DEPT_CD
						       ) B1
						 WHERE A1.CORP_CD  = B1.CORP_CD
						   AND A1.STR_CD   = B1.STR_CD
						   AND A1.DEPT_CD  = B1.DEPT_CD
						   AND A1.IWH_DT   = B1.IWH_DT
						   
			       ) E ON (A.CORP_CD = E.CORP_CD AND A.BUSIPL_CD = E.BUSIPL_CD AND A.DEPT_CD = E.DEPT_CD)
			 WHERE A.RGTER_ID  = C.USR_ID
			   AND A.CORP_CD   = B.CORP_CD
			   AND A.POP_CD    = B.POP_CD
			   AND A.CORP_CD   = D.CORP_CD
			   AND A.BUSIPL_CD = D.BUSIPL_CD
			   AND CURRENT_DATE BETWEEN D.APLY_ST_DT AND D.APLY_ED_DT																					
			   AND A.CORP_CD = #{corpCd}																						
			   AND A.ORDRG_DT BETWEEN TO_DATE(#{ordrgFrDt}, 'YYYYMMDD') AND TO_DATE(#{ordrgToDt}, 'YYYYMMDD')																						
		]]>
		<if test="lgcsfCd != null and lgcsfCd !=''">
			AND B.DRNG_CD = #{lgcsfCd}
		</if>
		<if test="smcsfCd != null and smcsfCd !=''">
			AND B.SM_CD   = SUBSTRING(#{smcsfCd}, 6, 2)
		</if>
		
		<if test="popNm != null and popNm !=''">
			AND B.POP_NM LIKE '%'|| #{popNm} || '%'
		</if>
		<![CDATA[
		    ORDER BY A.POP_CD, A.ORDRG_DT 
		]]>
	</select>

<!-- 2025-06-18 Amazon Q Developer : Converted Oracle SQL to PostgreSQL - Oracle outer join to LEFT JOIN, NVL to COALESCE -->
<!-- POP 문서수발 대상-->
<select id="popCloseMgtDao.retrievePopDocList" resultType="ohMap">
 		<![CDATA[
 			${queryId}
			SELECT  A.CORP_CD                                                  
		          , A.POP_CD                                                 
		          , MAX(B.POP_NM) AS POP_NM 
		          , A.BUSIPL_CD   AS RCV_BLDG_CD
		          , A.DEPT_CD 	  AS RCV_DEPT_CD   
		          , A.RGTER_ID    AS RCVER_EMPNO   
		          , SUM(A.ORDRG_QTY) AS ORDRG_QTY
			  FROM TB_MPP002 A
			     , TB_MPP003 B
			     LEFT JOIN TB_MPP004 C ON (A.CORP_CD = C.CORP_CD AND A.POP_CD = C.POP_CD AND A.ORDRG_DT = C.ORDRG_DT)
			 WHERE A.CORP_CD = B.CORP_CD
			   AND A.POP_CD  = B.POP_CD
			   AND A.CORP_CD = #{corpCd}		
			   AND A.POP_CD  = #{popCd}	   
			   AND A.ORDRG_DT = TO_DATE(#{ordrgDt}, 'YYYYMMDD')	
			   AND COALESCE(A.CLOSE_YN,'N') = 'Y'		
			   AND COALESCE(A.DOC_RCVSND_RQST_YN,'N')= 'N'																		
			 GROUP BY A.CORP_CD, A.POP_CD, A.BUSIPL_CD, A.DEPT_CD, A.RGTER_ID
		]]>
	</select>

</mapper>
