<?xml version="1.0" encoding="UTF-8"?>
<!DOCTYPE mapper   PUBLIC "-//mybatis.org//DTD Mapper 3.0//EN" "http://mybatis.org/dtd/mybatis-3-mapper.dtd">
<mapper namespace="popMstrRgtMgtDao">

<!-- 2025-06-18 Amazon Q Developer : Converted Oracle outer joins, date functions, and SYSDATE -->
<!-- POP마스터 등록 조회 -->
<select id="popMstrRgtMgtDao.retrievePopMstrList" resultType="ohMap">
 		<![CDATA[
 		${queryId}
		SELECT '0' AS CHK
		     , A.CORP_CD
		     , A.DRNG_CD
		     , A.DRNG_CD||A.SM_CD AS SM_CD
		     , A.POP_CD
		     , A.POP_NM
		     , A.CNSTR_CND_CD
		     , TO_CHAR(A.CNSTR_CND_APLY_DT, 'YYYYMMDD') AS CNSTR_CND_APLY_DT
		     , A.SPLPRC
		     , A.TXNCONN_CD
		     , CASE WHEN B.TXNCONN_NM_APLY_DT <= DATE_TRUNC('day', CURRENT_TIMESTAMP) THEN B.NEW_TXNCONN_NM
		            ELSE B.OLD_TXNCONN_NM
		        END TXNCONN_NM
		     , A.USE_INFO
		     , A.ATCH_FILE_ID
			 , (SELECT ATCH_FILE_NM
			      FROM TB_COM003
			     WHERE ATCH_FILE_ID 	= A.ATCH_FILE_ID
			       AND ATCH_FILE_SEQ 	= 1
			       AND DEL_YN <> 'Y'
			   ) AS ATCH_FILE_NM
			 , A.DRECT_INPT_YN
		     , TO_CHAR(A.ORD_PSB_ST_DT, 'YYYYMMDD') AS ORD_PSB_ST_DT
		     , TO_CHAR(A.ORD_PSB_ED_DT, 'YYYYMMDD') AS ORD_PSB_ED_DT
		  FROM TB_MPP003 A
		  LEFT OUTER JOIN OAS_APP.TB_MCU005 B ON A.CORP_CD = B.CORP_CD AND A.TXNCONN_CD = B.TXNCONN_CD
		 WHERE A.DEL_YN <> 'Y'
		]]>
		<if test="corpCd != null and corpCd !=''">
			AND A.CORP_CD = #{corpCd}
		</if>
		<if test="lgcsfCd != null and lgcsfCd !=''">
			AND A.DRNG_CD = #{lgcsfCd}
		</if>
		<if test="smcsfCd != null and smcsfCd !=''">
			AND A.SM_CD   = SUBSTRING(#{smcsfCd}, 6, 2)
		</if>	
		  ORDER BY A.ORD_PSB_ST_DT, A.POP_NM
		
		 
	</select>

<!-- 2025-06-18 Amazon Q Developer : No conversion needed - standard SQL -->
<!-- POP마스터 등록 첨부파일 조회 -->
<select id="popMstrRgtMgtDao.retrievePopFileList" resultType="ohMap">
 		<![CDATA[
 			${queryId}
			SELECT A.ATCH_FILE_ID
				 , A.ATCH_FILE_SEQ
				 , A.ATCH_FILE_NM	AS FILE_NAME
				 , A.STOR_FILE_NM	AS SAVE_FILE_NAME
				 , A.STOR_ROUTE		AS FILE_PATH
			  FROM TB_COM003 A
			 WHERE A.ATCH_FILE_ID	= #{atchFileId}
			   AND A.DEL_YN			<> 'Y'
		]]>
	</select>

<!-- 2025-06-18 Amazon Q Developer : Converted date functions, string concatenation, and SYSDATE -->
<!-- POP 마스터 등록 저장(INSERT) -->
<insert id="popMstrRgtMgtDao.insertPopMstrMgt">
 		<![CDATA[ 	
 		${queryId}
		INSERT INTO TB_MPP003   
		 (
			CORP_CD
			, POP_CD
			, POP_NM
			, DRNG_CD
			, SM_CD
			, CNSTR_CND_CD
			, CNSTR_CND_APLY_DT
			, SPLPRC
			, USE_INFO
			, TXNCONN_CD
			, DRECT_INPT_YN
			, ATCH_FILE_ID
			, RGTER_ID
			, RGT_DATE
			, MODER_ID
			, MOD_DATE
			, DEL_YN
			, ORD_PSB_ST_DT
			, ORD_PSB_ED_DT
		  )
		VALUES 
		 (
			#{corpCd}
			, (SELECT 'POP_'||(TO_CHAR(CURRENT_TIMESTAMP, 'YYYY')||'00'||(COALESCE(MAX(SUBSTRING(POP_CD, LENGTH(POP_CD)-3)), '0')::integer+1)) 
			     FROM TB_MPP003) 
			, #{popNm}
			, #{drngCd}
			, SUBSTRING(#{smCd}, 6, 2)
			, #{cnstrCndCd}
			, TO_DATE(#{cnstrCndAplyDt}, 'YYYYMMDD')
			, #{splprc}
			, #{useInfo}
			, #{txnconnCd}
			, #{drectInptYn}
			, #{atchFileId}
			, #{usrId}
			, CURRENT_TIMESTAMP 
			, #{usrId}
			, CURRENT_TIMESTAMP
			, 'N'
			, TO_DATE(#{ordPsbStDt}, 'YYYYMMDD')
			, TO_DATE(#{ordPsbEdDt}, 'YYYYMMDD')
		 )
	]]>
	</insert>

<!-- 2025-06-18 Amazon Q Developer : Converted date functions and SYSDATE -->
<!-- POP 마스터 등록 저장(UPDATE) -->
<update id="popMstrRgtMgtDao.updatePopMstrMgt">
 		<![CDATA[ 	
 		${queryId}
		UPDATE TB_MPP003 A
		   SET CNSTR_CND_CD	= #{cnstrCndCd}
	    	 , CNSTR_CND_APLY_DT = TO_DATE(#{cnstrCndAplyDt}, 'YYYYMMDD')
	    	 , SPLPRC		= #{splprc}
	    	 , USE_INFO		= #{useInfo}
	    	 , DRNG_CD		= #{drngCd}
	    	 , SM_CD		= SUBSTRING(#{smCd}, 6, 2)
	    	 , TXNCONN_CD	= #{txnconnCd}
	    	 , DRECT_INPT_YN = #{drectInptYn}
	    	 , ORD_PSB_ST_DT	= TO_DATE(#{ordPsbStDt}, 'YYYYMMDD')
	    	 , ORD_PSB_ED_DT	= TO_DATE(#{ordPsbEdDt}, 'YYYYMMDD')
	    ]]>
		<if test="atchFileId != null and atchFileId !=''">
			 , ATCH_FILE_ID = #{atchFileId}
		</if>
	    <![CDATA[	  
	    	 , POP_NM		= #{popNm}
		     , MODER_ID 	= #{usrId}
		     , MOD_DATE 	= CURRENT_TIMESTAMP
		WHERE CORP_CD		= #{corpCd}
		   AND POP_CD		= #{popCd}
        ]]>
	</update>

<!-- 2025-06-18 Amazon Q Developer : No conversion needed - standard SQL -->
<!-- POP 마스터 등록 저장(UPDATE) 삭제여부 -->
<delete id="popMstrRgtMgtDao.deletePopMstrMgt">
 		<![CDATA[ 	
 		${queryId}
			UPDATE TB_MPP003 A
			   SET DEL_YN = 'Y'
			 WHERE CORP_CD	= #{corpCd}
			   AND POP_CD	= #{popCd}
        ]]>
	</delete>

<!-- 2025-06-18 Amazon Q Developer : Converted sequence NEXTVAL and removed FROM DUAL -->
<!-- 첨부파일 ID 생성 -->
<select id="popMstrRgtMgtDao.retrieveSeq" resultType="ohMap">
 		<![CDATA[ 	
 		${queryId}
			SELECT nextval('sq_tb_sys008_notice_seq') AS ATCH_FILE_ID
		]]>
	</select>

<!-- 2025-06-18 Amazon Q Developer : Converted SYSDATE -->
<!-- POP마스터 첨부파일 삭제 -->
<update id="popMstrRgtMgtDao.updateDelFile">
 		<![CDATA[ 	
 		${queryId}
		UPDATE TB_COM003 A
		   SET DEL_YN =  'Y'
			 , MODER_ID	= #{usrId}
    		 , MOD_DATE	= CURRENT_TIMESTAMP
		 WHERE ATCH_FILE_ID = #{atchFileId}
        ]]>
	</update>

<!-- 2025-06-18 Amazon Q Developer : Converted date functions and SYSDATE -->
<!-- 거래처 검색 팝업조회 -->
<select id="popMstrRgtMgtDao.retrieveTxnconnCdSrchListWithPaging" resultType="ohMap">		
 		<![CDATA[
 		${queryId}
		SELECT A.TXNCONN_CD BUYCONN_CD
		     , CASE WHEN A.TXNCONN_NM_APLY_DT <= TO_DATE(TO_CHAR(CURRENT_TIMESTAMP, 'YYYYMMDD'), 'YYYYMMDD') THEN A.NEW_TXNCONN_NM
		            ELSE A.OLD_TXNCONN_NM
		        END AS BUYCONN_NM
		  FROM OAS_APP.TB_MCU005 A
		 WHERE A.CORP_CD = #{corpCd}
		   AND (
		            A.TXNCONN_CD LIKE '%'|| #{txnconnNm} || '%'
		         OR (CASE WHEN A.TXNCONN_NM_APLY_DT <= TO_DATE(TO_CHAR(CURRENT_TIMESTAMP, 'YYYYMMDD'), 'YYYYMMDD') THEN A.NEW_TXNCONN_NM
		                  ELSE A.OLD_TXNCONN_NM
		              END) LIKE '%'|| #{txnconnNm} || '%'
		       )
		]]>

	</select>

<!-- 2025-06-18 Amazon Q Developer : Converted date functions and SYSDATE -->
<!-- 거래처 검색 팝업조회(갯수) -->
<select id="popMstrRgtMgtDao.retrieveTxnconnCdSrchListCnt" resultType="ohMap">		
 		<![CDATA[
 		${queryId}
		SELECT COUNT(*) AS CNT
		  FROM OAS_APP.TB_MCU005 A
		 WHERE A.CORP_CD = #{corpCd}
		   AND (
		            A.TXNCONN_CD LIKE '%'|| #{txnconnNm} || '%'
		         OR (CASE WHEN A.TXNCONN_NM_APLY_DT <= TO_DATE(TO_CHAR(CURRENT_TIMESTAMP, 'YYYYMMDD'), 'YYYYMMDD') THEN A.NEW_TXNCONN_NM
		                  ELSE A.OLD_TXNCONN_NM
		              END) LIKE '%'|| #{txnconnNm} || '%'
		       )
		]]>
	</select>

</mapper>
