<?xml version="1.0" encoding="UTF-8"?>
<!DOCTYPE mapper   PUBLIC "-//mybatis.org//DTD Mapper 3.0//EN" "http://mybatis.org/dtd/mybatis-3-mapper.dtd">

<mapper namespace="popOrdrgMgtDao">

	<!-- 상품정보 조회(소모품 발주) -->
	<select id="popOrdrgMgtDao.retrieveGoodList" resultType="ohMap">		
 		<![CDATA[
 		${queryId}
		SELECT *
		  FROM (
			SELECT '0' AS CHK
			     , A.CORP_CD																									
			     , A.POP_CD																									
			     , A.POP_NM																									
			     , A.SPLPRC																
			     , A.TXNCONN_CD																									
			     , CASE WHEN B.TXNCONN_NM_APLY_DT <= TRUNC(SYSDATE) THEN B.NEW_TXNCONN_NM																									
			            ELSE B.OLD_TXNCONN_NM																									
			        END TXNCONN_NM																									
			     , A.CNSTR_CND_CD											
			     , A.CNSTR_CND_APLY_DT															
			     , A.USE_INFO																		
			     , A.DRECT_INPT_YN																
			     , C.ATCH_FILE_NM																									
			     , C.STOR_ROUTE																									
			     , C.STOR_FILE_NM
			     , REPLACE(C.STOR_ROUTE, '/sorc001/tomcat/OHMROP', '')||'/'||C.STOR_FILE_NM AS FILE_LOC
		         , A.ORD_PSB_ST_DT
		         , A.ORD_PSB_ED_DT
		         , (SELECT FC_GET_POPORD_STATUS(A.CORP_CD, A.POP_CD) FROM DUAL) ORD_STATUS
		         , C.ATCH_FILE_ID
                 , C.ATCH_FILE_SEQ
		      FROM TB_MPP003 A                                                  
		         , OAS_APP.TB_MCU005 B                                                  
		         , TB_COM003 C                                                  
		     WHERE A.CORP_CD = B.CORP_CD(+)                                                  
		       AND A.TXNCONN_CD = B.TXNCONN_CD(+)                                                  
		       AND A.ATCH_FILE_ID = C.ATCH_FILE_ID(+)                                                  
		       AND C.DEL_YN(+)  = 'N'	
		       AND A.DEL_YN <> 'Y'   																								
			   AND A.CORP_CD = #{corpCd}
			   AND A.CNSTR_CND_CD <> 'D'
			]]>
			<if test="lgcsfCd != null and lgcsfCd !=''">
				AND A.DRNG_CD = #{lgcsfCd}
			</if>
			<if test="smcsfCd != null and smcsfCd !=''">
				AND A.SM_CD   = SUBSTR(#{smcsfCd}, 6, 2)
			</if>
			<if test="popNm != null and popNm !=''">
				AND A.POP_NM LIKE '%'|| #{popNm} || '%'
			</if>
		<![CDATA[
			)
			ORDER BY ORD_STATUS DESC, ORD_PSB_ST_DT DESC
		]]>
	</select>

	<!-- POP 발주 조회 -->
	<select id="popOrdrgMgtDao.retrievePopList" resultType="ohMap">
 		<![CDATA[
 		${queryId}
		SELECT A.CORP_CD																		
		     , A.BUSIPL_CD																		
		     , A.DEPT_CD																		
		     , A.POP_CD																		
		     , B.POP_NM																		
		     , B.SPLPRC																		
		     , A.ORDRG_QTY																		
		     , A.CNTS																		
		     , CASE WHEN A.DEL_YN = 'Y' THEN '삭제'																		
		            WHEN A.CLOSE_YN = 'N' THEN '수주마감전'																		
		            WHEN A.DOC_RCVSND_RQST_YN = 'Y' THEN '문서수발요청'																		
		            WHEN A.CLOSE_YN = 'Y' THEN '수주마감'																		
		        END STATUS
		     , A.DEL_YN
		     , A.CLOSE_YN
		     , B.DRECT_INPT_YN
		     , A.SEQC_NO
		     , TO_CHAR(A.ORDRG_DT,'YYYYMMDD') AS ORDRG_DT															
		  FROM TB_MPP002 A																		
		     , TB_MPP003 B																		
		 WHERE A.CORP_CD  = B.CORP_CD										
		   AND A.POP_CD   = B.POP_CD										
		   AND A.DEL_YN   = 'N'
		   AND A.CORP_CD  = #{corpCd}
		]]>
		   
		<if test="deptCd != null and deptCd !=''">
			AND A.DEPT_CD  = #{deptCd}
		</if> 
		<if test="busiplCd != null and busiplCd !=''">
			AND A.BUSIPL_CD  = #{busiplCd}
		</if>																		
		<if test="ordrgDt != null and ordrgDt !=''">
			AND A.ORDRG_DT = #{ordrgDt}
		</if>
		<if test="splprc != null and splprc !=''">
			AND A.SPLPRC   >= #{splprc}
		</if>
		<if test="lgcsfCd != null and lgcsfCd !=''">
			AND B.DRNG_CD = #{lgcsfCd}
		</if>
		<if test="smcsfCd != null and smcsfCd !=''">
			AND B.SM_CD   = SUBSTR(#{smcsfCd}, 6, 2)
		</if>
	</select>	

	<!-- POP 문구 팝업 조회 -->
	<select id="popOrdrgMgtDao.retrievePopSntcSrchListWithPaging" resultType="ohMap">		
 		<![CDATA[
 		${queryId}
		SELECT A.CORP_CD										
		     , A.POP_CD										
		     , A.SEQC_NO										
		     , A.POP_CNTS										
		  FROM TB_MPP001 A										
		 WHERE A.CORP_CD = #{corpCd}										
		   AND A.POP_CD  = #{popCd}										
		   AND A.DEL_YN = 'N'
		]]>
		<if test="popCnts != null and popCnts !=''">
			AND A.POP_CNTS LIKE '%'|| #{popCnts} || '%'
		</if> 
	</select>
	
	<!-- POP 문구 팝업 조회(갯수) -->
	<select id="popOrdrgMgtDao.retrievePopSntcSrchListCnt" resultType="ohMap">		
 		<![CDATA[
 		${queryId}
		SELECT COUNT(*) AS CNT
		  FROM TB_MPP001 A										
		 WHERE A.CORP_CD = #{corpCd}										
		   AND A.POP_CD  = #{popCd}										
		   AND A.DEL_YN = 'N'
		]]>
		<if test="popCnts != null and popCnts !=''">
			AND A.POP_CNTS LIKE '%'|| #{popCnts} || '%'
		</if>
	</select>

	<!-- POP문구 저장(INSERT) -->
	<insert id="popOrdrgMgtDao.insertPopSntcMgt">
 		<![CDATA[ 	
 		${queryId}
		INSERT INTO TB_MPP001 (								
		    CORP_CD								
		  , DRNG_CD								
		  , SM_CD								
		  , POP_CD								
		  , SEQC_NO								
		  , POP_CNTS								
		  , DEL_YN								
		  , RGTER_ID								
		  , RGT_DATE								
		  , MODER_ID								
		  , MOD_DATE								
		)								
		SELECT #{corpCd}								
		     , A.DRNG_CD								
		     , A.SM_CD								
		     , A.POP_CD								
		     , #{seqcNo}								
		     , #{popCnts}								
		     , 'N'								
		     , #{usrId}								
		     , SYSDATE								
		     , #{usrId}								
		     , SYSDATE								
		  FROM TB_MPP003 A								
		 WHERE A.CORP_CD = #{corpCd}								
		   AND A.POP_CD  = #{popCd}
	]]>
	</insert>

	<!-- POP문구 저장(UPDATE) -->
	<update id="popOrdrgMgtDao.updatePopSntcMgt">
 		<![CDATA[ 	
 		${queryId}
			UPDATE TB_MPP001 A
			SET 	SEQC_NO 	= #{seqcNo}
		    	  , POP_CNTS 	= #{popCnts}
			      , MODER_ID 	= #{usrId}
			      , MOD_DATE 	= SYSDATE
			WHERE CORP_CD		= #{corpCd}
			   AND DRNG_CD		= #{lgcsfCd}
			   AND SM_CD		= SUBSTR(#{smcsfCd}, 6, 2)
			   AND POP_CD		= #{popCd}
			   AND SEQC_NO		= #{oldSeqcNo}
        ]]>
	</update>

	<!-- POP 발주 저장(INSERT) -->
	<insert id="popOrdrgMgtDao.insertPopOrdrg">
 		<![CDATA[ 	
 		${queryId}
		INSERT INTO TB_MPP002 (								
			CORP_CD
			, BUSIPL_CD
			, DEPT_CD
			, ORDRG_DT
			, SEQC_NO
			, POP_CD
			, CNTS
			, ORDRG_QTY
			, CLOSE_YN
			, STR_IWH_CNFM_YN
			, DOC_RCVSND_RQST_YN
			, DEL_YN
			, RGTER_ID
			, RGT_DATE
			, MODER_ID
			, MOD_DATE
			, SPLPRC								
		)
		VALUES 
		 (
			#{corpCd}
			, #{busiplCd}
			, #{deptCd}
			, #{ordrgDt}
			, NVL((SELECT MAX(TO_NUMBER(SEQC_NO))+1 
		                    FROM TB_MPP002
                           WHERE CORP_CD = #{corpCd}
                             AND BUSIPL_CD = #{busiplCd}
                             AND DEPT_CD = #{deptCd}
                             AND ORDRG_DT = #{ordrgDt}
                           ),1)
			, #{popCd}
			, #{cnts}
			, #{ordrgQty}
			, 'N'
			, 'N'
			, 'N'
			, 'N'
			, #{usrId}
			, SYSDATE
			, #{usrId}
			, SYSDATE
			, #{splprc}
		 )
	]]>
	</insert>

	<!-- POP 발주 저장(UPDATE) -->
	<update id="popOrdrgMgtDao.updatePopOrdrg">
 		<![CDATA[ 	
 		${queryId}
			UPDATE TB_MPP002 A
			SET 	ORDRG_QTY 	= #{ordrgQty}
		    	  , CNTS 		= #{cnts}
			      , MODER_ID 	= #{usrId}
			      , MOD_DATE 	= SYSDATE
			 WHERE CORP_CD		= #{corpCd}
			   AND BUSIPL_CD	= #{busiplCd}
			   AND DEPT_CD		= #{deptCd}
			   AND ORDRG_DT		= TO_DATE(#{ordrgDt}, 'YYYYMMDD')
			   AND SEQC_NO		= #{seqcNo}
        ]]>
	</update>

	<!-- POP 발주 저장(UPDATE) 삭제여부 -->
	<delete id="popOrdrgMgtDao.deletePopOrdrg">
 		<![CDATA[ 	
 		${queryId}
			UPDATE TB_MPP002 A
			   SET DEL_YN = 'Y'
			 WHERE CORP_CD		= #{corpCd}
			   AND BUSIPL_CD	= #{busiplCd}
			   AND DEPT_CD		= #{deptCd}
			   AND ORDRG_DT		= TO_DATE(#{ordrgDt}, 'YYYYMMDD')
			   AND SEQC_NO		= #{seqcNo}
        ]]>
	</delete>
	
	
	<!-- POP 마감여부 체크 -->
	<select id="popOrdrgMgtDao.retrievePopCloseChk" resultType="ohMap">		
 		<![CDATA[
 		${queryId}
		SELECT CASE WHEN count(*) > 0 then 'Y' ELSE 'N'
			       END   as POP_CLS_YN									
		  FROM TB_MPP004 A										
		 WHERE A.CORP_CD = #{corpCd}										
		   AND A.POP_CD  = #{popCd}										
		   AND A.ORDRG_DT =  TO_DATE(#{ordrgDt}, 'YYYYMMDD')
		]]>
	</select>

</mapper>
