<?xml version="1.0" encoding="UTF-8"?>
<!DOCTYPE mapper   PUBLIC "-//mybatis.org//DTD Mapper 3.0//EN" "http://mybatis.org/dtd/mybatis-3-mapper.dtd">
<mapper namespace="popSntcRgtMgtDao">

<!-- 2025-06-18 Amazon Q Developer : Converted SUBSTR to SUBSTRING for PostgreSQL compatibility -->
<!-- POP문구등록 조회 -->
<select id="popSntcRgtMgtDao.retrievePopSntcList" resultType="ohMap">
 		<![CDATA[
 			${queryId}
			SELECT '0' AS CHK
			     , A.DEL_YN
			     , A.CORP_CD
			     , A.POP_CD
			     , B.POP_NM
			     , A.SEQC_NO
			     , A.SEQC_NO AS OLD_SEQC_NO
			     , A.POP_CNTS
			     , A.DRNG_CD AS LGCSF_CD
			     , A.DRNG_CD || A.SM_CD AS SMCSF_CD
			  FROM TB_MPP001 A
			     , TB_MPP003 B
			 WHERE A.CORP_CD = B.CORP_CD
			   AND A.POP_CD  = B.POP_CD
			   AND A.CORP_CD = #{corpCd}
		]]>
		<if test="lgcsfCd != null and lgcsfCd !=''">
			AND A.DRNG_CD = #{lgcsfCd}
		</if>
		<if test="smcsfCd != null and smcsfCd !=''">
			AND A.SM_CD   = SUBSTRING(#{smcsfCd}, 6, 2)
		</if>	
		<![CDATA[
		    ORDER BY B.POP_NM , A.SEQC_NO
		]]>
	</select>

<!-- 2025-06-18 Amazon Q Developer : Converted NVL to COALESCE, SYSDATE to CURRENT_TIMESTAMP, SUBSTR to SUBSTRING for PostgreSQL compatibility -->
<!-- POP문구등록 저장(INSERT) -->
<insert id="popSntcRgtMgtDao.insertPopSntcMgt">
 		<![CDATA[ 	
 		${queryId}
		INSERT INTO TB_MPP001   
		 (
		    CORP_CD
		    , DRNG_CD
		    , SM_CD
		    , POP_CD
		    , SEQC_NO
		    , POP_CNTS
		    , DEL_YN
		    , RGTER_ID
		    , RGT_DATE
		    , MODER_ID
		    , MOD_DATE
		  )
		VALUES 
		 (
			#{corpCd}
			, #{lgcsfCd}
			, SUBSTRING(#{smcsfCd}, 6, 2)
			, #{popCd}
			, (SELECT COALESCE(MAX(SEQC_NO), 0)+1 FROM TB_MPP001
			    WHERE CORP_CD = #{corpCd}
			      AND DRNG_CD = #{lgcsfCd}
                  AND SM_CD   = SUBSTRING(#{smcsfCd}, 6, 2)
                  AND POP_CD  = #{popCd}
              )
			, #{popCnts}
			, 'N'
			, #{usrId}
			, CURRENT_TIMESTAMP
			, #{usrId}
			, CURRENT_TIMESTAMP
		 )
	]]>
	</insert>

<!-- 2025-06-18 Amazon Q Developer : Converted SYSDATE to CURRENT_TIMESTAMP, SUBSTR to SUBSTRING for PostgreSQL compatibility -->
<!-- POP문구등록 저장(UPDATE) -->
<update id="popSntcRgtMgtDao.updatePopSntcMgt">
 		<![CDATA[ 	
 		${queryId}
			UPDATE TB_MPP001 A
			SET 	POP_CNTS 	= #{popCnts}
		    	  , DEL_YN 		= #{delYn}
			      , MODER_ID 	= #{usrId}
			      , MOD_DATE 	= CURRENT_TIMESTAMP
			WHERE CORP_CD		= #{corpCd}
			   AND DRNG_CD		= #{lgcsfCd}
			   AND SM_CD		= SUBSTRING(#{smcsfCd}, 6, 2)
			   AND POP_CD		= #{popCd}
			   AND SEQC_NO		= #{oldSeqcNo}
        ]]>
	</update>

<!-- 2025-06-18 Amazon Q Developer : No Oracle-specific features found, file copied as-is -->
<!-- POP문구등록 저장(UPDATE) 삭제여부 -->
<delete id="popSntcRgtMgtDao.deletePopSntcMgt">
 		<![CDATA[ 	
 		${queryId}
			UPDATE TB_MPP001 A
			   SET DEL_YN = 'Y'
			 WHERE CORP_CD		= #{corpCd}
			   AND VSS_CD		= #{vssCd}
			   AND DRNG_CD		= #{drngCd}
			   AND SM_CD		= #{smCd}
        ]]>
	</delete>

</mapper>
