<?xml version="1.0" encoding="UTF-8"?>
<!DOCTYPE mapper   PUBLIC "-//mybatis.org//DTD Mapper 3.0//EN" "http://mybatis.org/dtd/mybatis-3-mapper.dtd">
<mapper namespace="comCodeDao">

<select id="comCodeDao.retrieveCode" resultType="ohMap">
		
 		<![CDATA[
			${queryId}
			SELECT  '0' CHK
					,HRNK_COM_CD
			 		,GRP_CD 
		            ,COM_CD 
		            ,COM_CD_NM 
		            ,SORT_SEQC  
		            ,USE_YN 
		            ,RGTER_ID 
		            ,RGT_DATE  
		            ,MODER_ID 
		            ,MOD_DATE 
		            ,RMK
			   FROM TB_COM001
			  WHERE 1=1
		]]>
			  <if test="comCd != null and comCd != ''">
			  AND COM_CD LIKE '%'||#{comCd}||'%'
			  </if>
			  <if test="comCdNm != null and comCdNm != ''">
			  AND COM_CD_NM LIKE '%'||#{comCdNm}||'%'
			  </if>
			  <if test="grpCd != null and grpCd != ''">
                AND GRP_CD = #{grpCd}
			  </if>
			  <if test="hrnkComCd != null and hrnkComCd != ''">
         		AND HRNK_COM_CD = #{hrnkComCd}
			  </if>
		<![CDATA[
			ORDER BY SORT_SEQC
		]]>

	</select>
</mapper>
